dist_id,year,state_name,dist_num,div_name,reg_name,population,households,income_mean,income_median
20100101,2010,Alabama,1,East South Central,South,677124,257363,56863,42333
20100102,2010,Alabama,2,East South Central,South,666019,255597,54329,40626
20100103,2010,Alabama,3,East South Central,South,671363,262462,51754,38260
20100104,2010,Alabama,4,East South Central,South,656059,253993,50629,37889
20100105,2010,Alabama,5,East South Central,South,699978,276654,62763,46786
20100106,2010,Alabama,6,East South Central,South,732630,283127,79855,57797
20100107,2010,Alabama,7,East South Central,South,609478,232014,43387,31875
20100200,2010,Alaska,0,Pacific,West,691189,248248,82091,66521
20100401,2010,Arizona,1,Mountain,West,747702,265832,54962,42336
20100402,2010,Arizona,2,Mountain,West,938691,355636,66074,52833
20100403,2010,Arizona,3,Mountain,West,708717,280622,82006,57733
20100404,2010,Arizona,4,Mountain,West,693056,216243,48426,36542
20100405,2010,Arizona,5,Mountain,West,662452,277687,87628,60724
20100406,2010,Arizona,6,Mountain,West,931574,341172,74957,60444
20100407,2010,Arizona,7,Mountain,West,827686,280221,51089,39963
20100408,2010,Arizona,8,Mountain,West,736938,309055,68185,51230
20100501,2010,Arkansas,1,West South Central,South,683062,265420,47093,35025
20100502,2010,Arkansas,2,West South Central,South,733457,291404,60480,44379
20100503,2010,Arkansas,3,West South Central,South,799905,306901,56286,41615
20100504,2010,Arkansas,4,West South Central,South,656260,253429,47722,35424
20100601,2010,California,1,Pacific,West,694789,261899,70093,50805
20100602,2010,California,2,Pacific,West,702992,266218,59176,44266
20100603,2010,California,3,Pacific,West,768243,278630,82202,66263
20100604,2010,California,4,Pacific,West,760078,293007,82857,64849
20100605,2010,California,5,Pacific,West,691447,256707,61202,47715
20100606,2010,California,6,Pacific,West,651689,259712,99824,70712
20100607,2010,California,7,Pacific,West,650971,225233,79331,64508
20100608,2010,California,8,Pacific,West,648162,283053,100215,67894
20100609,2010,California,9,Pacific,West,638175,251066,81428,55237
20100610,2010,California,10,Pacific,West,695701,250670,105864,81518
20100611,2010,California,11,Pacific,West,775046,259300,101845,77900
20100612,2010,California,12,Pacific,West,643421,237000,113431,86482
20100613,2010,California,13,Pacific,West,652485,215912,92578,76547
20100614,2010,California,14,Pacific,West,643428,242063,135791,94875
20100615,2010,California,15,Pacific,West,664069,233086,108354,88090
20100616,2010,California,16,Pacific,West,656799,204769,98420,76454
20100617,2010,California,17,Pacific,West,649410,209378,79291,59495
20100618,2010,California,18,Pacific,West,714420,212641,55428,42658
20100619,2010,California,19,Pacific,West,748172,252082,70819,53757
20100620,2010,California,20,Pacific,West,719179,185107,46063,35085
20100621,2010,California,21,Pacific,West,766633,233803,63783,48471
20100622,2010,California,22,Pacific,West,774988,260773,72312,55679
20100623,2010,California,23,Pacific,West,682294,228628,77796,56960
20100624,2010,California,24,Pacific,West,673157,232633,100799,78937
20100625,2010,California,25,Pacific,West,811708,247630,77565,62381
20100626,2010,California,26,Pacific,West,688374,228163,101380,77092
20100627,2010,California,27,Pacific,West,673599,228136,77538,59392
20100628,2010,California,28,Pacific,West,648160,212227,80364,52152
20100629,2010,California,29,Pacific,West,642141,234657,82322,59776
20100630,2010,California,30,Pacific,West,655332,293781,131732,80507
20100631,2010,California,31,Pacific,West,623460,197385,50884,36469
20100632,2010,California,32,Pacific,West,638388,172174,65855,52719
20100633,2010,California,33,Pacific,West,643701,251639,65260,43186
20100634,2010,California,34,Pacific,West,641344,180001,51353,38383
20100635,2010,California,35,Pacific,West,655203,205198,57825,42713
20100636,2010,California,36,Pacific,West,659571,259827,95551,69375
20100637,2010,California,37,Pacific,West,645349,196639,60957,46964
20100638,2010,California,38,Pacific,West,642321,169091,65855,54326
20100639,2010,California,39,Pacific,West,643494,175875,69102,56364
20100640,2010,California,40,Pacific,West,659533,209866,87855,69707
20100641,2010,California,41,Pacific,West,777326,264191,66088,51170
20100642,2010,California,42,Pacific,West,667134,215226,107704,88819
20100643,2010,California,43,Pacific,West,731376,190844,60532,49836
20100644,2010,California,44,Pacific,West,827746,246619,91082,70452
20100645,2010,California,45,Pacific,West,873781,294236,73973,54027
20100646,2010,California,46,Pacific,West,643163,244407,103804,76031
20100647,2010,California,47,Pacific,West,624885,152364,64214,52723
20100648,2010,California,48,Pacific,West,705558,271412,122073,86989
20100649,2010,California,49,Pacific,West,773251,245501,76280,61437
20100650,2010,California,50,Pacific,West,737327,263027,106288,79032
20100651,2010,California,51,Pacific,West,732145,212094,64704,51158
20100652,2010,California,52,Pacific,West,667164,240423,87706,70747
20100653,2010,California,53,Pacific,West,639008,256849,71481,51061
20100801,2010,Colorado,1,Mountain,West,638493,281699,68799,45045
20100802,2010,Colorado,2,Mountain,West,711312,271026,84167,65156
20100803,2010,Colorado,3,Mountain,West,692623,276915,63227,47651
20100804,2010,Colorado,4,Mountain,West,706805,270371,67979,52067
20100805,2010,Colorado,5,Mountain,West,701838,266401,69875,54352
20100806,2010,Colorado,6,Mountain,West,770811,289941,106033,85841
20100807,2010,Colorado,7,Mountain,West,665179,262606,64699,51305
20100901,2010,Connecticut,1,New England,Northeast,706556,279915,79230,61717
20100902,2010,Connecticut,2,New England,Northeast,724646,274303,87570,70796
20100903,2010,Connecticut,3,New England,Northeast,707713,276706,80047,62090
20100904,2010,Connecticut,4,New England,Northeast,698418,255672,140453,83791
20100905,2010,Connecticut,5,New England,Northeast,708504,272622,87760,65725
20101000,2010,Delaware,0,South Atlantic,South,881278,331639,74703,57599
20101198,2010,District of Columbia,98,South Atlantic,South,584400,257317,91778,58526
20101201,2010,Florida,1,South Atlantic,South,691673,264174,60866,47257
20101202,2010,Florida,2,South Atlantic,South,722780,279575,59433,44103
20101203,2010,Florida,3,South Atlantic,South,657444,243515,44265,34382
20101204,2010,Florida,4,South Atlantic,South,727944,276742,71456,54160
20101205,2010,Florida,5,South Atlantic,South,909672,365247,58088,45352
20101206,2010,Florida,6,South Atlantic,South,800372,310519,61448,46815
20101207,2010,Florida,7,South Atlantic,South,800390,310384,71097,50780
20101208,2010,Florida,8,South Atlantic,South,793390,304056,68478,50497
20101209,2010,Florida,9,South Atlantic,South,748521,300935,72097,51187
20101210,2010,Florida,10,South Atlantic,South,632360,285164,63101,45641
20101211,2010,Florida,11,South Atlantic,South,674050,266817,56821,39605
20101212,2010,Florida,12,South Atlantic,South,810398,304258,58487,46057
20101213,2010,Florida,13,South Atlantic,South,749095,320427,68198,48592
20101214,2010,Florida,14,South Atlantic,South,848196,349396,78004,52244
20101215,2010,Florida,15,South Atlantic,South,797517,319283,64517,47978
20101216,2010,Florida,16,South Atlantic,South,785893,309219,68138,47617
20101217,2010,Florida,17,South Atlantic,South,649459,213945,47680,36812
20101218,2010,Florida,18,South Atlantic,South,684490,266278,70469,40934
20101219,2010,Florida,19,South Atlantic,South,728946,307027,70931,50239
20101220,2010,Florida,20,South Atlantic,South,681085,280817,80631,55466
20101221,2010,Florida,21,South Atlantic,South,674396,221510,66757,48408
20101222,2010,Florida,22,South Atlantic,South,683288,296179,95271,61940
20101223,2010,Florida,23,South Atlantic,South,681896,231372,49734,38201
20101224,2010,Florida,24,South Atlantic,South,778677,293836,70248,54670
20101225,2010,Florida,25,South Atlantic,South,799688,232169,68923,54438
20101301,2010,Georgia,1,South Atlantic,South,706740,261701,56475,42820
20101302,2010,Georgia,2,South Atlantic,South,632091,229566,47608,33992
20101303,2010,Georgia,3,South Atlantic,South,790476,285693,69994,56465
20101304,2010,Georgia,4,South Atlantic,South,652410,237444,61553,47403
20101305,2010,Georgia,5,South Atlantic,South,621008,261691,80132,47038
20101306,2010,Georgia,6,South Atlantic,South,743020,282125,105952,79360
20101307,2010,Georgia,7,South Atlantic,South,880763,297122,79302,64239
20101308,2010,Georgia,8,South Atlantic,South,702807,253836,55516,42679
20101309,2010,Georgia,9,South Atlantic,South,800457,294009,63988,48148
20101310,2010,Georgia,10,South Atlantic,South,718988,266865,59619,42650
20101311,2010,Georgia,11,South Atlantic,South,774024,278287,66675,52806
20101312,2010,Georgia,12,South Atlantic,South,682424,245310,48531,36381
20101313,2010,Georgia,13,South Atlantic,South,763607,275055,62044,49989
20101501,2010,Hawaii,1,Pacific,West,651363,223380,85398,67708
20101502,2010,Hawaii,2,Pacific,West,682228,218887,80627,65174
20101601,2010,Idaho,1,Mountain,West,816163,306515,60273,47651
20101602,2010,Idaho,2,Mountain,West,710634,263768,58514,45101
20101701,2010,Illinois,1,East North Central,Midwest,602790,222374,56080,41675
20101702,2010,Illinois,2,East North Central,Midwest,614084,221020,56684,45454
20101703,2010,Illinois,3,East North Central,Midwest,654740,229661,72650,56455
20101704,2010,Illinois,4,East North Central,Midwest,590012,185936,58044,42881
20101705,2010,Illinois,5,East North Central,Midwest,656661,261507,82892,60153
20101706,2010,Illinois,6,East North Central,Midwest,653006,237004,88807,70644
20101707,2010,Illinois,7,East North Central,Midwest,618825,257255,85147,51176
20101708,2010,Illinois,8,East North Central,Midwest,725249,262252,91693,73854
20101709,2010,Illinois,9,East North Central,Midwest,624222,255142,76947,55591
20101710,2010,Illinois,10,East North Central,Midwest,650636,233552,124927,82407
20101711,2010,Illinois,11,East North Central,Midwest,753379,271605,70374,59225
20101712,2010,Illinois,12,East North Central,Midwest,663212,260999,55620,43348
20101713,2010,Illinois,13,East North Central,Midwest,758577,267343,108289,83475
20101714,2010,Illinois,14,East North Central,Midwest,818417,279959,82640,66411
20101715,2010,Illinois,15,East North Central,Midwest,679419,267569,60864,46640
20101716,2010,Illinois,16,East North Central,Midwest,716138,267992,70250,56170
20101717,2010,Illinois,17,East North Central,Midwest,632503,257196,53003,41182
20101718,2010,Illinois,18,East North Central,Midwest,664509,266843,66300,51738
20101719,2010,Illinois,19,East North Central,Midwest,668980,264742,61570,48938
20101801,2010,Indiana,1,East North Central,Midwest,701237,261219,62786,51246
20101802,2010,Indiana,2,East North Central,Midwest,679346,258343,56407,44031
20101803,2010,Indiana,3,East North Central,Midwest,718587,272510,61372,49110
20101804,2010,Indiana,4,East North Central,Midwest,774798,291768,68588,54365
20101805,2010,Indiana,5,East North Central,Midwest,789374,302830,79983,60894
20101806,2010,Indiana,6,East North Central,Midwest,674496,261589,55205,43920
20101807,2010,Indiana,7,East North Central,Midwest,668432,268973,51011,38300
20101808,2010,Indiana,8,East North Central,Midwest,690926,268393,56649,44265
20101809,2010,Indiana,9,East North Central,Midwest,720202,279777,56455,45100
20101901,2010,Iowa,1,West North Central,Midwest,591061,238637,60446,47462
20101902,2010,Iowa,2,West North Central,Midwest,613464,248385,62231,48754
20101903,2010,Iowa,3,West North Central,Midwest,631575,253128,67496,53638
20101904,2010,Iowa,4,West North Central,Midwest,604061,244656,61361,48412
20101905,2010,Iowa,5,West North Central,Midwest,576106,231148,57134,45998
20102001,2010,Kansas,1,West North Central,Midwest,650151,258187,54791,43533
20102002,2010,Kansas,2,West North Central,Midwest,700699,274446,59060,46347
20102003,2010,Kansas,3,West North Central,Midwest,752081,292400,82544,62693
20102004,2010,Kansas,4,West North Central,Midwest,706398,276639,61854,47295
20102101,2010,Kentucky,1,East South Central,South,684207,270404,48537,36980
20102102,2010,Kentucky,2,East South Central,South,744366,282582,55277,43699
20102103,2010,Kentucky,3,East South Central,South,709600,293128,63016,45558
20102104,2010,Kentucky,4,East South Central,South,731932,276952,64239,49619
20102105,2010,Kentucky,5,East South Central,South,670841,253914,41750,28430
20102106,2010,Kentucky,6,East South Central,South,744882,299728,61059,45375
20102201,2010,Louisiana,1,West South Central,South,667724,256935,71283,51723
20102202,2010,Louisiana,2,West South Central,South,453668,167529,54502,38138
20102203,2010,Louisiana,3,West South Central,South,628138,221963,59629,46319
20102204,2010,Louisiana,4,West South Central,South,659131,248525,54920,39731
20102205,2010,Louisiana,5,West South Central,South,641861,233581,51610,36952
20102206,2010,Louisiana,6,West South Central,South,711872,260923,66274,49145
20102207,2010,Louisiana,7,West South Central,South,667546,251709,58786,42171
20102301,2010,Maine,1,New England,Northeast,668076,278015,67552,53333
20102302,2010,Maine,2,New England,Northeast,659589,273110,52386,40966
20102401,2010,Maryland,1,South Atlantic,South,733753,275012,89238,69584
20102402,2010,Maryland,2,South Atlantic,South,689940,269328,70272,57333
20102403,2010,Maryland,3,South Atlantic,South,708443,276925,93403,71488
20102404,2010,Maryland,4,South Atlantic,South,702105,252655,91975,73466
20102405,2010,Maryland,5,South Atlantic,South,756668,263841,99062,85026
20102406,2010,Maryland,6,South Atlantic,South,735079,270426,85390,69830
20102407,2010,Maryland,7,South Atlantic,South,660523,244295,75234,52879
20102408,2010,Maryland,8,South Atlantic,South,709912,268565,125852,89303
20102501,2010,Massachusetts,1,New England,Northeast,643079,251593,68007,54015
20102502,2010,Massachusetts,2,New England,Northeast,657091,250303,71716,57681
20102503,2010,Massachusetts,3,New England,Northeast,657820,251056,83630,64733
20102504,2010,Massachusetts,4,New England,Northeast,651798,245568,99586,68724
20102505,2010,Massachusetts,5,New England,Northeast,651655,237983,93119,70695
20102506,2010,Massachusetts,6,New England,Northeast,643476,248467,94128,72593
20102507,2010,Massachusetts,7,New England,Northeast,637550,253278,94298,71862
20102508,2010,Massachusetts,8,New England,Northeast,646389,263476,75133,50246
20102509,2010,Massachusetts,9,New England,Northeast,642662,244022,92445,71353
20102510,2010,Massachusetts,10,New England,Northeast,645576,266806,88167,67773
20102601,2010,Michigan,1,East North Central,Midwest,656230,272742,51966,40444
20102602,2010,Michigan,2,East North Central,Midwest,698401,261809,58631,46597
20102603,2010,Michigan,3,East North Central,Midwest,692416,260795,63954,49866
20102604,2010,Michigan,4,East North Central,Midwest,686137,266238,57052,43578
20102605,2010,Michigan,5,East North Central,Midwest,646613,252991,53795,41735
20102606,2010,Michigan,6,East North Central,Midwest,670991,262490,59044,44653
20102607,2010,Michigan,7,East North Central,Midwest,680402,260628,61592,49387
20102608,2010,Michigan,8,East North Central,Midwest,705271,265361,72783,58660
20102609,2010,Michigan,9,East North Central,Midwest,659466,266370,97485,69771
20102610,2010,Michigan,10,East North Central,Midwest,717134,270756,69236,56539
20102611,2010,Michigan,11,East North Central,Midwest,691726,265590,80642,64654
20102612,2010,Michigan,12,East North Central,Midwest,644564,271051,59030,47799
20102613,2010,Michigan,13,East North Central,Midwest,540874,195842,46941,31263
20102614,2010,Michigan,14,East North Central,Midwest,578261,210011,47681,35629
20102615,2010,Michigan,15,East North Central,Midwest,684201,261323,67465,52600
20102701,2010,Minnesota,1,West North Central,Midwest,639740,254419,63950,50985
20102702,2010,Minnesota,2,West North Central,Midwest,720097,265173,88226,74073
20102703,2010,Minnesota,3,West North Central,Midwest,639968,251455,100994,74323
20102704,2010,Minnesota,4,West North Central,Midwest,608988,246296,71422,53501
20102705,2010,Minnesota,5,West North Central,Midwest,611650,268745,67015,50018
20102706,2010,Minnesota,6,West North Central,Midwest,741269,269438,82465,69664
20102707,2010,Minnesota,7,West North Central,Midwest,623429,254714,57506,46732
20102708,2010,Minnesota,8,West North Central,Midwest,656773,275677,57723,46953
20102801,2010,Mississippi,1,East South Central,South,777476,290276,51749,39351
20102802,2010,Mississippi,2,East South Central,South,674718,235252,44745,30914
20102803,2010,Mississippi,3,East South Central,South,750209,282141,56696,39065
20102804,2010,Mississippi,4,East South Central,South,739588,273383,55576,41657
20102901,2010,Missouri,1,West North Central,Midwest,590880,242020,55891,40438
20102902,2010,Missouri,2,West North Central,Midwest,693987,263464,94998,73380
20102903,2010,Missouri,3,West North Central,Midwest,622705,258432,64926,50958
20102904,2010,Missouri,4,West North Central,Midwest,672194,260967,53546,42727
20102905,2010,Missouri,5,West North Central,Midwest,628294,257459,58663,44929
20102906,2010,Missouri,6,West North Central,Midwest,680151,266243,65103,52026
20102907,2010,Missouri,7,West North Central,Midwest,708446,282753,53606,41038
20102908,2010,Missouri,8,West North Central,Midwest,650857,255397,46303,35231
20102909,2010,Missouri,9,West North Central,Midwest,674800,263220,57670,44694
20103000,2010,Montana,0,Mountain,West,973739,401328,56886,43872
20103101,2010,Nebraska,1,West North Central,Midwest,615175,241873,62411,50653
20103102,2010,Nebraska,2,West North Central,Midwest,624827,243323,70910,54129
20103103,2010,Nebraska,3,West North Central,Midwest,559123,226575,54213,43458
20103201,2010,Nevada,1,Mountain,West,805035,286127,64709,49754
20103202,2010,Nevada,2,Mountain,West,823084,314561,71056,54521
20103203,2010,Nevada,3,Mountain,West,1005212,378933,78580,61693
20103301,2010,New Hampshire,1,New England,Northeast,656515,258171,80388,64696
20103302,2010,New Hampshire,2,New England,Northeast,657424,255633,77810,61699
20103401,2010,New Jersey,1,Middle Atlantic,Northeast,668011,249661,75116,60729
20103402,2010,New Jersey,2,Middle Atlantic,Northeast,688851,255448,73025,57000
20103403,2010,New Jersey,3,Middle Atlantic,Northeast,678541,259434,89664,72086
20103404,2010,New Jersey,4,Middle Atlantic,Northeast,715340,261811,86783,67448
20103405,2010,New Jersey,5,Middle Atlantic,Northeast,662551,236011,121971,92206
20103406,2010,New Jersey,6,Middle Atlantic,Northeast,664028,238083,87767,69429
20103407,2010,New Jersey,7,Middle Atlantic,Northeast,666245,236070,126242,95303
20103408,2010,New Jersey,8,Middle Atlantic,Northeast,655236,220953,86846,61445
20103409,2010,New Jersey,9,Middle Atlantic,Northeast,654879,252960,85276,66135
20103410,2010,New Jersey,10,Middle Atlantic,Northeast,630266,223337,64132,46974
20103411,2010,New Jersey,11,Middle Atlantic,Northeast,671645,244206,132421,98847
20103412,2010,New Jersey,12,Middle Atlantic,Northeast,693308,251114,114554,88041
20103413,2010,New Jersey,13,Middle Atlantic,Northeast,672676,246981,72151,50412
20103501,2010,New Mexico,1,Mountain,West,689123,274704,63154,46532
20103502,2010,New Mexico,2,Mountain,West,650580,234255,51061,38263
20103503,2010,New Mexico,3,Mountain,West,673419,247153,62591,46713
20103601,2010,New York,1,Middle Atlantic,Northeast,698114,243131,102093,82115
20103602,2010,New York,2,Middle Atlantic,Northeast,677603,214716,111737,89849
20103603,2010,New York,3,Middle Atlantic,Northeast,642162,220801,117265,92884
20103604,2010,New York,4,Middle Atlantic,Northeast,656263,210651,106811,85778
20103605,2010,New York,5,Middle Atlantic,Northeast,652316,227979,94578,63726
20103606,2010,New York,6,Middle Atlantic,Northeast,651056,203079,69641,57247
20103607,2010,New York,7,Middle Atlantic,Northeast,658309,238812,59289,47110
20103608,2010,New York,8,Middle Atlantic,Northeast,680695,305767,123869,64921
20103609,2010,New York,9,Middle Atlantic,Northeast,650324,249694,74388,57930
20103610,2010,New York,10,Middle Atlantic,Northeast,671527,239427,57339,41298
20103611,2010,New York,11,Middle Atlantic,Northeast,635908,243123,68351,46276
20103612,2010,New York,12,Middle Atlantic,Northeast,673256,242174,61059,42136
20103613,2010,New York,13,Middle Atlantic,Northeast,674242,244924,80868,63222
20103614,2010,New York,14,Middle Atlantic,Northeast,637631,321915,136348,78093
20103615,2010,New York,15,Middle Atlantic,Northeast,659614,249105,65674,37613
20103616,2010,New York,16,Middle Atlantic,Northeast,673627,223311,34093,23797
20103617,2010,New York,17,Middle Atlantic,Northeast,672924,235878,75837,55241
20103618,2010,New York,18,Middle Atlantic,Northeast,669537,242537,139419,86560
20103619,2010,New York,19,Middle Atlantic,Northeast,696098,240126,105892,82367
20103620,2010,New York,20,Middle Atlantic,Northeast,680064,268726,73270,58046
20103621,2010,New York,21,Middle Atlantic,Northeast,676812,272103,67672,52583
20103622,2010,New York,22,Middle Atlantic,Northeast,677957,260592,65327,50609
20103623,2010,New York,23,Middle Atlantic,Northeast,662780,252651,56518,45130
20103624,2010,New York,24,Middle Atlantic,Northeast,656298,257130,58676,46834
20103625,2010,New York,25,Middle Atlantic,Northeast,665206,262866,67538,52785
20103626,2010,New York,26,Middle Atlantic,Northeast,669731,257294,68963,55515
20103627,2010,New York,27,Middle Atlantic,Northeast,632812,261414,58607,45221
20103628,2010,New York,28,Middle Atlantic,Northeast,616258,255757,50565,37829
20103629,2010,New York,29,Middle Atlantic,Northeast,660628,260057,67139,51315
20103701,2010,North Carolina,1,South Atlantic,South,631529,245362,44080,32876
20103702,2010,North Carolina,2,South Atlantic,South,716190,260824,53787,43203
20103703,2010,North Carolina,3,South Atlantic,South,712491,276624,59944,46325
20103704,2010,North Carolina,4,South Atlantic,South,787014,306799,87088,65478
20103705,2010,North Carolina,5,South Atlantic,South,683885,276092,59093,43896
20103706,2010,North Carolina,6,South Atlantic,South,699308,278020,64733,49659
20103707,2010,North Carolina,7,South Atlantic,South,719299,285389,56169,41033
20103708,2010,North Carolina,8,South Atlantic,South,691368,259291,55780,42819
20103709,2010,North Carolina,9,South Atlantic,South,819888,317483,87948,62942
20103710,2010,North Carolina,10,South Atlantic,South,679767,262242,55548,41955
20103711,2010,North Carolina,11,South Atlantic,South,692598,294885,54893,41164
20103712,2010,North Carolina,12,South Atlantic,South,705121,273872,52590,39776
20103713,2010,North Carolina,13,South Atlantic,South,732720,289296,62216,46173
20103800,2010,North Dakota,0,West North Central,Midwest,659858,276642,60581,46781
20103901,2010,Ohio,1,East North Central,Midwest,595205,239525,57870,42472
20103902,2010,Ohio,2,East North Central,Midwest,670670,261938,77983,57370
20103903,2010,Ohio,3,East North Central,Midwest,642315,257911,62988,47666
20103904,2010,Ohio,4,East North Central,Midwest,634600,244893,56345,45799
20103905,2010,Ohio,5,East North Central,Midwest,630962,244447,58673,48109
20103906,2010,Ohio,6,East North Central,Midwest,624551,247621,51890,39527
20103907,2010,Ohio,7,East North Central,Midwest,676955,256917,61847,49920
20103908,2010,Ohio,8,East North Central,Midwest,659944,251803,62808,50417
20103909,2010,Ohio,9,East North Central,Midwest,622019,249565,59298,44664
20103910,2010,Ohio,10,East North Central,Midwest,600256,252109,59988,46246
20103911,2010,Ohio,11,East North Central,Midwest,555538,234037,52600,35280
20103912,2010,Ohio,12,East North Central,Midwest,732103,287195,78004,57431
20103913,2010,Ohio,13,East North Central,Midwest,643665,257968,66064,50919
20103914,2010,Ohio,14,East North Central,Midwest,645668,252563,77377,58719
20103915,2010,Ohio,15,East North Central,Midwest,673708,265524,65919,50725
20103916,2010,Ohio,16,East North Central,Midwest,644278,251536,62245,48419
20103917,2010,Ohio,17,East North Central,Midwest,608336,246427,52122,41231
20103918,2010,Ohio,18,East North Central,Midwest,651658,250291,50835,40524
20104001,2010,Oklahoma,1,West South Central,South,735690,294842,65034,47185
20104002,2010,Oklahoma,2,West South Central,South,722305,275966,47891,36873
20104003,2010,Oklahoma,3,West South Central,South,719052,273671,55984,42788
20104004,2010,Oklahoma,4,West South Central,South,763036,288723,59291,46871
20104005,2010,Oklahoma,5,West South Central,South,735256,288503,61588,41928
20104101,2010,Oregon,1,Pacific,West,782216,310135,76165,57999
20104102,2010,Oregon,2,Pacific,West,760899,305701,57778,44768
20104103,2010,Oregon,3,Pacific,West,741792,295817,64772,50645
20104104,2010,Oregon,4,Pacific,West,731888,301638,55043,42238
20104105,2010,Oregon,5,Pacific,West,745130,285976,69014,51843
20104201,2010,Pennsylvania,1,Middle Atlantic,Northeast,648477,236816,46599,32752
20104202,2010,Pennsylvania,2,Middle Atlantic,Northeast,617131,251135,54903,36188
20104203,2010,Pennsylvania,3,Middle Atlantic,Northeast,640580,252125,55754,43707
20104204,2010,Pennsylvania,4,Middle Atlantic,Northeast,643630,258350,76866,55977
20104205,2010,Pennsylvania,5,Middle Atlantic,Northeast,651688,256241,52407,41214
20104206,2010,Pennsylvania,6,Middle Atlantic,Northeast,717367,272764,96741,70541
20104207,2010,Pennsylvania,7,Middle Atlantic,Northeast,668126,254539,94925,71241
20104208,2010,Pennsylvania,8,Middle Atlantic,Northeast,669299,246463,93896,74012
20104209,2010,Pennsylvania,9,Middle Atlantic,Northeast,664701,260535,55571,44639
20104210,2010,Pennsylvania,10,Middle Atlantic,Northeast,666633,262314,58495,45286
20104211,2010,Pennsylvania,11,Middle Atlantic,Northeast,682974,268687,56434,44271
20104212,2010,Pennsylvania,12,Middle Atlantic,Northeast,614480,253138,50232,39187
20104213,2010,Pennsylvania,13,Middle Atlantic,Northeast,671165,252510,81219,60525
20104214,2010,Pennsylvania,14,Middle Atlantic,Northeast,590107,262138,51379,36698
20104215,2010,Pennsylvania,15,Middle Atlantic,Northeast,711324,272318,71936,57030
20104216,2010,Pennsylvania,16,Middle Atlantic,Northeast,710569,260342,72896,55640
20104217,2010,Pennsylvania,17,Middle Atlantic,Northeast,676182,269823,62658,51139
20104218,2010,Pennsylvania,18,Middle Atlantic,Northeast,650445,268339,73015,56491
20104219,2010,Pennsylvania,19,Middle Atlantic,Northeast,717827,282004,70235,58036
20104401,2010,Rhode Island,1,New England,Northeast,523375,206909,71246,53111
20104402,2010,Rhode Island,2,New England,Northeast,533014,203396,72634,56789
20104501,2010,South Carolina,1,South Atlantic,South,825314,331490,66464,49537
20104502,2010,South Carolina,2,South Atlantic,South,797635,310274,68590,51842
20104503,2010,South Carolina,3,South Atlantic,South,711295,275598,54609,41260
20104504,2010,South Carolina,4,South Atlantic,South,750127,291960,60494,44576
20104505,2010,South Carolina,5,South Atlantic,South,749068,282915,53530,40787
20104506,2010,South Carolina,6,South Atlantic,South,677989,249757,46060,33925
20104600,2010,South Dakota,0,West North Central,Midwest,799462,315468,59729,46369
20104701,2010,Tennessee,1,East South Central,South,676858,282423,50030,37116
20104702,2010,Tennessee,2,East South Central,South,710198,292595,61404,45735
20104703,2010,Tennessee,3,East South Central,South,680072,271893,57311,41457
20104704,2010,Tennessee,4,East South Central,South,679715,267930,49872,37962
20104705,2010,Tennessee,5,East South Central,South,688469,278836,64150,46532
20104706,2010,Tennessee,6,East South Central,South,765750,288966,58797,46850
20104707,2010,Tennessee,7,East South Central,South,766798,279757,83360,61949
20104708,2010,Tennessee,8,East South Central,South,656125,249300,50654,38170
20104709,2010,Tennessee,9,East South Central,South,610983,231775,55297,37369
20104801,2010,Texas,1,West South Central,South,708897,263588,58500,42089
20104802,2010,Texas,2,West South Central,South,755618,262379,74872,57418
20104803,2010,Texas,3,West South Central,South,813018,292722,91963,68916
20104804,2010,Texas,4,West South Central,South,813646,292636,67203,52182
20104805,2010,Texas,5,West South Central,South,708807,251689,64042,48709
20104806,2010,Texas,6,West South Central,South,786162,279055,69297,54518
20104807,2010,Texas,7,West South Central,South,762032,312970,108239,70152
20104808,2010,Texas,8,West South Central,South,801094,285052,72604,52424
20104809,2010,Texas,9,West South Central,South,712671,244666,51561,38091
20104810,2010,Texas,10,West South Central,South,922082,330169,82679,62488
20104811,2010,Texas,11,West South Central,South,695286,258727,62732,44799
20104812,2010,Texas,12,West South Central,South,800623,288264,70574,53652
20104813,2010,Texas,13,West South Central,South,666053,244794,58481,44056
20104814,2010,Texas,14,West South Central,South,750607,268007,75190,56895
20104815,2010,Texas,15,West South Central,South,759240,227354,48453,34084
20104816,2010,Texas,16,West South Central,South,730966,232671,50850,36512
20104817,2010,Texas,17,West South Central,South,738346,263225,59110,44183
20104818,2010,Texas,18,West South Central,South,698626,240439,52970,37339
20104819,2010,Texas,19,West South Central,South,683504,250436,56506,41522
20104820,2010,Texas,20,West South Central,South,690971,241182,47312,37347
20104821,2010,Texas,21,West South Central,South,822785,317434,85766,61067
20104822,2010,Texas,22,West South Central,South,869322,292856,89760,71345
20104823,2010,Texas,23,West South Central,South,813479,262464,64302,45765
20104824,2010,Texas,24,West South Central,South,771389,291192,82779,60516
20104825,2010,Texas,25,West South Central,South,774395,295402,65285,48570
20104826,2010,Texas,26,West South Central,South,867862,301552,80529,62323
20104827,2010,Texas,27,West South Central,South,726932,234017,53545,37549
20104828,2010,Texas,28,West South Central,South,815320,237811,53164,38938
20104829,2010,Texas,29,West South Central,South,672160,196066,47076,36936
20104830,2010,Texas,30,West South Central,South,690294,239041,53321,37889
20104831,2010,Texas,31,West South Central,South,854207,298585,69098,56373
20104832,2010,Texas,32,West South Central,South,635497,242761,88406,50968
20104901,2010,Utah,1,Mountain,West,870579,289910,68893,55671
20104902,2010,Utah,2,Mountain,West,865134,301925,74105,56207
20104903,2010,Utah,3,Mountain,West,921523,267323,67771,57161
20105000,2010,Vermont,0,New England,Northeast,624258,256612,65886,51841
20105101,2010,Virginia,1,South Atlantic,South,769761,281438,84540,68279
20105102,2010,Virginia,2,South Atlantic,South,641217,237733,74671,59120
20105103,2010,Virginia,3,South Atlantic,South,668989,256835,54526,41976
20105104,2010,Virginia,4,South Atlantic,South,729286,260593,71895,59563
20105105,2010,Virginia,5,South Atlantic,South,678897,270379,57779,43198
20105106,2010,Virginia,6,South Atlantic,South,695556,277896,59763,46344
20105107,2010,Virginia,7,South Atlantic,South,740969,288582,85105,64751
20105108,2010,Virginia,8,South Atlantic,South,662319,289800,114748,89439
20105109,2010,Virginia,9,South Atlantic,South,653420,262129,48522,36843
20105110,2010,Virginia,10,South Atlantic,South,832310,287382,123476,97597
20105111,2010,Virginia,11,South Atlantic,South,769030,261714,126519,105725
20105301,2010,Washington,1,Pacific,West,721710,284899,92044,74263
20105302,2010,Washington,2,Pacific,West,744005,291961,68121,56471
20105303,2010,Washington,3,Pacific,West,759500,294176,67935,54285
20105304,2010,Washington,4,Pacific,West,744200,262529,60502,46713
20105305,2010,Washington,5,Pacific,West,709458,281112,59059,45171
20105306,2010,Washington,6,Pacific,West,699289,281912,61423,48472
20105307,2010,Washington,7,Pacific,West,685056,314113,83680,60144
20105308,2010,Washington,8,Pacific,West,782739,290095,104047,82649
20105309,2010,Washington,9,Pacific,West,715340,276578,69469,56833
20105401,2010,West Virginia,1,South Atlantic,South,610785,245546,51111,38082
20105402,2010,West Virginia,2,South Atlantic,South,641571,257256,56347,42724
20105403,2010,West Virginia,3,South Atlantic,South,588446,238072,45306,33742
20105501,2010,Wisconsin,1,East North Central,Midwest,719817,279416,70652,57440
20105502,2010,Wisconsin,2,East North Central,Midwest,738674,300770,71915,56739
20105503,2010,Wisconsin,3,East North Central,Midwest,722995,285342,60932,49751
20105504,2010,Wisconsin,4,East North Central,Midwest,663624,262631,47818,37030
20105505,2010,Wisconsin,5,East North Central,Midwest,701782,283602,88170,68558
20105506,2010,Wisconsin,6,East North Central,Midwest,701234,282415,61708,50808
20105507,2010,Wisconsin,7,East North Central,Midwest,686792,289611,57462,46144
20105508,2010,Wisconsin,8,East North Central,Midwest,703029,290824,62171,50112
20105600,2010,Wyoming,0,Mountain,West,545579,217688,68283,53802
20110101,2011,Alabama,1,East South Central,South,682277,260593,58422,43500
20110102,2011,Alabama,2,East South Central,South,670518,255744,55817,41597
20110103,2011,Alabama,3,East South Central,South,676384,265030,53019,39255
20110104,2011,Alabama,4,East South Central,South,658662,254413,51657,38517
20110105,2011,Alabama,5,East South Central,South,709210,281063,64221,47707
20110106,2011,Alabama,6,East South Central,South,743270,284525,81138,59073
20110107,2011,Alabama,7,East South Central,South,607103,229901,44555,32567
20110200,2011,Alaska,0,Pacific,West,700703,252920,84767,69014
20110401,2011,Arizona,1,Mountain,West,761376,268630,55827,42940
20110402,2011,Arizona,2,Mountain,West,957202,360945,66347,53389
20110403,2011,Arizona,3,Mountain,West,719034,280460,82276,57932
20110404,2011,Arizona,4,Mountain,West,693435,217614,47880,36090
20110405,2011,Arizona,5,Mountain,West,663148,277421,87952,61298
20110406,2011,Arizona,6,Mountain,West,953274,346556,75480,60652
20110407,2011,Arizona,7,Mountain,West,842822,282404,51593,40043
20110408,2011,Arizona,8,Mountain,West,747082,310185,69538,52315
20110501,2011,Arkansas,1,West South Central,South,685262,266751,48189,35786
20110502,2011,Arkansas,2,West South Central,South,742977,292721,61930,45509
20110503,2011,Arkansas,3,West South Central,South,812739,310046,58331,42274
20110504,2011,Arkansas,4,West South Central,South,654950,251868,48827,36382
20110601,2011,California,1,Pacific,West,699368,262480,72379,51448
20110602,2011,California,2,Pacific,West,706045,265810,59580,44349
20110603,2011,California,3,Pacific,West,776675,279236,83510,66934
20110604,2011,California,4,Pacific,West,767885,294738,83216,64793
20110605,2011,California,5,Pacific,West,698132,258741,61780,47542
20110606,2011,California,6,Pacific,West,657338,259678,101608,71205
20110607,2011,California,7,Pacific,West,654993,226558,81186,65198
20110608,2011,California,8,Pacific,West,657285,285311,103785,69481
20110609,2011,California,9,Pacific,West,643711,252321,85075,56971
20110610,2011,California,10,Pacific,West,703242,251199,107912,83377
20110611,2011,California,11,Pacific,West,787310,262436,103258,78043
20110612,2011,California,12,Pacific,West,647914,237814,117292,88549
20110613,2011,California,13,Pacific,West,660280,217397,94191,76635
20110614,2011,California,14,Pacific,West,650012,243040,140218,97780
20110615,2011,California,15,Pacific,West,670952,233549,112205,90533
20110616,2011,California,16,Pacific,West,667022,205700,101025,78082
20110617,2011,California,17,Pacific,West,656810,209732,80616,60413
20110618,2011,California,18,Pacific,West,716736,212560,55571,42143
20110619,2011,California,19,Pacific,West,757819,253309,70987,53423
20110620,2011,California,20,Pacific,West,731263,186548,47314,35544
20110621,2011,California,21,Pacific,West,777132,236442,64850,48823
20110622,2011,California,22,Pacific,West,784092,263133,73461,56642
20110623,2011,California,23,Pacific,West,688357,228185,79170,57906
20110624,2011,California,24,Pacific,West,678359,232744,102974,80990
20110625,2011,California,25,Pacific,West,825326,251381,78506,62843
20110626,2011,California,26,Pacific,West,692256,230353,102140,77519
20110627,2011,California,27,Pacific,West,682883,228792,78861,60477
20110628,2011,California,28,Pacific,West,649454,212171,83126,53334
20110629,2011,California,29,Pacific,West,642769,235206,84336,60720
20110630,2011,California,30,Pacific,West,663611,293957,136456,82131
20110631,2011,California,31,Pacific,West,616956,196177,51202,36519
20110632,2011,California,32,Pacific,West,641727,172608,67164,53574
20110633,2011,California,33,Pacific,West,642284,250660,67290,44026
20110634,2011,California,34,Pacific,West,641110,181357,52190,38903
20110635,2011,California,35,Pacific,West,652872,205269,58996,42711
20110636,2011,California,36,Pacific,West,662298,258112,98081,70698
20110637,2011,California,37,Pacific,West,647490,196358,63016,48330
20110638,2011,California,38,Pacific,West,643167,168394,67376,55117
20110639,2011,California,39,Pacific,West,645168,175334,70175,57259
20110640,2011,California,40,Pacific,West,666371,209054,90358,71447
20110641,2011,California,41,Pacific,West,783442,265616,67246,51681
20110642,2011,California,42,Pacific,West,667495,214053,109633,89914
20110643,2011,California,43,Pacific,West,737756,190486,60528,49386
20110644,2011,California,44,Pacific,West,842504,247966,93390,72036
20110645,2011,California,45,Pacific,West,894652,297265,74585,54592
20110646,2011,California,46,Pacific,West,646582,245431,105459,76999
20110647,2011,California,47,Pacific,West,627175,151993,65063,53031
20110648,2011,California,48,Pacific,West,716124,274692,123341,88598
20110649,2011,California,49,Pacific,West,785333,247329,76199,60565
20110650,2011,California,50,Pacific,West,752653,264465,106435,79591
20110651,2011,California,51,Pacific,West,745464,214269,65713,51738
20110652,2011,California,52,Pacific,West,670150,238560,89114,71291
20110653,2011,California,53,Pacific,West,645396,257203,73477,52249
20110801,2011,Colorado,1,Mountain,West,651506,285698,71721,47034
20110802,2011,Colorado,2,Mountain,West,721615,273994,86182,66360
20110803,2011,Colorado,3,Mountain,West,700032,279601,64340,48662
20110804,2011,Colorado,4,Mountain,West,718047,273395,68924,52974
20110805,2011,Colorado,5,Mountain,West,713201,270750,71485,55083
20110806,2011,Colorado,6,Mountain,West,790147,295060,108106,87193
20110807,2011,Colorado,7,Mountain,West,671513,262695,66892,52683
20110901,2011,Connecticut,1,New England,Northeast,708663,280968,81715,63088
20110902,2011,Connecticut,2,New England,Northeast,726400,275246,89529,72634
20110903,2011,Connecticut,3,New England,Northeast,709861,275936,82012,63574
20110904,2011,Connecticut,4,New England,Northeast,702950,255552,142800,85124
20110905,2011,Connecticut,5,New England,Northeast,710298,272413,90046,66957
20111000,2011,Delaware,0,South Atlantic,South,890856,332837,76889,59317
20111198,2011,District of Columbia,98,South Atlantic,South,593955,260136,96183,61835
20111201,2011,Florida,1,South Atlantic,South,693030,262108,62029,47601
20111202,2011,Florida,2,South Atlantic,South,731236,281384,60474,44806
20111203,2011,Florida,3,South Atlantic,South,654037,240483,44950,34448
20111204,2011,Florida,4,South Atlantic,South,734264,279361,72499,54742
20111205,2011,Florida,5,South Atlantic,South,932073,370692,58437,45767
20111206,2011,Florida,6,South Atlantic,South,808896,311085,62161,47303
20111207,2011,Florida,7,South Atlantic,South,809717,309759,71411,51058
20111208,2011,Florida,8,South Atlantic,South,805388,305702,69039,50085
20111209,2011,Florida,9,South Atlantic,South,752949,299932,73112,51050
20111210,2011,Florida,10,South Atlantic,South,629005,280803,64385,46552
20111211,2011,Florida,11,South Atlantic,South,676429,265558,57469,39987
20111212,2011,Florida,12,South Atlantic,South,825692,303553,59118,46618
20111213,2011,Florida,13,South Atlantic,South,754674,320658,68509,48774
20111214,2011,Florida,14,South Atlantic,South,855926,346227,78424,51625
20111215,2011,Florida,15,South Atlantic,South,809407,320239,65062,47915
20111216,2011,Florida,16,South Atlantic,South,791791,308232,68817,47393
20111217,2011,Florida,17,South Atlantic,South,647634,209881,48057,36944
20111218,2011,Florida,18,South Atlantic,South,697841,266064,72186,41464
20111219,2011,Florida,19,South Atlantic,South,735050,306783,71413,50033
20111220,2011,Florida,20,South Atlantic,South,685376,278436,82157,56043
20111221,2011,Florida,21,South Atlantic,South,683686,220608,66928,48703
20111222,2011,Florida,22,South Atlantic,South,687666,296868,96466,62209
20111223,2011,Florida,23,South Atlantic,South,684185,229939,49989,37973
20111224,2011,Florida,24,South Atlantic,South,787135,291572,71059,54778
20111225,2011,Florida,25,South Atlantic,South,815700,234169,69246,54628
20111301,2011,Georgia,1,South Atlantic,South,717277,263709,57079,42954
20111302,2011,Georgia,2,South Atlantic,South,632971,229196,47938,33895
20111303,2011,Georgia,3,South Atlantic,South,805202,289864,70700,56537
20111304,2011,Georgia,4,South Atlantic,South,662597,238256,62526,47493
20111305,2011,Georgia,5,South Atlantic,South,627244,262650,81685,47777
20111306,2011,Georgia,6,South Atlantic,South,758393,286437,107456,79805
20111307,2011,Georgia,7,South Atlantic,South,898233,300029,79777,64290
20111308,2011,Georgia,8,South Atlantic,South,707886,254303,56260,42493
20111309,2011,Georgia,9,South Atlantic,South,814711,294715,65434,48740
20111310,2011,Georgia,10,South Atlantic,South,727138,267873,60455,43504
20111311,2011,Georgia,11,South Atlantic,South,783252,280934,67874,53255
20111312,2011,Georgia,12,South Atlantic,South,690425,245982,49801,37185
20111313,2011,Georgia,13,South Atlantic,South,775283,276806,62526,49430
20111501,2011,Hawaii,1,Pacific,West,658547,225165,86857,68851
20111502,2011,Hawaii,2,Pacific,West,688007,220348,81042,65640
20111601,2011,Idaho,1,Mountain,West,830339,310718,60749,48032
20111602,2011,Idaho,2,Mountain,West,719648,264779,59716,45707
20111701,2011,Illinois,1,East North Central,Midwest,596236,219798,56769,41792
20111702,2011,Illinois,2,East North Central,Midwest,612500,220150,58069,45894
20111703,2011,Illinois,3,East North Central,Midwest,657927,229443,73369,57026
20111704,2011,Illinois,4,East North Central,Midwest,592341,186896,59426,43538
20111705,2011,Illinois,5,East North Central,Midwest,654719,259658,85108,60464
20111706,2011,Illinois,6,East North Central,Midwest,655351,236658,90733,71805
20111707,2011,Illinois,7,East North Central,Midwest,625018,259942,87392,52386
20111708,2011,Illinois,8,East North Central,Midwest,731646,262505,93047,74523
20111709,2011,Illinois,9,East North Central,Midwest,627525,256026,78810,56466
20111710,2011,Illinois,10,East North Central,Midwest,650309,232546,125669,83428
20111711,2011,Illinois,11,East North Central,Midwest,757312,271829,71659,59897
20111712,2011,Illinois,12,East North Central,Midwest,664195,260613,57222,44353
20111713,2011,Illinois,13,East North Central,Midwest,765901,269654,109173,83612
20111714,2011,Illinois,14,East North Central,Midwest,830540,281906,84536,67721
20111715,2011,Illinois,15,East North Central,Midwest,680993,268621,63484,48251
20111716,2011,Illinois,16,East North Central,Midwest,718702,268943,71705,56861
20111717,2011,Illinois,17,East North Central,Midwest,633546,255928,54548,42179
20111718,2011,Illinois,18,East North Central,Midwest,664791,266872,67647,52502
20111719,2011,Illinois,19,East North Central,Midwest,670630,265014,63826,50467
20111801,2011,Indiana,1,East North Central,Midwest,703778,261499,64172,51818
20111802,2011,Indiana,2,East North Central,Midwest,679399,259011,56934,44294
20111803,2011,Indiana,3,East North Central,Midwest,720944,272593,62586,50038
20111804,2011,Indiana,4,East North Central,Midwest,783637,294512,69628,55233
20111805,2011,Indiana,5,East North Central,Midwest,801540,307896,81663,61843
20111806,2011,Indiana,6,East North Central,Midwest,676116,261733,56226,44263
20111807,2011,Indiana,7,East North Central,Midwest,671421,267923,51395,37702
20111808,2011,Indiana,8,East North Central,Midwest,692610,266573,58425,45596
20111809,2011,Indiana,9,East North Central,Midwest,724809,281130,57744,45996
20111901,2011,Iowa,1,West North Central,Midwest,593760,238992,62053,48916
20111902,2011,Iowa,2,West North Central,Midwest,617712,249586,64178,50440
20111903,2011,Iowa,3,West North Central,Midwest,637474,253657,69279,54983
20111904,2011,Iowa,4,West North Central,Midwest,607060,245977,63957,50308
20111905,2011,Iowa,5,West North Central,Midwest,576260,230925,59251,47338
20112001,2011,Kansas,1,West North Central,Midwest,651934,258093,56960,44612
20112002,2011,Kansas,2,West North Central,Midwest,705923,274757,61067,47428
20112003,2011,Kansas,3,West North Central,Midwest,760243,294703,84096,63581
20112004,2011,Kansas,4,West North Central,Midwest,712885,276926,63144,48666
20112101,2011,Kentucky,1,East South Central,South,686341,269893,49795,38003
20112102,2011,Kentucky,2,East South Central,South,752516,284346,56645,44483
20112103,2011,Kentucky,3,East South Central,South,716186,293964,65364,46420
20112104,2011,Kentucky,4,East South Central,South,737407,276837,65584,50615
20112105,2011,Kentucky,5,East South Central,South,671000,254600,42438,29134
20112106,2011,Kentucky,6,East South Central,South,752590,301445,62560,45878
20112201,2011,Louisiana,1,West South Central,South,676670,263600,72598,52054
20112202,2011,Louisiana,2,West South Central,South,477352,184126,55044,37636
20112203,2011,Louisiana,3,West South Central,South,633057,226279,61438,47084
20112204,2011,Louisiana,4,West South Central,South,662717,250196,56998,41040
20112205,2011,Louisiana,5,West South Central,South,643526,233671,52854,37203
20112206,2011,Louisiana,6,West South Central,South,719535,264358,67899,50552
20112207,2011,Louisiana,7,West South Central,South,671739,252867,60658,42940
20112301,2011,Maine,1,New England,Northeast,668970,278431,70066,54565
20112302,2011,Maine,2,New England,Northeast,659573,273170,53713,41771
20112401,2011,Maryland,1,South Atlantic,South,740532,275009,92702,71856
20112402,2011,Maryland,2,South Atlantic,South,693308,269392,72082,58743
20112403,2011,Maryland,3,South Atlantic,South,715887,279760,95344,73582
20112404,2011,Maryland,4,South Atlantic,South,709432,254345,94726,75794
20112405,2011,Maryland,5,South Atlantic,South,760987,263865,101835,87192
20112406,2011,Maryland,6,South Atlantic,South,738802,271537,87202,70632
20112407,2011,Maryland,7,South Atlantic,South,658028,244357,77616,53447
20112408,2011,Maryland,8,South Atlantic,South,719569,270112,129262,91735
20112501,2011,Massachusetts,1,New England,Northeast,643861,252013,70325,55273
20112502,2011,Massachusetts,2,New England,Northeast,658812,251290,73651,58893
20112503,2011,Massachusetts,3,New England,Northeast,661360,251582,85992,66118
20112504,2011,Massachusetts,4,New England,Northeast,653884,247850,102533,70454
20112505,2011,Massachusetts,5,New England,Northeast,657279,241599,95461,72354
20112506,2011,Massachusetts,6,New England,Northeast,646986,249639,97127,74645
20112507,2011,Massachusetts,7,New England,Northeast,642791,255182,97188,73412
20112508,2011,Massachusetts,8,New England,Northeast,649451,262648,78433,51565
20112509,2011,Massachusetts,9,New England,Northeast,650375,245793,95580,73866
20112510,2011,Massachusetts,10,New England,Northeast,647428,264813,90429,69198
20112601,2011,Michigan,1,East North Central,Midwest,653435,269833,53015,40887
20112602,2011,Michigan,2,East North Central,Midwest,699146,261624,59610,47015
20112603,2011,Michigan,3,East North Central,Midwest,694597,261287,65625,50880
20112604,2011,Michigan,4,East North Central,Midwest,686069,266700,58224,43887
20112605,2011,Michigan,5,East North Central,Midwest,641102,249497,54438,42127
20112606,2011,Michigan,6,East North Central,Midwest,671868,260929,60121,45363
20112607,2011,Michigan,7,East North Central,Midwest,678761,259567,62482,49608
20112608,2011,Michigan,8,East North Central,Midwest,706980,265813,73608,58701
20112609,2011,Michigan,9,East North Central,Midwest,659032,266512,97381,69943
20112610,2011,Michigan,10,East North Central,Midwest,717437,270878,69499,56532
20112611,2011,Michigan,11,East North Central,Midwest,693051,266600,81252,63940
20112612,2011,Michigan,12,East North Central,Midwest,641812,268547,59146,47515
20112613,2011,Michigan,13,East North Central,Midwest,525952,192377,47462,31170
20112614,2011,Michigan,14,East North Central,Midwest,569157,204613,47873,34966
20112615,2011,Michigan,15,East North Central,Midwest,682222,260405,68205,52750
20112701,2011,Minnesota,1,West North Central,Midwest,642142,255104,65782,52391
20112702,2011,Minnesota,2,West North Central,Midwest,727865,266994,90285,75327
20112703,2011,Minnesota,3,West North Central,Midwest,646078,252450,103516,75492
20112704,2011,Minnesota,4,West North Central,Midwest,612857,247332,72789,54172
20112705,2011,Minnesota,5,West North Central,Midwest,615216,269380,69621,51370
20112706,2011,Minnesota,6,West North Central,Midwest,750688,272593,83440,70212
20112707,2011,Minnesota,7,West North Central,Midwest,624307,254900,59234,47847
20112708,2011,Minnesota,8,West North Central,Midwest,659037,275512,59360,47811
20112801,2011,Mississippi,1,East South Central,South,783209,289701,53309,40380
20112802,2011,Mississippi,2,East South Central,South,670384,233271,45830,31490
20112803,2011,Mississippi,3,East South Central,South,754701,283474,57956,39767
20112804,2011,Mississippi,4,East South Central,South,748406,278616,56991,42227
20112901,2011,Missouri,1,West North Central,Midwest,587643,241242,57128,40842
20112902,2011,Missouri,2,West North Central,Midwest,701448,265783,97069,74663
20112903,2011,Missouri,3,West North Central,Midwest,624577,258232,66876,51555
20112904,2011,Missouri,4,West North Central,Midwest,676057,260774,55035,44013
20112905,2011,Missouri,5,West North Central,Midwest,630388,256861,60224,45600
20112906,2011,Missouri,6,West North Central,Midwest,686782,266751,67388,53158
20112907,2011,Missouri,7,West North Central,Midwest,716058,284137,55430,41933
20112908,2011,Missouri,8,West North Central,Midwest,653755,255977,47271,35721
20112909,2011,Missouri,9,West North Central,Midwest,679094,264347,59626,45673
20113000,2011,Montana,0,Mountain,West,982854,403495,58849,45324
20113101,2011,Nebraska,1,West North Central,Midwest,620145,243654,64627,51718
20113102,2011,Nebraska,2,West North Central,Midwest,633113,245292,72785,55122
20113103,2011,Nebraska,3,West North Central,Midwest,559803,226757,56681,45194
20113201,2011,Nevada,1,Mountain,West,809410,285147,64173,48780
20113202,2011,Nevada,2,Mountain,West,832645,316218,72172,54763
20113203,2011,Nevada,3,Mountain,West,1031341,385376,78819,61617
20113301,2011,New Hampshire,1,New England,Northeast,657785,258050,83445,66079
20113302,2011,New Hampshire,2,New England,Northeast,658126,256819,79620,63173
20113401,2011,New Jersey,1,Middle Atlantic,Northeast,668930,249592,76829,62022
20113402,2011,New Jersey,2,Middle Atlantic,Northeast,689702,254973,74640,57845
20113403,2011,New Jersey,3,Middle Atlantic,Northeast,679628,260282,91919,73273
20113404,2011,New Jersey,4,Middle Atlantic,Northeast,719020,263521,88924,69090
20113405,2011,New Jersey,5,Middle Atlantic,Northeast,664613,236151,125081,94035
20113406,2011,New Jersey,6,Middle Atlantic,Northeast,666463,238718,90446,70600
20113407,2011,New Jersey,7,Middle Atlantic,Northeast,669711,236001,129387,97068
20113408,2011,New Jersey,8,Middle Atlantic,Northeast,656618,220841,88645,62870
20113409,2011,New Jersey,9,Middle Atlantic,Northeast,657221,252487,87361,67126
20113410,2011,New Jersey,10,Middle Atlantic,Northeast,630041,222397,65679,47355
20113411,2011,New Jersey,11,Middle Atlantic,Northeast,672476,244922,134639,100132
20113412,2011,New Jersey,12,Middle Atlantic,Northeast,697735,251682,117740,89925
20113413,2011,New Jersey,13,Middle Atlantic,Northeast,680906,249287,74954,51927
20113501,2011,New Mexico,1,Mountain,West,696998,277124,64572,47284
20113502,2011,New Mexico,2,Mountain,West,659762,235922,52951,38808
20113503,2011,New Mexico,3,Mountain,West,680376,248956,64285,47702
20113601,2011,New York,1,Middle Atlantic,Northeast,701306,243866,104917,85452
20113602,2011,New York,2,Middle Atlantic,Northeast,679969,215338,114489,92092
20113603,2011,New York,3,Middle Atlantic,Northeast,641425,221666,120410,94758
20113604,2011,New York,4,Middle Atlantic,Northeast,659199,210228,109886,88767
20113605,2011,New York,5,Middle Atlantic,Northeast,656469,226927,96651,65327
20113606,2011,New York,6,Middle Atlantic,Northeast,659495,204082,71736,58362
20113607,2011,New York,7,Middle Atlantic,Northeast,659343,236670,61293,48006
20113608,2011,New York,8,Middle Atlantic,Northeast,688945,308175,128937,67413
20113609,2011,New York,9,Middle Atlantic,Northeast,655725,250295,76574,58677
20113610,2011,New York,10,Middle Atlantic,Northeast,674197,240688,58935,41789
20113611,2011,New York,11,Middle Atlantic,Northeast,641237,243703,70152,46877
20113612,2011,New York,12,Middle Atlantic,Northeast,675432,243740,64135,43678
20113613,2011,New York,13,Middle Atlantic,Northeast,681438,245024,82804,64799
20113614,2011,New York,14,Middle Atlantic,Northeast,635042,320005,141690,80825
20113615,2011,New York,15,Middle Atlantic,Northeast,662894,249329,68227,39000
20113616,2011,New York,16,Middle Atlantic,Northeast,678687,223498,35099,24731
20113617,2011,New York,17,Middle Atlantic,Northeast,677460,236836,77009,55778
20113618,2011,New York,18,Middle Atlantic,Northeast,672893,242579,141912,88193
20113619,2011,New York,19,Middle Atlantic,Northeast,698515,240679,108158,83908
20113620,2011,New York,20,Middle Atlantic,Northeast,681088,270613,75095,59506
20113621,2011,New York,21,Middle Atlantic,Northeast,677703,270604,69545,53826
20113622,2011,New York,22,Middle Atlantic,Northeast,678516,258309,67188,51371
20113623,2011,New York,23,Middle Atlantic,Northeast,664303,253242,58247,46964
20113624,2011,New York,24,Middle Atlantic,Northeast,655887,256664,60387,47838
20113625,2011,New York,25,Middle Atlantic,Northeast,665812,262403,69847,54758
20113626,2011,New York,26,Middle Atlantic,Northeast,670956,258738,71215,56710
20113627,2011,New York,27,Middle Atlantic,Northeast,630592,262935,59669,46099
20113628,2011,New York,28,Middle Atlantic,Northeast,615554,256707,52131,38318
20113629,2011,New York,29,Middle Atlantic,Northeast,662366,262144,68829,52268
20113701,2011,North Carolina,1,South Atlantic,South,633785,245038,45465,33483
20113702,2011,North Carolina,2,South Atlantic,South,731172,263457,54964,43938
20113703,2011,North Carolina,3,South Atlantic,South,722979,278475,61786,47803
20113704,2011,North Carolina,4,South Atlantic,South,809360,314586,89507,66938
20113705,2011,North Carolina,5,South Atlantic,South,689756,277354,60393,44606
20113706,2011,North Carolina,6,South Atlantic,South,709195,282279,65995,49958
20113707,2011,North Carolina,7,South Atlantic,South,731542,288647,57579,41379
20113708,2011,North Carolina,8,South Atlantic,South,699877,261671,56604,43450
20113709,2011,North Carolina,9,South Atlantic,South,840398,322779,89813,63656
20113710,2011,North Carolina,10,South Atlantic,South,685644,262814,57467,42745
20113711,2011,North Carolina,11,South Atlantic,South,698671,296020,56144,41885
20113712,2011,North Carolina,12,South Atlantic,South,721005,277784,53737,40058
20113713,2011,North Carolina,13,South Atlantic,South,745352,293215,63086,46479
20113800,2011,North Dakota,0,West North Central,Midwest,666783,278669,64106,49415
20113901,2011,Ohio,1,East North Central,Midwest,594912,237701,58395,42763
20113902,2011,Ohio,2,East North Central,Midwest,672945,262172,79684,58859
20113903,2011,Ohio,3,East North Central,Midwest,644222,258746,64231,48634
20113904,2011,Ohio,4,East North Central,Midwest,634105,244718,57349,46242
20113905,2011,Ohio,5,East North Central,Midwest,628916,244141,59597,48564
20113906,2011,Ohio,6,East North Central,Midwest,623321,246445,53681,40867
20113907,2011,Ohio,7,East North Central,Midwest,681938,258587,63155,50425
20113908,2011,Ohio,8,East North Central,Midwest,661404,253131,63579,50702
20113909,2011,Ohio,9,East North Central,Midwest,620352,248676,59434,44678
20113910,2011,Ohio,10,East North Central,Midwest,599360,250966,61122,46971
20113911,2011,Ohio,11,East North Central,Midwest,546944,233114,53654,35513
20113912,2011,Ohio,12,East North Central,Midwest,741335,290212,80267,59097
20113913,2011,Ohio,13,East North Central,Midwest,645093,258237,67320,51330
20113914,2011,Ohio,14,East North Central,Midwest,646779,253278,78866,59653
20113915,2011,Ohio,15,East North Central,Midwest,681066,266560,67781,51859
20113916,2011,Ohio,16,East North Central,Midwest,645166,251169,63166,48964
20113917,2011,Ohio,17,East North Central,Midwest,604960,245336,53007,41439
20113918,2011,Ohio,18,East North Central,Midwest,652718,250818,52730,41728
20114001,2011,Oklahoma,1,West South Central,South,746422,297035,67322,48502
20114002,2011,Oklahoma,2,West South Central,South,725668,277069,49451,38088
20114003,2011,Oklahoma,3,West South Central,South,724760,276978,57542,44016
20114004,2011,Oklahoma,4,West South Central,South,774306,290973,61573,48412
20114005,2011,Oklahoma,5,West South Central,South,743364,290680,63146,43233
20114101,2011,Oregon,1,Pacific,West,793460,312888,78006,59382
20114102,2011,Oregon,2,Pacific,West,767011,307873,58096,44669
20114103,2011,Oregon,3,Pacific,West,752763,298616,65894,51494
20114104,2011,Oregon,4,Pacific,West,735868,302304,55472,42332
20114105,2011,Oregon,5,Pacific,West,752889,287873,70417,52585
20114201,2011,Pennsylvania,1,Middle Atlantic,Northeast,647795,237963,48087,33885
20114202,2011,Pennsylvania,2,Middle Atlantic,Northeast,628122,252502,56714,37239
20114203,2011,Pennsylvania,3,Middle Atlantic,Northeast,640349,252380,57315,44750
20114204,2011,Pennsylvania,4,Middle Atlantic,Northeast,644599,259630,79268,57582
20114205,2011,Pennsylvania,5,Middle Atlantic,Northeast,652222,256845,54375,42443
20114206,2011,Pennsylvania,6,Middle Atlantic,Northeast,723358,273645,99329,72082
20114207,2011,Pennsylvania,7,Middle Atlantic,Northeast,670539,255625,97230,73161
20114208,2011,Pennsylvania,8,Middle Atlantic,Northeast,672595,247333,96085,75430
20114209,2011,Pennsylvania,9,Middle Atlantic,Northeast,665964,260182,57119,45789
20114210,2011,Pennsylvania,10,Middle Atlantic,Northeast,668298,262357,60760,47002
20114211,2011,Pennsylvania,11,Middle Atlantic,Northeast,685238,268890,58195,45462
20114212,2011,Pennsylvania,12,Middle Atlantic,Northeast,613476,252146,52146,40819
20114213,2011,Pennsylvania,13,Middle Atlantic,Northeast,670944,253541,83150,61308
20114214,2011,Pennsylvania,14,Middle Atlantic,Northeast,587445,260173,53368,37809
20114215,2011,Pennsylvania,15,Middle Atlantic,Northeast,716181,272620,73863,58298
20114216,2011,Pennsylvania,16,Middle Atlantic,Northeast,717096,262536,73933,56602
20114217,2011,Pennsylvania,17,Middle Atlantic,Northeast,679721,270139,64959,52631
20114218,2011,Pennsylvania,18,Middle Atlantic,Northeast,653082,270379,75485,58395
20114219,2011,Pennsylvania,19,Middle Atlantic,Northeast,723715,283680,72196,58960
20114401,2011,Rhode Island,1,New England,Northeast,521959,207526,72917,54139
20114402,2011,Rhode Island,2,New England,Northeast,532000,202949,75128,57730
20114501,2011,South Carolina,1,South Atlantic,South,842587,335712,66922,50257
20114502,2011,South Carolina,2,South Atlantic,South,811981,314737,69829,52513
20114503,2011,South Carolina,3,South Atlantic,South,716834,277143,55485,41569
20114504,2011,South Carolina,4,South Atlantic,South,762490,293200,61987,45601
20114505,2011,South Carolina,5,South Atlantic,South,759971,288338,55297,41489
20114506,2011,South Carolina,6,South Atlantic,South,682001,249602,47313,34279
20114600,2011,South Dakota,0,West North Central,Midwest,807697,318466,61832,48010
20114701,2011,Tennessee,1,East South Central,South,681823,284158,50951,37704
20114702,2011,Tennessee,2,East South Central,South,717770,294961,62821,46110
20114703,2011,Tennessee,3,East South Central,South,686312,272446,58348,41939
20114704,2011,Tennessee,4,East South Central,South,684814,269988,50578,38495
20114705,2011,Tennessee,5,East South Central,South,699362,281873,65741,47748
20114706,2011,Tennessee,6,East South Central,South,779474,292077,60517,47552
20114707,2011,Tennessee,7,East South Central,South,780781,283326,85105,62943
20114708,2011,Tennessee,8,East South Central,South,656665,248673,51687,38930
20114709,2011,Tennessee,9,East South Central,South,610990,230495,56468,37997
20114801,2011,Texas,1,West South Central,South,716922,265893,60111,43274
20114802,2011,Texas,2,West South Central,South,767772,267119,76820,58366
20114803,2011,Texas,3,West South Central,South,833088,298736,93114,70156
20114804,2011,Texas,4,West South Central,South,829591,296920,69387,53934
20114805,2011,Texas,5,West South Central,South,718957,253533,65326,49887
20114806,2011,Texas,6,West South Central,South,801044,281887,71375,55892
20114807,2011,Texas,7,West South Central,South,770813,315520,111534,72000
20114808,2011,Texas,8,West South Central,South,818854,290462,74873,54212
20114809,2011,Texas,9,West South Central,South,716614,246423,52624,39085
20114810,2011,Texas,10,West South Central,South,955708,338614,85263,64505
20114811,2011,Texas,11,West South Central,South,703933,259492,65437,47294
20114812,2011,Texas,12,West South Central,South,818856,294227,72288,54728
20114813,2011,Texas,13,West South Central,South,668933,244912,60289,45280
20114814,2011,Texas,14,West South Central,South,768993,273465,78316,58869
20114815,2011,Texas,15,West South Central,South,775332,229413,50086,35073
20114816,2011,Texas,16,West South Central,South,747205,237382,53622,38487
20114817,2011,Texas,17,West South Central,South,749572,267520,60891,44579
20114818,2011,Texas,18,West South Central,South,711455,244036,55544,38342
20114819,2011,Texas,19,West South Central,South,690403,250857,57978,42609
20114820,2011,Texas,20,West South Central,South,699508,243558,48373,38235
20114821,2011,Texas,21,West South Central,South,844395,323625,87996,61953
20114822,2011,Texas,22,West South Central,South,892980,302251,92205,73870
20114823,2011,Texas,23,West South Central,South,833014,266821,67063,47600
20114824,2011,Texas,24,West South Central,South,784944,295750,84611,61518
20114825,2011,Texas,25,West South Central,South,795155,302671,67747,50067
20114826,2011,Texas,26,West South Central,South,891934,309429,82532,63896
20114827,2011,Texas,27,West South Central,South,735195,236501,55805,39038
20114828,2011,Texas,28,West South Central,South,833467,242496,54724,39781
20114829,2011,Texas,29,West South Central,South,680576,196661,47951,37813
20114830,2011,Texas,30,West South Central,South,699702,243450,54635,38841
20114831,2011,Texas,31,West South Central,South,881562,304601,71489,58052
20114832,2011,Texas,32,West South Central,South,637710,243582,90302,51947
20114901,2011,Utah,1,Mountain,West,889076,294577,71126,57085
20114902,2011,Utah,2,Mountain,West,880137,304653,75779,57568
20114903,2011,Utah,3,Mountain,West,946166,272128,69693,58757
20115000,2011,Vermont,0,New England,Northeast,624958,256711,68098,53422
20115101,2011,Virginia,1,South Atlantic,South,778395,283470,87404,71296
20115102,2011,Virginia,2,South Atlantic,South,644571,237555,76431,60511
20115103,2011,Virginia,3,South Atlantic,South,667177,256689,56063,42877
20115104,2011,Virginia,4,South Atlantic,South,733460,261597,73801,60645
20115105,2011,Virginia,5,South Atlantic,South,681564,270111,59318,44171
20115106,2011,Virginia,6,South Atlantic,South,700803,278741,61247,47449
20115107,2011,Virginia,7,South Atlantic,South,750713,291046,87399,66601
20115108,2011,Virginia,8,South Atlantic,South,677672,292374,118951,92706
20115109,2011,Virginia,9,South Atlantic,South,654734,261388,50494,37705
20115110,2011,Virginia,10,South Atlantic,South,851941,293371,127515,101545
20115111,2011,Virginia,11,South Atlantic,South,785162,264683,130932,109168
20115301,2011,Washington,1,Pacific,West,734498,289340,95047,76261
20115302,2011,Washington,2,Pacific,West,752662,294145,70194,57883
20115303,2011,Washington,3,Pacific,West,771386,298284,69174,55274
20115304,2011,Washington,4,Pacific,West,760107,265419,62242,48265
20115305,2011,Washington,5,Pacific,West,716666,283551,60755,46714
20115306,2011,Washington,6,Pacific,West,703806,282400,63582,49959
20115307,2011,Washington,7,Pacific,West,698261,318588,85771,61235
20115308,2011,Washington,8,Pacific,West,799347,295702,107376,85141
20115309,2011,Washington,9,Pacific,West,716112,275139,71040,58374
20115401,2011,West Virginia,1,South Atlantic,South,613025,245015,52999,39720
20115402,2011,West Virginia,2,South Atlantic,South,645048,257930,58317,43516
20115403,2011,West Virginia,3,South Atlantic,South,588299,237135,47156,34793
20115501,2011,Wisconsin,1,East North Central,Midwest,723454,280250,72265,58116
20115502,2011,Wisconsin,2,East North Central,Midwest,746244,304281,73393,57937
20115503,2011,Wisconsin,3,East North Central,Midwest,727023,285996,62460,50666
20115504,2011,Wisconsin,4,East North Central,Midwest,666581,262320,48405,37087
20115505,2011,Wisconsin,5,East North Central,Midwest,704952,284259,89932,70029
20115506,2011,Wisconsin,6,East North Central,Midwest,703102,282487,63526,51922
20115507,2011,Wisconsin,7,East North Central,Midwest,687823,289909,58399,46771
20115508,2011,Wisconsin,8,East North Central,Midwest,705714,290236,63594,51143
20115600,2011,Wyoming,0,Mountain,West,554697,219628,70940,56380
20120101,2012,Alabama,1,East South Central,South,682756,261904,58686,43947
20120102,2012,Alabama,2,East South Central,South,681707,261082,56845,42878
20120103,2012,Alabama,3,East South Central,South,682018,265107,54299,40363
20120104,2012,Alabama,4,East South Central,South,681718,263308,52579,38676
20120105,2012,Alabama,5,East South Central,South,682973,267925,67538,50180
20120106,2012,Alabama,6,East South Central,South,679872,259353,79665,58508
20120107,2012,Alabama,7,East South Central,South,686282,258897,45233,32152
20120200,2012,Alaska,0,Pacific,West,711139,252991,86208,69917
20120401,2012,Arizona,1,Mountain,West,705730,238404,61628,47025
20120402,2012,Arizona,2,Mountain,West,710822,295802,64576,47642
20120403,2012,Arizona,3,Mountain,West,708477,221102,53946,41965
20120404,2012,Arizona,4,Mountain,West,707613,278558,56258,44310
20120405,2012,Arizona,5,Mountain,West,718136,259148,81049,65025
20120406,2012,Arizona,6,Mountain,West,719820,294519,91662,62816
20120407,2012,Arizona,7,Mountain,West,711515,216484,46772,35282
20120408,2012,Arizona,8,Mountain,West,711211,265390,72885,59358
20120409,2012,Arizona,9,Mountain,West,717655,287751,69906,50787
20120501,2012,Arkansas,1,West South Central,South,727553,281274,48811,36035
20120502,2012,Arkansas,2,West South Central,South,730259,288063,62900,46392
20120503,2012,Arkansas,3,West South Central,South,730606,277423,59682,43358
20120504,2012,Arkansas,4,West South Central,South,727954,282037,49131,36649
20120601,2012,California,1,Pacific,West,702954,275050,60733,45459
20120602,2012,California,2,Pacific,West,701649,278712,93454,61894
20120603,2012,California,3,Pacific,West,701960,236838,74461,57244
20120604,2012,California,4,Pacific,West,701079,267235,84819,65993
20120605,2012,California,5,Pacific,West,705490,258173,84174,63994
20120606,2012,California,6,Pacific,West,704271,259909,63352,48168
20120607,2012,California,7,Pacific,West,704963,251451,81914,65244
20120608,2012,California,8,Pacific,West,694261,223013,62177,48834
20120609,2012,California,9,Pacific,West,705384,220572,73718,56221
20120610,2012,California,10,Pacific,West,702159,223302,70076,53913
20120611,2012,California,11,Pacific,West,707047,258171,104860,74045
20120612,2012,California,12,Pacific,West,701973,307873,107633,73089
20120613,2012,California,13,Pacific,West,705794,276174,86113,58577
20120614,2012,California,14,Pacific,West,706678,246328,113432,84470
20120615,2012,California,15,Pacific,West,703976,231681,108582,87673
20120616,2012,California,16,Pacific,West,703214,199639,52786,38758
20120617,2012,California,17,Pacific,West,706854,237971,115216,98204
20120618,2012,California,18,Pacific,West,712054,268833,144115,101461
20120619,2012,California,19,Pacific,West,700349,213561,100521,78454
20120620,2012,California,20,Pacific,West,702797,220636,80732,60700
20120621,2012,California,21,Pacific,West,698936,176799,51530,38449
20120622,2012,California,22,Pacific,West,705465,228126,72412,53810
20120623,2012,California,23,Pacific,West,703360,231642,70402,54263
20120624,2012,California,24,Pacific,West,703539,247493,82837,61146
20120625,2012,California,25,Pacific,West,699646,215431,91890,74286
20120626,2012,California,26,Pacific,West,702036,225060,97869,74848
20120627,2012,California,27,Pacific,West,707669,241823,94113,68176
20120628,2012,California,28,Pacific,West,708529,294945,85073,54818
20120629,2012,California,29,Pacific,West,696560,198754,60495,47062
20120630,2012,California,30,Pacific,West,713303,265374,98893,69566
20120631,2012,California,31,Pacific,West,705278,213631,72221,54794
20120632,2012,California,32,Pacific,West,704721,192370,73975,60424
20120633,2012,California,33,Pacific,West,707114,298891,147702,94992
20120634,2012,California,34,Pacific,West,704381,230203,50507,35181
20120635,2012,California,35,Pacific,West,714070,180179,66089,54386
20120636,2012,California,36,Pacific,West,697279,251506,67311,45999
20120637,2012,California,37,Pacific,West,706601,267231,75233,49509
20120638,2012,California,38,Pacific,West,706870,202727,77452,63797
20120639,2012,California,39,Pacific,West,708367,220540,99375,78735
20120640,2012,California,40,Pacific,West,698159,175026,51546,39990
20120641,2012,California,41,Pacific,West,706610,192581,67674,54475
20120642,2012,California,42,Pacific,West,706989,207259,87320,73824
20120643,2012,California,43,Pacific,West,699591,233033,66605,50109
20120644,2012,California,44,Pacific,West,700824,182727,58861,46152
20120645,2012,California,45,Pacific,West,708499,251842,116486,91925
20120646,2012,California,46,Pacific,West,704673,181792,68499,55441
20120647,2012,California,47,Pacific,West,707040,239286,79093,59114
20120648,2012,California,48,Pacific,West,703734,263947,113679,80224
20120649,2012,California,49,Pacific,West,700438,243407,101889,73229
20120650,2012,California,50,Pacific,West,703456,232491,79704,62000
20120651,2012,California,51,Pacific,West,696599,194721,54375,41226
20120652,2012,California,52,Pacific,West,707696,271300,105937,82144
20120653,2012,California,53,Pacific,West,712130,259072,77479,61652
20120801,2012,Colorado,1,Mountain,West,724374,310871,76122,51806
20120802,2012,Colorado,2,Mountain,West,722952,290804,90708,67407
20120803,2012,Colorado,3,Mountain,West,717256,284040,65896,50007
20120804,2012,Colorado,4,Mountain,West,717850,260951,80139,61811
20120805,2012,Colorado,5,Mountain,West,717809,271394,72372,55718
20120806,2012,Colorado,6,Mountain,West,723960,268455,86654,66452
20120807,2012,Colorado,7,Mountain,West,718652,276238,73567,58634
20120901,2012,Connecticut,1,New England,Northeast,714680,282306,83835,64500
20120902,2012,Connecticut,2,New England,Northeast,713538,269609,89491,72644
20120903,2012,Connecticut,3,New England,Northeast,713959,277244,82267,63418
20120904,2012,Connecticut,4,New England,Northeast,716595,259078,142567,84867
20120905,2012,Connecticut,5,New England,Northeast,713441,271947,89977,67040
20121000,2012,Delaware,0,South Atlantic,South,900131,334076,77453,60119
20121198,2012,District of Columbia,98,South Atlantic,South,605759,261192,99511,64267
20121201,2012,Florida,1,South Atlantic,South,702571,267557,64313,49416
20121202,2012,Florida,2,South Atlantic,South,696601,264770,58750,43809
20121203,2012,Florida,3,South Atlantic,South,699243,258132,60082,44897
20121204,2012,Florida,4,South Atlantic,South,701053,266738,74473,56350
20121205,2012,Florida,5,South Atlantic,South,688439,247553,46056,34852
20121206,2012,Florida,6,South Atlantic,South,700167,277143,67015,47289
20121207,2012,Florida,7,South Atlantic,South,692867,249542,75261,55597
20121208,2012,Florida,8,South Atlantic,South,697791,283774,66813,48470
20121209,2012,Florida,9,South Atlantic,South,714081,242114,59112,46561
20121210,2012,Florida,10,South Atlantic,South,699397,267569,69112,50586
20121211,2012,Florida,11,South Atlantic,South,696711,289334,53167,40905
20121212,2012,Florida,12,South Atlantic,South,697849,276837,68068,49375
20121213,2012,Florida,13,South Atlantic,South,695940,309069,63574,45966
20121214,2012,Florida,14,South Atlantic,South,704186,277668,58813,41245
20121215,2012,Florida,15,South Atlantic,South,701573,253038,67818,51089
20121216,2012,Florida,16,South Atlantic,South,699609,298942,68515,48412
20121217,2012,Florida,17,South Atlantic,South,696236,265520,56566,43256
20121218,2012,Florida,18,South Atlantic,South,691794,276178,78467,52185
20121219,2012,Florida,19,South Atlantic,South,701214,279116,79877,51417
20121220,2012,Florida,20,South Atlantic,South,706405,244319,49577,38502
20121221,2012,Florida,21,South Atlantic,South,703942,272627,78880,55995
20121222,2012,Florida,22,South Atlantic,South,697928,304535,85196,53582
20121223,2012,Florida,23,South Atlantic,South,703586,280961,81102,53488
20121224,2012,Florida,24,South Atlantic,South,687488,223138,52493,38169
20121225,2012,Florida,25,South Atlantic,South,693754,212789,65600,49147
20121226,2012,Florida,26,South Atlantic,South,713328,216601,69193,53159
20121227,2012,Florida,27,South Atlantic,South,701399,241449,72432,41646
20121301,2012,Georgia,1,South Atlantic,South,694696,255696,60481,45880
20121302,2012,Georgia,2,South Atlantic,South,694335,250663,48357,34264
20121303,2012,Georgia,3,South Atlantic,South,687174,248785,67618,52937
20121304,2012,Georgia,4,South Atlantic,South,699284,244667,63980,50712
20121305,2012,Georgia,5,South Atlantic,South,699172,275784,67856,43416
20121306,2012,Georgia,6,South Atlantic,South,693478,264484,109073,79704
20121307,2012,Georgia,7,South Atlantic,South,697757,228663,84728,66009
20121308,2012,Georgia,8,South Atlantic,South,692716,252073,55573,41323
20121309,2012,Georgia,9,South Atlantic,South,690787,252065,60192,45050
20121310,2012,Georgia,10,South Atlantic,South,698529,242249,62787,47514
20121311,2012,Georgia,11,South Atlantic,South,692071,258078,87472,62631
20121312,2012,Georgia,12,South Atlantic,South,691449,247462,54849,40487
20121313,2012,Georgia,13,South Atlantic,South,693066,242313,65880,52654
20121314,2012,Georgia,14,South Atlantic,South,690055,245495,56533,44440
20121501,2012,Hawaii,1,Pacific,West,685891,231067,88404,70836
20121502,2012,Hawaii,2,Pacific,West,676839,216386,80260,64232
20121601,2012,Idaho,1,Mountain,West,783783,289411,60091,47983
20121602,2012,Idaho,2,Mountain,West,784020,288237,59857,46120
20121701,2012,Illinois,1,East North Central,Midwest,716471,262244,65050,48933
20121702,2012,Illinois,2,East North Central,Midwest,713870,259194,59624,47261
20121703,2012,Illinois,3,East North Central,Midwest,709630,242360,77939,61946
20121704,2012,Illinois,4,East North Central,Midwest,706919,217510,57431,43974
20121705,2012,Illinois,5,East North Central,Midwest,721248,301695,97490,67350
20121706,2012,Illinois,6,East North Central,Midwest,712815,258283,117278,90450
20121707,2012,Illinois,7,East North Central,Midwest,709077,279853,79200,48099
20121708,2012,Illinois,8,East North Central,Midwest,713706,253473,78214,64355
20121709,2012,Illinois,9,East North Central,Midwest,714740,285969,93042,63300
20121710,2012,Illinois,10,East North Central,Midwest,709520,246570,104473,72280
20121711,2012,Illinois,11,East North Central,Midwest,712183,241465,85270,68660
20121712,2012,Illinois,12,East North Central,Midwest,711337,277307,57748,44490
20121713,2012,Illinois,13,East North Central,Midwest,710557,283494,61738,46556
20121714,2012,Illinois,14,East North Central,Midwest,714372,245227,100474,83965
20121715,2012,Illinois,15,East North Central,Midwest,711430,279554,59230,46202
20121716,2012,Illinois,16,East North Central,Midwest,711562,269316,67924,55288
20121717,2012,Illinois,17,East North Central,Midwest,711055,288056,55625,43291
20121718,2012,Illinois,18,East North Central,Midwest,713368,282705,73657,58258
20121801,2012,Indiana,1,East North Central,Midwest,719777,265795,64664,51766
20121802,2012,Indiana,2,East North Central,Midwest,720460,269356,58619,45592
20121803,2012,Indiana,3,East North Central,Midwest,720999,275458,60980,48474
20121804,2012,Indiana,4,East North Central,Midwest,721459,271549,63671,50824
20121805,2012,Indiana,5,East North Central,Midwest,721878,282402,84927,61752
20121806,2012,Indiana,6,East North Central,Midwest,719775,277817,58643,46099
20121807,2012,Indiana,7,East North Central,Midwest,721972,279990,51484,38906
20121808,2012,Indiana,8,East North Central,Midwest,719681,279199,59000,46244
20121809,2012,Indiana,9,East North Central,Midwest,719529,277280,62150,49030
20121901,2012,Iowa,1,West North Central,Midwest,761813,304684,64561,51678
20121902,2012,Iowa,2,West North Central,Midwest,762208,306130,62760,49268
20121903,2012,Iowa,3,West North Central,Midwest,762858,301964,71822,56049
20121904,2012,Iowa,4,West North Central,Midwest,760767,310731,60539,47749
20122001,2012,Kansas,1,West North Central,Midwest,712795,276204,58469,45952
20122002,2012,Kansas,2,West North Central,Midwest,712081,280570,60540,47242
20122003,2012,Kansas,3,West North Central,Midwest,715019,276208,87647,66263
20122004,2012,Kansas,4,West North Central,Midwest,711288,276409,63714,49249
20122101,2012,Kentucky,1,East South Central,South,722856,282591,50314,38121
20122102,2012,Kentucky,2,East South Central,South,723718,275663,57108,44251
20122103,2012,Kentucky,3,East South Central,South,723087,297448,64134,45884
20122104,2012,Kentucky,4,East South Central,South,724348,270719,69833,54023
20122105,2012,Kentucky,5,East South Central,South,721703,276337,43435,30298
20122106,2012,Kentucky,6,East South Central,South,724455,288958,62169,45490
20122201,2012,Louisiana,1,West South Central,South,757290,290979,74184,53880
20122202,2012,Louisiana,2,West South Central,South,749969,283138,53206,36777
20122203,2012,Louisiana,3,West South Central,South,755016,283269,62376,44994
20122204,2012,Louisiana,4,West South Central,South,755831,283605,57751,41322
20122205,2012,Louisiana,5,West South Central,South,754281,272434,52436,36600
20122206,2012,Louisiana,6,West South Central,South,757218,283074,73567,56535
20122301,2012,Maine,1,New England,Northeast,665780,277810,69949,54257
20122302,2012,Maine,2,New England,Northeast,663304,275398,54768,42656
20122401,2012,Maryland,1,South Atlantic,South,722465,266355,85456,68414
20122402,2012,Maryland,2,South Atlantic,South,726500,276466,76267,61408
20122403,2012,Maryland,3,South Atlantic,South,718176,279973,99349,75749
20122404,2012,Maryland,4,South Atlantic,South,721157,259591,91431,73778
20122405,2012,Maryland,5,South Atlantic,South,720767,248248,104619,90015
20122406,2012,Maryland,6,South Atlantic,South,729392,265957,97801,73025
20122407,2012,Maryland,7,South Atlantic,South,720880,270976,78824,53677
20122408,2012,Maryland,8,South Atlantic,South,726159,271240,126541,93684
20122501,2012,Massachusetts,1,New England,Northeast,727742,286512,67059,51685
20122502,2012,Massachusetts,2,New England,Northeast,729104,273789,80279,63538
20122503,2012,Massachusetts,3,New England,Northeast,729945,271673,89306,67929
20122504,2012,Massachusetts,4,New England,Northeast,728532,266492,117612,84314
20122505,2012,Massachusetts,5,New England,Northeast,728698,287779,108586,79778
20122506,2012,Massachusetts,6,New England,Northeast,729545,277813,99358,77531
20122507,2012,Massachusetts,7,New England,Northeast,728614,280164,73453,51002
20122508,2012,Massachusetts,8,New England,Northeast,730990,289836,95263,73070
20122509,2012,Massachusetts,9,New England,Northeast,727425,291636,80183,61197
20122601,2012,Michigan,1,East North Central,Midwest,707250,293609,55660,42852
20122602,2012,Michigan,2,East North Central,Midwest,706908,264906,59988,47290
20122603,2012,Michigan,3,East North Central,Midwest,708268,264845,65535,50080
20122604,2012,Michigan,4,East North Central,Midwest,704749,270658,57649,43788
20122605,2012,Michigan,5,East North Central,Midwest,706497,279479,54350,41800
20122606,2012,Michigan,6,East North Central,Midwest,706709,272486,60859,45948
20122607,2012,Michigan,7,East North Central,Midwest,705574,267846,64598,52391
20122608,2012,Michigan,8,East North Central,Midwest,706820,266929,79566,61960
20122609,2012,Michigan,9,East North Central,Midwest,709032,294990,68311,51138
20122610,2012,Michigan,10,East North Central,Midwest,704670,267611,68519,54827
20122611,2012,Michigan,11,East North Central,Midwest,705935,272712,94126,72907
20122612,2012,Michigan,12,East North Central,Midwest,703906,270067,67818,51756
20122613,2012,Michigan,13,East North Central,Midwest,707240,264501,43670,32412
20122614,2012,Michigan,14,East North Central,Midwest,713706,268292,63119,41423
20122701,2012,Minnesota,1,West North Central,Midwest,662736,260726,67540,54191
20122702,2012,Minnesota,2,West North Central,Midwest,664558,248187,88611,73398
20122703,2012,Minnesota,3,West North Central,Midwest,665583,261067,105821,77769
20122704,2012,Minnesota,4,West North Central,Midwest,665928,262327,79173,59457
20122705,2012,Minnesota,5,West North Central,Midwest,666822,284829,72039,52544
20122706,2012,Minnesota,6,West North Central,Midwest,663197,239019,80353,69433
20122707,2012,Minnesota,7,West North Central,Midwest,661839,270320,60297,48968
20122708,2012,Minnesota,8,West North Central,Midwest,662418,275400,59927,48157
20122801,2012,Mississippi,1,East South Central,South,741907,274487,54067,40979
20122802,2012,Mississippi,2,East South Central,South,740433,258281,44986,31451
20122803,2012,Mississippi,3,East South Central,South,742109,279387,59451,41088
20122804,2012,Mississippi,4,East South Central,South,743171,275636,57549,42437
20122901,2012,Missouri,1,West North Central,Midwest,749419,315944,54693,39954
20122902,2012,Missouri,2,West North Central,Midwest,747434,295048,99532,73742
20122903,2012,Missouri,3,West North Central,Midwest,750663,285262,67194,55231
20122904,2012,Missouri,4,West North Central,Midwest,747089,286414,56776,44071
20122905,2012,Missouri,5,West North Central,Midwest,748255,305177,58858,44979
20122906,2012,Missouri,6,West North Central,Midwest,746658,285081,66816,52277
20122907,2012,Missouri,7,West North Central,Midwest,748130,296384,54856,41789
20122908,2012,Missouri,8,West North Central,Midwest,744765,288960,49077,37171
20123000,2012,Montana,0,Mountain,West,990785,405508,59569,45456
20123101,2012,Nebraska,1,West North Central,Midwest,609440,239421,65970,52941
20123102,2012,Nebraska,2,West North Central,Midwest,610281,235848,74977,56593
20123103,2012,Nebraska,3,West North Central,Midwest,607585,245757,57354,45589
20123201,2012,Nevada,1,Mountain,West,667921,241881,55138,41656
20123202,2012,Nevada,2,Mountain,West,675654,256674,72236,55401
20123203,2012,Nevada,3,Mountain,West,683422,261792,85445,66331
20123204,2012,Nevada,4,Mountain,West,677207,232549,68912,54608
20123301,2012,New Hampshire,1,New England,Northeast,659340,259502,83890,65807
20123302,2012,New Hampshire,2,New England,Northeast,658134,257343,80790,63884
20123401,2012,New Jersey,1,Middle Atlantic,Northeast,732786,271198,81123,64334
20123402,2012,New Jersey,2,Middle Atlantic,Northeast,732627,271843,75156,58288
20123403,2012,New Jersey,3,Middle Atlantic,Northeast,732810,278393,90816,72688
20123404,2012,New Jersey,4,Middle Atlantic,Northeast,730382,270475,100630,75583
20123405,2012,New Jersey,5,Middle Atlantic,Northeast,733476,262958,120010,91362
20123406,2012,New Jersey,6,Middle Atlantic,Northeast,734674,252586,96013,75713
20123407,2012,New Jersey,7,Middle Atlantic,Northeast,733716,262489,136694,100620
20123408,2012,New Jersey,8,Middle Atlantic,Northeast,737193,267782,76221,53323
20123409,2012,New Jersey,9,Middle Atlantic,Northeast,733527,260402,82177,59495
20123410,2012,New Jersey,10,Middle Atlantic,Northeast,728175,262780,68555,48912
20123411,2012,New Jersey,11,Middle Atlantic,Northeast,732641,266724,129236,99529
20123412,2012,New Jersey,12,Middle Atlantic,Northeast,731881,259248,103921,79636
20123501,2012,New Mexico,1,Mountain,West,687360,272807,65115,47715
20123502,2012,New Mexico,2,Mountain,West,687866,243840,54337,39710
20123503,2012,New Mexico,3,Mountain,West,680061,247197,64505,47668
20123601,2012,New York,1,Middle Atlantic,Northeast,717495,247161,105826,86540
20123602,2012,New York,2,Middle Atlantic,Northeast,720360,229243,102357,87149
20123603,2012,New York,3,Middle Atlantic,Northeast,719146,250619,139130,101114
20123604,2012,New York,4,Middle Atlantic,Northeast,714547,235135,114361,92926
20123605,2012,New York,5,Middle Atlantic,Northeast,733970,222933,75802,60791
20123606,2012,New York,6,Middle Atlantic,Northeast,713657,267960,74739,57739
20123607,2012,New York,7,Middle Atlantic,Northeast,729646,247048,68161,42917
20123608,2012,New York,8,Middle Atlantic,Northeast,717919,266728,60944,43529
20123609,2012,New York,9,Middle Atlantic,Northeast,726432,271448,66243,47004
20123610,2012,New York,10,Middle Atlantic,Northeast,710107,304895,132982,71591
20123611,2012,New York,11,Middle Atlantic,Northeast,714441,258750,81982,63645
20123612,2012,New York,12,Middle Atlantic,Northeast,702646,360474,145421,84104
20123613,2012,New York,13,Middle Atlantic,Northeast,740984,272099,53241,35264
20123614,2012,New York,14,Middle Atlantic,Northeast,707426,244304,63752,50668
20123615,2012,New York,15,Middle Atlantic,Northeast,713763,234362,36834,25351
20123616,2012,New York,16,Middle Atlantic,Northeast,724003,265705,101772,62774
20123617,2012,New York,17,Middle Atlantic,Northeast,718946,243865,124196,87697
20123618,2012,New York,18,Middle Atlantic,Northeast,716644,247860,101586,77480
20123619,2012,New York,19,Middle Atlantic,Northeast,717045,276352,73171,56173
20123620,2012,New York,20,Middle Atlantic,Northeast,718309,286125,75268,59541
20123621,2012,New York,21,Middle Atlantic,Northeast,717916,282249,61673,49330
20123622,2012,New York,22,Middle Atlantic,Northeast,716154,278979,60932,47843
20123623,2012,New York,23,Middle Atlantic,Northeast,717240,285766,58831,46482
20123624,2012,New York,24,Middle Atlantic,Northeast,716459,281897,66973,52370
20123625,2012,New York,25,Middle Atlantic,Northeast,718225,284631,68738,52089
20123626,2012,New York,26,Middle Atlantic,Northeast,717984,305474,57745,43126
20123627,2012,New York,27,Middle Atlantic,Northeast,716661,278834,73615,58644
20123701,2012,North Carolina,1,South Atlantic,South,730276,282428,46735,34154
20123702,2012,North Carolina,2,South Atlantic,South,737779,273274,66542,50611
20123703,2012,North Carolina,3,South Atlantic,South,734054,279815,58548,45614
20123704,2012,North Carolina,4,South Atlantic,South,731622,288351,67554,48702
20123705,2012,North Carolina,5,South Atlantic,South,734124,294026,60259,43748
20123706,2012,North Carolina,6,South Atlantic,South,742778,294730,66953,49879
20123707,2012,North Carolina,7,South Atlantic,South,732184,285298,61383,46197
20123708,2012,North Carolina,8,South Atlantic,South,730729,268191,54544,41775
20123709,2012,North Carolina,9,South Atlantic,South,737575,282647,99991,70590
20123710,2012,North Carolina,10,South Atlantic,South,733215,288593,57909,42885
20123711,2012,North Carolina,11,South Atlantic,South,731389,299713,53279,40639
20123712,2012,North Carolina,12,South Atlantic,South,735736,279481,48993,37163
20123713,2012,North Carolina,13,South Atlantic,South,732788,276674,84133,64638
20123800,2012,North Dakota,0,West North Central,Midwest,676253,282667,67426,51641
20123901,2012,Ohio,1,East North Central,Midwest,717943,275856,71220,51833
20123902,2012,Ohio,2,East North Central,Midwest,723732,287593,70022,51342
20123903,2012,Ohio,3,East North Central,Midwest,718256,282521,53849,40715
20123904,2012,Ohio,4,East North Central,Midwest,720661,276020,58594,47211
20123905,2012,Ohio,5,East North Central,Midwest,723629,285913,65000,51437
20123906,2012,Ohio,6,East North Central,Midwest,720406,284226,53629,41533
20123907,2012,Ohio,7,East North Central,Midwest,720503,275453,60760,48145
20123908,2012,Ohio,8,East North Central,Midwest,720622,274139,64824,51492
20123909,2012,Ohio,9,East North Central,Midwest,721252,298108,52924,40026
20123910,2012,Ohio,10,East North Central,Midwest,721569,295271,61864,46300
20123911,2012,Ohio,11,East North Central,Midwest,715570,301474,53173,34102
20123912,2012,Ohio,12,East North Central,Midwest,720673,277681,83371,63143
20123913,2012,Ohio,13,East North Central,Midwest,723906,299920,52527,41174
20123914,2012,Ohio,14,East North Central,Midwest,719513,282668,80090,60063
20123915,2012,Ohio,15,East North Central,Midwest,725842,274687,69898,54287
20123916,2012,Ohio,16,East North Central,Midwest,719484,284179,74682,59297
20124001,2012,Oklahoma,1,West South Central,South,750379,297332,67616,49170
20124002,2012,Oklahoma,2,West South Central,South,747461,285370,49723,38194
20124003,2012,Oklahoma,3,West South Central,South,748204,283334,59466,45467
20124004,2012,Oklahoma,4,West South Central,South,750552,280254,62521,49084
20124005,2012,Oklahoma,5,West South Central,South,752409,293002,64257,44092
20124101,2012,Oregon,1,Pacific,West,768652,294370,79861,61593
20124102,2012,Oregon,2,Pacific,West,766890,306313,58022,44160
20124103,2012,Oregon,3,Pacific,West,767693,307055,68982,52182
20124104,2012,Oregon,4,Pacific,West,766137,312061,55771,42175
20124105,2012,Oregon,5,Pacific,West,767256,292919,69017,52272
20124201,2012,Pennsylvania,1,Middle Atlantic,Northeast,696631,260100,56474,39888
20124202,2012,Pennsylvania,2,Middle Atlantic,Northeast,709625,279851,63077,36527
20124203,2012,Pennsylvania,3,Middle Atlantic,Northeast,704426,280460,60461,46462
20124204,2012,Pennsylvania,4,Middle Atlantic,Northeast,705898,276869,71333,57876
20124205,2012,Pennsylvania,5,Middle Atlantic,Northeast,705633,275049,57396,44647
20124206,2012,Pennsylvania,6,Middle Atlantic,Northeast,704962,269617,96814,73720
20124207,2012,Pennsylvania,7,Middle Atlantic,Northeast,707000,258743,104587,79297
20124208,2012,Pennsylvania,8,Middle Atlantic,Northeast,705845,259784,98418,77226
20124209,2012,Pennsylvania,9,Middle Atlantic,Northeast,704950,279513,55376,43459
20124210,2012,Pennsylvania,10,Middle Atlantic,Northeast,706290,271514,61148,48196
20124211,2012,Pennsylvania,11,Middle Atlantic,Northeast,702715,281533,63212,50005
20124212,2012,Pennsylvania,12,Middle Atlantic,Northeast,705147,287971,73186,53840
20124213,2012,Pennsylvania,13,Middle Atlantic,Northeast,710789,268220,75195,56446
20124214,2012,Pennsylvania,14,Middle Atlantic,Northeast,706629,314561,55756,39836
20124215,2012,Pennsylvania,15,Middle Atlantic,Northeast,707666,268710,73808,57378
20124216,2012,Pennsylvania,16,Middle Atlantic,Northeast,705171,261403,67910,53252
20124217,2012,Pennsylvania,17,Middle Atlantic,Northeast,703678,276349,60707,47750
20124218,2012,Pennsylvania,18,Middle Atlantic,Northeast,706534,289386,75307,57756
20124401,2012,Rhode Island,1,New England,Northeast,527510,207583,71866,52470
20124402,2012,Rhode Island,2,New England,Northeast,524961,203056,77405,60292
20124501,2012,South Carolina,1,South Atlantic,South,665350,258565,76452,57192
20124502,2012,South Carolina,2,South Atlantic,South,659765,254296,69331,53148
20124503,2012,South Carolina,3,South Atlantic,South,660878,250893,54946,41469
20124504,2012,South Carolina,4,South Atlantic,South,663182,254495,63595,46231
20124505,2012,South Carolina,5,South Atlantic,South,658972,250189,57100,43707
20124506,2012,South Carolina,6,South Atlantic,South,660144,240057,46380,33493
20124507,2012,South Carolina,7,South Atlantic,South,662060,259760,54064,39295
20124600,2012,South Dakota,0,West North Central,Midwest,815871,320467,63453,49091
20124701,2012,Tennessee,1,East South Central,South,705017,292079,52072,38351
20124702,2012,Tennessee,2,East South Central,South,705927,288974,62233,45217
20124703,2012,Tennessee,3,East South Central,South,705900,280246,58146,42005
20124704,2012,Tennessee,4,East South Central,South,706349,265341,57543,44593
20124705,2012,Tennessee,5,East South Central,South,707120,285160,66296,46682
20124706,2012,Tennessee,6,East South Central,South,706411,271308,59335,45217
20124707,2012,Tennessee,7,East South Central,South,705661,262080,67725,48552
20124708,2012,Tennessee,8,East South Central,South,700296,259891,73221,51146
20124709,2012,Tennessee,9,East South Central,South,710545,263762,52007,38238
20124801,2012,Texas,1,West South Central,South,697409,254858,61019,43636
20124802,2012,Texas,2,West South Central,South,701651,254034,97704,70760
20124803,2012,Texas,3,West South Central,South,705386,255130,106107,84467
20124804,2012,Texas,4,West South Central,South,698874,255878,62477,47284
20124805,2012,Texas,5,West South Central,South,697630,243201,61209,45694
20124806,2012,Texas,6,West South Central,South,701639,248992,75925,60611
20124807,2012,Texas,7,West South Central,South,693940,269741,108627,69333
20124808,2012,Texas,8,West South Central,South,702877,238028,82531,60194
20124809,2012,Texas,9,West South Central,South,696093,235539,56866,42235
20124810,2012,Texas,10,West South Central,South,700290,254962,84816,62237
20124811,2012,Texas,11,West South Central,South,700913,258677,66653,47510
20124812,2012,Texas,12,West South Central,South,702780,263539,76524,58189
20124813,2012,Texas,13,West South Central,South,696227,256073,61779,47141
20124814,2012,Texas,14,West South Central,South,698453,252952,71866,53407
20124815,2012,Texas,15,West South Central,South,699720,204004,54161,38114
20124816,2012,Texas,16,West South Central,South,700636,226311,56489,41313
20124817,2012,Texas,17,West South Central,South,698943,255652,60349,44561
20124818,2012,Texas,18,West South Central,South,699151,239304,56558,40175
20124819,2012,Texas,19,West South Central,South,696631,251501,59741,43190
20124820,2012,Texas,20,West South Central,South,698432,238834,57328,44878
20124821,2012,Texas,21,West South Central,South,699328,289414,82923,59467
20124822,2012,Texas,22,West South Central,South,701617,229598,103482,83508
20124823,2012,Texas,23,West South Central,South,698454,216276,67089,46160
20124824,2012,Texas,24,West South Central,South,709601,285867,90201,62931
20124825,2012,Texas,25,West South Central,South,707356,249564,83708,59092
20124826,2012,Texas,26,West South Central,South,701860,240160,95017,77253
20124827,2012,Texas,27,West South Central,South,699518,252578,62999,46991
20124828,2012,Texas,28,West South Central,South,699387,205692,55875,42465
20124829,2012,Texas,29,West South Central,South,705502,205079,48928,38172
20124830,2012,Texas,30,West South Central,South,698041,236666,55478,41835
20124831,2012,Texas,31,West South Central,South,700127,245014,76174,61994
20124832,2012,Texas,32,West South Central,South,699282,268558,95430,62644
20124833,2012,Texas,33,West South Central,South,699449,210993,43656,34259
20124834,2012,Texas,34,West South Central,South,697106,205194,48815,34017
20124835,2012,Texas,35,West South Central,South,701200,234688,50229,39077
20124836,2012,Texas,36,West South Central,South,703394,250047,70138,53821
20124901,2012,Utah,1,Mountain,West,689691,225118,72478,58810
20124902,2012,Utah,2,Mountain,West,691858,233779,67714,52560
20124903,2012,Utah,3,Mountain,West,691856,206398,81051,62310
20124904,2012,Utah,4,Mountain,West,692828,215578,71579,60377
20125000,2012,Vermont,0,New England,Northeast,625498,256830,69033,54168
20125101,2012,Virginia,1,South Atlantic,South,729191,257246,94075,77174
20125102,2012,Virginia,2,South Atlantic,South,721148,270546,77831,61364
20125103,2012,Virginia,3,South Atlantic,South,738316,281737,54273,41617
20125104,2012,Virginia,4,South Atlantic,South,726528,257386,75840,62357
20125105,2012,Virginia,5,South Atlantic,South,725324,283828,64769,47135
20125106,2012,Virginia,6,South Atlantic,South,730567,288167,62165,48041
20125107,2012,Virginia,7,South Atlantic,South,730069,274686,92384,71232
20125108,2012,Virginia,8,South Atlantic,South,726066,296430,121809,94433
20125109,2012,Virginia,9,South Atlantic,South,723943,290762,51377,38247
20125110,2012,Virginia,10,South Atlantic,South,734191,245734,141128,112577
20125111,2012,Virginia,11,South Atlantic,South,729612,259697,123596,102086
20125301,2012,Washington,1,Pacific,West,680517,256853,99649,79164
20125302,2012,Washington,2,Pacific,West,672871,267086,70799,57901
20125303,2012,Washington,3,Pacific,West,673204,255934,67561,53364
20125304,2012,Washington,4,Pacific,West,671642,227880,62718,49029
20125305,2012,Washington,5,Pacific,West,671885,266089,61655,47213
20125306,2012,Washington,6,Pacific,West,672436,269678,69701,53870
20125307,2012,Washington,7,Pacific,West,671488,310712,91167,65671
20125308,2012,Washington,8,Pacific,West,674708,246469,89457,71788
20125309,2012,Washington,9,Pacific,West,670059,260777,86338,64339
20125310,2012,Washington,10,Pacific,West,679904,258517,70271,58190
20125401,2012,West Virginia,1,South Atlantic,South,615010,245102,53905,40451
20125402,2012,West Virginia,2,South Atlantic,South,620458,248938,59664,44830
20125403,2012,West Virginia,3,South Atlantic,South,615013,248634,48637,35865
20125501,2012,Wisconsin,1,East North Central,Midwest,709435,272716,74189,59236
20125502,2012,Wisconsin,2,East North Central,Midwest,713793,292659,74139,58197
20125503,2012,Wisconsin,3,East North Central,Midwest,710797,283099,59983,48379
20125504,2012,Wisconsin,4,East North Central,Midwest,710329,279333,53368,39002
20125505,2012,Wisconsin,5,East North Central,Midwest,711015,287710,79687,63347
20125506,2012,Wisconsin,6,East North Central,Midwest,710616,286154,68888,53714
20125507,2012,Wisconsin,7,East North Central,Midwest,710310,297867,60649,47775
20125508,2012,Wisconsin,8,East North Central,Midwest,710924,286801,66569,53328
20125600,2012,Wyoming,0,Mountain,West,562803,221479,70836,56573
20130101,2013,Alabama,1,East South Central,South,687708,260437,58747,43801
20130102,2013,Alabama,2,East South Central,South,685502,261938,56954,42939
20130103,2013,Alabama,3,East South Central,South,686997,266121,55359,40780
20130104,2013,Alabama,4,East South Central,South,683241,261832,52344,38888
20130105,2013,Alabama,5,East South Central,South,689995,270137,68702,50205
20130106,2013,Alabama,6,East South Central,South,684488,260571,79117,58265
20130107,2013,Alabama,7,East South Central,South,681346,257647,45844,32347
20130200,2013,Alaska,0,Pacific,West,720316,251899,87235,70760
20130401,2013,Arizona,1,Mountain,West,714905,240382,61406,47242
20130402,2013,Arizona,2,Mountain,West,714909,295684,64145,47030
20130403,2013,Arizona,3,Mountain,West,713955,224463,53228,41571
20130404,2013,Arizona,4,Mountain,West,714295,278405,56338,44291
20130405,2013,Arizona,5,Mountain,West,729216,260831,81194,64847
20130406,2013,Arizona,6,Mountain,West,725035,295866,90982,62151
20130407,2013,Arizona,7,Mountain,West,718975,217357,45495,33851
20130408,2013,Arizona,8,Mountain,West,724968,270737,72069,58230
20130409,2013,Arizona,9,Mountain,West,723445,286564,69385,50130
20130501,2013,Arkansas,1,West South Central,South,727814,280985,49397,36196
20130502,2013,Arkansas,2,West South Central,South,738408,286172,63460,46761
20130503,2013,Arkansas,3,West South Central,South,740638,280002,60913,43937
20130504,2013,Arkansas,4,West South Central,South,726509,282564,49140,36385
20130601,2013,California,1,Pacific,West,703460,273831,61343,45751
20130602,2013,California,2,Pacific,West,705080,278172,94804,61745
20130603,2013,California,3,Pacific,West,706946,238674,73944,56043
20130604,2013,California,4,Pacific,West,704155,267940,84950,65274
20130605,2013,California,5,Pacific,West,709973,259714,83846,63839
20130606,2013,California,6,Pacific,West,709858,261641,62973,47073
20130607,2013,California,7,Pacific,West,711508,253968,81581,64282
20130608,2013,California,8,Pacific,West,701729,224821,60784,47647
20130609,2013,California,9,Pacific,West,713822,222277,73610,55399
20130610,2013,California,10,Pacific,West,708208,225661,69645,53764
20130611,2013,California,11,Pacific,West,713834,259763,105899,74242
20130612,2013,California,12,Pacific,West,709733,311866,110493,74983
20130613,2013,California,13,Pacific,West,713621,278081,87398,59193
20130614,2013,California,14,Pacific,West,716505,247946,114744,84619
20130615,2013,California,15,Pacific,West,715442,234778,109301,88270
20130616,2013,California,16,Pacific,West,707600,201570,52067,37926
20130617,2013,California,17,Pacific,West,715860,240230,117556,99450
20130618,2013,California,18,Pacific,West,717291,269439,147256,103215
20130619,2013,California,19,Pacific,West,711741,216144,101668,79040
20130620,2013,California,20,Pacific,West,711237,221229,80178,60226
20130621,2013,California,21,Pacific,West,704931,178490,51981,38748
20130622,2013,California,22,Pacific,West,715511,230204,71551,53208
20130623,2013,California,23,Pacific,West,710045,234773,70516,54597
20130624,2013,California,24,Pacific,West,709257,248456,83385,60947
20130625,2013,California,25,Pacific,West,707291,217940,91246,72667
20130626,2013,California,26,Pacific,West,707173,225595,98208,75101
20130627,2013,California,27,Pacific,West,709635,242872,94718,68534
20130628,2013,California,28,Pacific,West,707712,294293,85017,54205
20130629,2013,California,29,Pacific,West,703728,199554,60465,47098
20130630,2013,California,30,Pacific,West,722785,267389,97687,69266
20130631,2013,California,31,Pacific,West,711429,214013,71558,54168
20130632,2013,California,32,Pacific,West,706679,192800,73552,59829
20130633,2013,California,33,Pacific,West,707889,298926,145581,94936
20130634,2013,California,34,Pacific,West,704448,231933,51119,35246
20130635,2013,California,35,Pacific,West,716782,182239,65957,54662
20130636,2013,California,36,Pacific,West,706250,252923,65897,45317
20130637,2013,California,37,Pacific,West,713090,267176,75392,49651
20130638,2013,California,38,Pacific,West,711297,204238,77714,63146
20130639,2013,California,39,Pacific,West,712540,220773,99176,79211
20130640,2013,California,40,Pacific,West,701875,175196,51757,40353
20130641,2013,California,41,Pacific,West,714117,193631,67634,53970
20130642,2013,California,42,Pacific,West,724529,210945,87089,73236
20130643,2013,California,43,Pacific,West,702734,232773,66283,49107
20130644,2013,California,44,Pacific,West,706910,183289,58628,45894
20130645,2013,California,45,Pacific,West,716463,254680,116243,91628
20130646,2013,California,46,Pacific,West,710251,182217,68870,54594
20130647,2013,California,47,Pacific,West,711858,241495,78806,58784
20130648,2013,California,48,Pacific,West,709915,264732,113329,79691
20130649,2013,California,49,Pacific,West,709509,247719,101093,72140
20130650,2013,California,50,Pacific,West,710172,233125,79240,61656
20130651,2013,California,51,Pacific,West,711858,196253,54556,41396
20130652,2013,California,52,Pacific,West,711522,272638,107283,82184
20130653,2013,California,53,Pacific,West,721393,261435,77728,61552
20130801,2013,Colorado,1,Mountain,West,740254,315635,77486,52491
20130802,2013,Colorado,2,Mountain,West,732796,292524,90774,67427
20130803,2013,Colorado,3,Mountain,West,720369,283906,65508,49265
20130804,2013,Colorado,4,Mountain,West,728317,262436,81299,62352
20130805,2013,Colorado,5,Mountain,West,729855,274713,72721,55421
20130806,2013,Colorado,6,Mountain,West,737221,270085,86995,66779
20130807,2013,Colorado,7,Mountain,West,730517,278292,73995,58919
20130901,2013,Connecticut,1,New England,Northeast,716937,281278,84955,64855
20130902,2013,Connecticut,2,New England,Northeast,714344,269318,89510,71760
20130903,2013,Connecticut,3,New England,Northeast,714568,275177,83075,63311
20130904,2013,Connecticut,4,New England,Northeast,722189,258096,142776,84882
20130905,2013,Connecticut,5,New England,Northeast,715523,271980,90764,66615
20131000,2013,Delaware,0,South Atlantic,South,908446,335707,77915,59878
20131198,2013,District of Columbia,98,South Atlantic,South,619371,263649,101076,65830
20131201,2013,Florida,1,South Atlantic,South,710443,269302,64531,49727
20131202,2013,Florida,2,South Atlantic,South,700791,263520,58725,43987
20131203,2013,Florida,3,South Atlantic,South,702086,256283,60280,44772
20131204,2013,Florida,4,South Atlantic,South,705446,268238,74796,55702
20131205,2013,Florida,5,South Atlantic,South,694661,247668,45544,34021
20131206,2013,Florida,6,South Atlantic,South,706678,278801,67023,46089
20131207,2013,Florida,7,South Atlantic,South,703609,248913,74447,54993
20131208,2013,Florida,8,South Atlantic,South,699213,283043,65487,47565
20131209,2013,Florida,9,South Atlantic,South,730456,241496,58450,45661
20131210,2013,Florida,10,South Atlantic,South,711871,270375,68645,49901
20131211,2013,Florida,11,South Atlantic,South,701538,290895,53157,41055
20131212,2013,Florida,12,South Atlantic,South,702789,277276,68397,49429
20131213,2013,Florida,13,South Atlantic,South,697699,308763,63176,45368
20131214,2013,Florida,14,South Atlantic,South,713146,280783,59360,40994
20131215,2013,Florida,15,South Atlantic,South,707138,251894,68346,50944
20131216,2013,Florida,16,South Atlantic,South,706740,299976,68090,48521
20131217,2013,Florida,17,South Atlantic,South,703962,264862,56488,42927
20131218,2013,Florida,18,South Atlantic,South,696908,278132,77769,51629
20131219,2013,Florida,19,South Atlantic,South,710604,279311,78230,50533
20131220,2013,Florida,20,South Atlantic,South,714259,243279,49240,38074
20131221,2013,Florida,21,South Atlantic,South,712934,272311,79184,55671
20131222,2013,Florida,22,South Atlantic,South,706206,305105,84243,53348
20131223,2013,Florida,23,South Atlantic,South,713773,281853,80961,53030
20131224,2013,Florida,24,South Atlantic,South,700716,226239,52934,37973
20131225,2013,Florida,25,South Atlantic,South,705108,214018,64761,48402
20131226,2013,Florida,26,South Atlantic,South,721723,216196,68796,52530
20131227,2013,Florida,27,South Atlantic,South,710659,240448,73171,41768
20131301,2013,Georgia,1,South Atlantic,South,703369,257529,60516,45550
20131302,2013,Georgia,2,South Atlantic,South,695190,249877,47812,33993
20131303,2013,Georgia,3,South Atlantic,South,695326,251023,68588,52748
20131304,2013,Georgia,4,South Atlantic,South,705977,244463,63783,50015
20131305,2013,Georgia,5,South Atlantic,South,707065,276356,68111,43143
20131306,2013,Georgia,6,South Atlantic,South,704553,267128,108559,78692
20131307,2013,Georgia,7,South Atlantic,South,712166,231427,84159,64591
20131308,2013,Georgia,8,South Atlantic,South,696619,251950,55207,40791
20131309,2013,Georgia,9,South Atlantic,South,697518,252632,59710,44956
20131310,2013,Georgia,10,South Atlantic,South,700844,242275,62912,47864
20131311,2013,Georgia,11,South Atlantic,South,700954,259239,86867,61462
20131312,2013,Georgia,12,South Atlantic,South,697614,246688,55629,40563
20131313,2013,Georgia,13,South Atlantic,South,700391,242541,64920,51180
20131314,2013,Georgia,14,South Atlantic,South,692831,244969,56586,44416
20131501,2013,Hawaii,1,Pacific,West,689493,231718,89159,71934
20131502,2013,Hawaii,2,Pacific,West,686805,218053,80443,63206
20131601,2013,Idaho,1,Mountain,West,794603,290668,60298,47964
20131602,2013,Idaho,2,Mountain,West,788761,289129,60086,45604
20131701,2013,Illinois,1,East North Central,Midwest,717722,262308,65251,48957
20131702,2013,Illinois,2,East North Central,Midwest,711444,258310,58835,46273
20131703,2013,Illinois,3,East North Central,Midwest,717099,241769,78616,62183
20131704,2013,Illinois,4,East North Central,Midwest,703545,216563,57551,43340
20131705,2013,Illinois,5,East North Central,Midwest,725210,301300,98348,67652
20131706,2013,Illinois,6,East North Central,Midwest,716669,258883,118087,90270
20131707,2013,Illinois,7,East North Central,Midwest,712795,283305,80390,47955
20131708,2013,Illinois,8,East North Central,Midwest,714863,252623,78616,64261
20131709,2013,Illinois,9,East North Central,Midwest,716172,285594,93746,63384
20131710,2013,Illinois,10,East North Central,Midwest,711839,247014,103846,70737
20131711,2013,Illinois,11,East North Central,Midwest,715141,241136,85767,68636
20131712,2013,Illinois,12,East North Central,Midwest,710492,277705,58913,44641
20131713,2013,Illinois,13,East North Central,Midwest,710184,282944,62705,47050
20131714,2013,Illinois,14,East North Central,Midwest,719211,246461,100189,83235
20131715,2013,Illinois,15,East North Central,Midwest,710402,277216,59964,46710
20131716,2013,Illinois,16,East North Central,Midwest,708930,269396,68018,54822
20131717,2013,Illinois,17,East North Central,Midwest,709584,286406,56191,43418
20131718,2013,Illinois,18,East North Central,Midwest,717252,283790,74301,58335
20131801,2013,Indiana,1,East North Central,Midwest,719598,266308,64895,51404
20131802,2013,Indiana,2,East North Central,Midwest,720177,269043,58342,45392
20131803,2013,Indiana,3,East North Central,Midwest,723786,275424,61697,48401
20131804,2013,Indiana,4,East North Central,Midwest,726582,273568,64602,51251
20131805,2013,Indiana,5,East North Central,Midwest,730100,284695,84986,61375
20131806,2013,Indiana,6,East North Central,Midwest,720913,277980,58437,45905
20131807,2013,Indiana,7,East North Central,Midwest,728065,280171,51299,38906
20131808,2013,Indiana,8,East North Central,Midwest,720771,277994,59403,46511
20131809,2013,Indiana,9,East North Central,Midwest,724869,276610,62731,48882
20131901,2013,Iowa,1,West North Central,Midwest,764196,304675,65509,52432
20131902,2013,Iowa,2,West North Central,Midwest,765751,307724,63828,49508
20131903,2013,Iowa,3,West North Central,Midwest,771876,304603,73373,57152
20131904,2013,Iowa,4,West North Central,Midwest,760730,309545,61927,48531
20132001,2013,Kansas,1,West North Central,Midwest,716679,277119,59209,46039
20132002,2013,Kansas,2,West North Central,Midwest,713181,279303,61220,47528
20132003,2013,Kansas,3,West North Central,Midwest,723284,277914,87937,65779
20132004,2013,Kansas,4,West North Central,Midwest,714963,276104,63817,49393
20132101,2013,Kentucky,1,East South Central,South,723918,281511,51055,38950
20132102,2013,Kentucky,2,East South Central,South,728692,276432,57868,44807
20132103,2013,Kentucky,3,East South Central,South,727843,299180,65012,46170
20132104,2013,Kentucky,4,East South Central,South,729435,270976,70858,54559
20132105,2013,Kentucky,5,East South Central,South,719558,276452,44009,30969
20132106,2013,Kentucky,6,East South Central,South,731887,290445,62576,45454
20132201,2013,Louisiana,1,West South Central,South,764563,291436,75058,54153
20132202,2013,Louisiana,2,West South Central,South,764555,288910,53681,36937
20132203,2013,Louisiana,3,West South Central,South,759751,285062,63177,45395
20132204,2013,Louisiana,4,West South Central,South,759767,284824,57908,41583
20132205,2013,Louisiana,5,West South Central,South,755125,272986,52286,36548
20132206,2013,Louisiana,6,West South Central,South,764207,284634,73942,56817
20132301,2013,Maine,1,New England,Northeast,666179,277988,70974,54916
20132302,2013,Maine,2,New England,Northeast,662141,275835,55251,42676
20132401,2013,Maryland,1,South Atlantic,South,724195,265830,86472,68898
20132402,2013,Maryland,2,South Atlantic,South,729128,276891,76961,61864
20132403,2013,Maryland,3,South Atlantic,South,731197,282966,99904,75982
20132404,2013,Maryland,4,South Atlantic,South,728380,260209,91777,73903
20132405,2013,Maryland,5,South Atlantic,South,729196,249554,105539,91020
20132406,2013,Maryland,6,South Atlantic,South,735955,266778,99016,73459
20132407,2013,Maryland,7,South Atlantic,South,720427,269996,80296,54474
20132408,2013,Maryland,8,South Atlantic,South,735821,274016,128871,95837
20132501,2013,Massachusetts,1,New England,Northeast,728954,286780,67494,51464
20132502,2013,Massachusetts,2,New England,Northeast,731605,273100,80376,63008
20132503,2013,Massachusetts,3,New England,Northeast,736076,272798,89186,67530
20132504,2013,Massachusetts,4,New England,Northeast,733514,268151,120141,85495
20132505,2013,Massachusetts,5,New England,Northeast,734831,287499,110975,81008
20132506,2013,Massachusetts,6,New England,Northeast,735939,279703,99552,77384
20132507,2013,Massachusetts,7,New England,Northeast,738091,280197,74209,51534
20132508,2013,Massachusetts,8,New England,Northeast,737611,289729,97324,73988
20132509,2013,Massachusetts,9,New England,Northeast,728437,292190,79878,61082
20132601,2013,Michigan,1,East North Central,Midwest,705497,292908,55924,42982
20132602,2013,Michigan,2,East North Central,Midwest,709220,264674,60479,47778
20132603,2013,Michigan,3,East North Central,Midwest,710613,265918,66308,50372
20132604,2013,Michigan,4,East North Central,Midwest,704169,271382,57545,43670
20132605,2013,Michigan,5,East North Central,Midwest,700582,279084,53872,41268
20132606,2013,Michigan,6,East North Central,Midwest,707787,271699,60840,46042
20132607,2013,Michigan,7,East North Central,Midwest,704897,268703,64675,51661
20132608,2013,Michigan,8,East North Central,Midwest,709288,268020,79804,62000
20132609,2013,Michigan,9,East North Central,Midwest,709794,295494,68079,50731
20132610,2013,Michigan,10,East North Central,Midwest,705742,269753,68988,54982
20132611,2013,Michigan,11,East North Central,Midwest,709416,274858,94780,73311
20132612,2013,Michigan,12,East North Central,Midwest,704455,269530,68439,51712
20132613,2013,Michigan,13,East North Central,Midwest,699734,263274,43276,31777
20132614,2013,Michigan,14,East North Central,Midwest,704901,267983,63367,41178
20132701,2013,Minnesota,1,West North Central,Midwest,664864,260631,68529,54331
20132702,2013,Minnesota,2,West North Central,Midwest,670066,250150,89595,74051
20132703,2013,Minnesota,3,West North Central,Midwest,673379,264201,105537,78289
20132704,2013,Minnesota,4,West North Central,Midwest,672356,263418,79495,60354
20132705,2013,Minnesota,5,West North Central,Midwest,672851,284837,73343,53132
20132706,2013,Minnesota,6,West North Central,Midwest,669600,240371,81288,70081
20132707,2013,Minnesota,7,West North Central,Midwest,662031,269142,61566,49646
20132708,2013,Minnesota,8,West North Central,Midwest,662593,274482,60440,48591
20132801,2013,Mississippi,1,East South Central,South,745946,275124,53946,41117
20132802,2013,Mississippi,2,East South Central,South,736637,256353,45727,31570
20132803,2013,Mississippi,3,East South Central,South,745663,280137,59543,41194
20132804,2013,Mississippi,4,East South Central,South,748626,276459,56628,42370
20132901,2013,Missouri,1,West North Central,Midwest,747568,314790,55171,40057
20132902,2013,Missouri,2,West North Central,Midwest,752009,296300,100176,73780
20132903,2013,Missouri,3,West North Central,Midwest,753878,285045,67090,54625
20132904,2013,Missouri,4,West North Central,Midwest,751928,287246,57257,44361
20132905,2013,Missouri,5,West North Central,Midwest,750456,305157,59196,44869
20132906,2013,Missouri,6,West North Central,Midwest,751467,285836,67053,52500
20132907,2013,Missouri,7,West North Central,Midwest,752890,297597,54882,41357
20132908,2013,Missouri,8,West North Central,Midwest,746986,288160,49586,37824
20133000,2013,Montana,0,Mountain,West,998554,405525,60639,46230
20133101,2013,Nebraska,1,West North Central,Midwest,614946,241266,67050,53023
20133102,2013,Nebraska,2,West North Central,Midwest,618515,238068,75428,56634
20133103,2013,Nebraska,3,West North Central,Midwest,608164,246453,58877,46393
20133201,2013,Nevada,1,Mountain,West,663227,239558,53817,40250
20133202,2013,Nevada,2,Mountain,West,679579,258994,71413,54341
20133203,2013,Nevada,3,Mountain,West,700887,266201,84082,64580
20133204,2013,Nevada,4,Mountain,West,686373,234263,67404,53479
20133301,2013,New Hampshire,1,New England,Northeast,660978,261425,84278,65502
20133302,2013,New Hampshire,2,New England,Northeast,658193,256820,81568,64303
20133401,2013,New Jersey,1,Middle Atlantic,Northeast,732996,270198,81127,63938
20133402,2013,New Jersey,2,Middle Atlantic,Northeast,733531,270383,75481,58166
20133403,2013,New Jersey,3,Middle Atlantic,Northeast,735171,278058,91739,73450
20133404,2013,New Jersey,4,Middle Atlantic,Northeast,733407,269586,100936,75270
20133405,2013,New Jersey,5,Middle Atlantic,Northeast,735803,264454,120288,91064
20133406,2013,New Jersey,6,Middle Atlantic,Northeast,736846,252418,95860,75952
20133407,2013,New Jersey,7,Middle Atlantic,Northeast,735783,262388,137540,101489
20133408,2013,New Jersey,8,Middle Atlantic,Northeast,744775,268767,76793,53583
20133409,2013,New Jersey,9,Middle Atlantic,Northeast,738554,260197,83337,59375
20133410,2013,New Jersey,10,Middle Atlantic,Northeast,732011,263323,68816,48392
20133411,2013,New Jersey,11,Middle Atlantic,Northeast,735532,266109,131193,100133
20133412,2013,New Jersey,12,Middle Atlantic,Northeast,737997,260537,104776,79606
20133501,2013,New Mexico,1,Mountain,West,691624,272030,65578,48145
20133502,2013,New Mexico,2,Mountain,West,691876,243424,55012,40024
20133503,2013,New Mexico,3,Mountain,West,686206,246484,63969,47018
20133601,2013,New York,1,Middle Atlantic,Northeast,720418,247820,105660,86967
20133602,2013,New York,2,Middle Atlantic,Northeast,721578,229130,102464,87268
20133603,2013,New York,3,Middle Atlantic,Northeast,720750,250480,140277,101441
20133604,2013,New York,4,Middle Atlantic,Northeast,715641,234531,114938,93085
20133605,2013,New York,5,Middle Atlantic,Northeast,747137,224743,76169,61223
20133606,2013,New York,6,Middle Atlantic,Northeast,717451,268201,75287,57470
20133607,2013,New York,7,Middle Atlantic,Northeast,739966,248042,70546,44104
20133608,2013,New York,8,Middle Atlantic,Northeast,724625,268857,62506,44076
20133609,2013,New York,9,Middle Atlantic,Northeast,728973,270881,67850,47670
20133610,2013,New York,10,Middle Atlantic,Northeast,718444,306112,134623,73955
20133611,2013,New York,11,Middle Atlantic,Northeast,719449,260214,83019,63631
20133612,2013,New York,12,Middle Atlantic,Northeast,708992,361112,147236,85507
20133613,2013,New York,13,Middle Atlantic,Northeast,741564,270024,53985,35157
20133614,2013,New York,14,Middle Atlantic,Northeast,712284,243714,64789,51231
20133615,2013,New York,15,Middle Atlantic,Northeast,721177,236076,37171,25509
20133616,2013,New York,16,Middle Atlantic,Northeast,729011,265224,102387,63399
20133617,2013,New York,17,Middle Atlantic,Northeast,725298,242924,123709,87893
20133618,2013,New York,18,Middle Atlantic,Northeast,717584,247574,101418,77337
20133619,2013,New York,19,Middle Atlantic,Northeast,716083,275604,74596,56796
20133620,2013,New York,20,Middle Atlantic,Northeast,719589,286268,76492,59842
20133621,2013,New York,21,Middle Atlantic,Northeast,719261,281211,62707,49614
20133622,2013,New York,22,Middle Atlantic,Northeast,714956,278191,61178,48020
20133623,2013,New York,23,Middle Atlantic,Northeast,716445,285532,60079,46756
20133624,2013,New York,24,Middle Atlantic,Northeast,716540,281001,67570,52866
20133625,2013,New York,25,Middle Atlantic,Northeast,719996,286789,69318,51811
20133626,2013,New York,26,Middle Atlantic,Northeast,716451,305246,58135,43539
20133627,2013,New York,27,Middle Atlantic,Northeast,717390,279242,74424,58925
20133701,2013,North Carolina,1,South Atlantic,South,728046,280362,46844,34076
20133702,2013,North Carolina,2,South Atlantic,South,751263,276986,66959,50767
20133703,2013,North Carolina,3,South Atlantic,South,743991,281956,58516,45359
20133704,2013,North Carolina,4,South Atlantic,South,743030,292224,68626,49291
20133705,2013,North Carolina,5,South Atlantic,South,740236,295058,60780,43749
20133706,2013,North Carolina,6,South Atlantic,South,747697,296466,67269,49425
20133707,2013,North Carolina,7,South Atlantic,South,742794,287035,61305,45961
20133708,2013,North Carolina,8,South Atlantic,South,735302,268896,53763,41325
20133709,2013,North Carolina,9,South Atlantic,South,750787,285896,100331,70793
20133710,2013,North Carolina,10,South Atlantic,South,733481,288000,57808,42811
20133711,2013,North Carolina,11,South Atlantic,South,735900,298969,52807,40105
20133712,2013,North Carolina,12,South Atlantic,South,749231,282099,48896,36379
20133713,2013,North Carolina,13,South Atlantic,South,749622,281618,83909,64394
20133800,2013,North Dakota,0,West North Central,Midwest,689781,287270,70235,53741
20133901,2013,Ohio,1,East North Central,Midwest,721708,278089,71949,51730
20133902,2013,Ohio,2,East North Central,Midwest,723706,288007,70158,51133
20133903,2013,Ohio,3,East North Central,Midwest,724900,284433,54709,40687
20133904,2013,Ohio,4,East North Central,Midwest,718572,275113,59168,47084
20133905,2013,Ohio,5,East North Central,Midwest,723657,286083,65022,51214
20133906,2013,Ohio,6,East North Central,Midwest,717868,282581,54277,41606
20133907,2013,Ohio,7,East North Central,Midwest,721469,275727,61383,48579
20133908,2013,Ohio,8,East North Central,Midwest,721860,273790,65357,51387
20133909,2013,Ohio,9,East North Central,Midwest,718756,297342,53255,40147
20133910,2013,Ohio,10,East North Central,Midwest,723247,295253,62012,46000
20133911,2013,Ohio,11,East North Central,Midwest,710894,300970,53527,33955
20133912,2013,Ohio,12,East North Central,Midwest,729175,280049,83608,63089
20133913,2013,Ohio,13,East North Central,Midwest,722210,298341,53190,41627
20133914,2013,Ohio,14,East North Central,Midwest,719933,282517,79671,59905
20133915,2013,Ohio,15,East North Central,Midwest,730666,275101,70207,54280
20133916,2013,Ohio,16,East North Central,Midwest,720969,284259,75871,59799
20134001,2013,Oklahoma,1,West South Central,South,758636,298824,68157,49334
20134002,2013,Oklahoma,2,West South Central,South,748973,284974,50623,38698
20134003,2013,Oklahoma,3,West South Central,South,755153,283012,60488,46277
20134004,2013,Oklahoma,4,West South Central,South,759834,282130,62919,49466
20134005,2013,Oklahoma,5,West South Central,South,763146,295141,64785,44128
20134101,2013,Oregon,1,Pacific,West,778240,296739,79784,61616
20134102,2013,Oregon,2,Pacific,West,770897,305431,57955,43915
20134103,2013,Oregon,3,Pacific,West,778448,309524,70305,52952
20134104,2013,Oregon,4,Pacific,West,768142,311455,56179,42393
20134105,2013,Oregon,5,Pacific,West,772994,293307,69762,53008
20134201,2013,Pennsylvania,1,Middle Atlantic,Northeast,704640,259919,57221,39912
20134202,2013,Pennsylvania,2,Middle Atlantic,Northeast,711856,279217,64427,36392
20134203,2013,Pennsylvania,3,Middle Atlantic,Northeast,703635,280815,61235,46687
20134204,2013,Pennsylvania,4,Middle Atlantic,Northeast,708838,276520,71986,57930
20134205,2013,Pennsylvania,5,Middle Atlantic,Northeast,705868,275508,57828,45160
20134206,2013,Pennsylvania,6,Middle Atlantic,Northeast,711013,270193,98147,74080
20134207,2013,Pennsylvania,7,Middle Atlantic,Northeast,708947,258558,105250,79680
20134208,2013,Pennsylvania,8,Middle Atlantic,Northeast,707163,260308,98942,76905
20134209,2013,Pennsylvania,9,Middle Atlantic,Northeast,703670,279171,56157,44258
20134210,2013,Pennsylvania,10,Middle Atlantic,Northeast,706743,270272,62257,49019
20134211,2013,Pennsylvania,11,Middle Atlantic,Northeast,705658,282750,64520,50636
20134212,2013,Pennsylvania,12,Middle Atlantic,Northeast,705045,288330,74574,54772
20134213,2013,Pennsylvania,13,Middle Atlantic,Northeast,712645,266686,75856,56673
20134214,2013,Pennsylvania,14,Middle Atlantic,Northeast,705961,313913,56521,40530
20134215,2013,Pennsylvania,15,Middle Atlantic,Northeast,710592,269456,74017,57595
20134216,2013,Pennsylvania,16,Middle Atlantic,Northeast,709239,262093,68199,53210
20134217,2013,Pennsylvania,17,Middle Atlantic,Northeast,702324,274365,61491,48024
20134218,2013,Pennsylvania,18,Middle Atlantic,Northeast,707544,290353,76427,58250
20134401,2013,Rhode Island,1,New England,Northeast,527330,207278,72984,52512
20134402,2013,Rhode Island,2,New England,Northeast,524365,202780,78575,60740
20134501,2013,South Carolina,1,South Atlantic,South,682503,264448,76696,57753
20134502,2013,South Carolina,2,South Atlantic,South,667132,255271,69468,53194
20134503,2013,South Carolina,3,South Atlantic,South,664164,252157,55019,41072
20134504,2013,South Carolina,4,South Atlantic,South,669584,255366,63784,46373
20134505,2013,South Carolina,5,South Atlantic,South,666672,251195,57943,44134
20134506,2013,South Carolina,6,South Atlantic,South,662031,241545,46132,33555
20134507,2013,South Carolina,7,South Atlantic,South,667516,260269,53834,39217
20134600,2013,South Dakota,0,West North Central,Midwest,825198,323136,64133,49495
20134701,2013,Tennessee,1,East South Central,South,707012,291634,52216,38165
20134702,2013,Tennessee,2,East South Central,South,711088,288842,62635,45477
20134703,2013,Tennessee,3,East South Central,South,710552,279959,58859,42126
20134704,2013,Tennessee,4,East South Central,South,714362,267970,58325,45428
20134705,2013,Tennessee,5,East South Central,South,716926,285974,66499,47207
20134706,2013,Tennessee,6,East South Central,South,713046,272701,59819,45012
20134707,2013,Tennessee,7,East South Central,South,714583,263065,68484,48762
20134708,2013,Tennessee,8,East South Central,South,704440,260879,73847,51318
20134709,2013,Tennessee,9,East South Central,South,710378,264171,51749,38241
20134801,2013,Texas,1,West South Central,South,702286,255357,61709,44002
20134802,2013,Texas,2,West South Central,South,714222,259384,98294,71328
20134803,2013,Texas,3,West South Central,South,724951,261294,106524,84014
20134804,2013,Texas,4,West South Central,South,704830,257299,63259,47645
20134805,2013,Texas,5,West South Central,South,705642,243509,61820,45566
20134806,2013,Texas,6,West South Central,South,713938,252447,75639,59959
20134807,2013,Texas,7,West South Central,South,708385,273301,109424,69297
20134808,2013,Texas,8,West South Central,South,721673,243350,83271,60746
20134809,2013,Texas,9,West South Central,South,708720,238906,57214,42214
20134810,2013,Texas,10,West South Central,South,720957,259960,85385,63130
20134811,2013,Texas,11,West South Central,South,710994,260347,67905,48328
20134812,2013,Texas,12,West South Central,South,714739,266588,77775,58781
20134813,2013,Texas,13,West South Central,South,699400,256873,62342,47114
20134814,2013,Texas,14,West South Central,South,703962,253670,71970,53184
20134815,2013,Texas,15,West South Central,South,712825,206562,54890,39175
20134816,2013,Texas,16,West South Central,South,710356,229213,57400,41807
20134817,2013,Texas,17,West South Central,South,709510,258925,61412,45328
20134818,2013,Texas,18,West South Central,South,710407,242301,57428,40191
20134819,2013,Texas,19,West South Central,South,703351,251061,60133,44031
20134820,2013,Texas,20,West South Central,South,713976,241568,58824,46109
20134821,2013,Texas,21,West South Central,South,714289,293244,83455,60230
20134822,2013,Texas,22,West South Central,South,725946,238088,104763,84752
20134823,2013,Texas,23,West South Central,South,713442,219489,67984,47433
20134824,2013,Texas,24,West South Central,South,720793,288613,90667,63202
20134825,2013,Texas,25,West South Central,South,718722,252241,85073,59906
20134826,2013,Texas,26,West South Central,South,725214,246684,96096,78739
20134827,2013,Texas,27,West South Central,South,704490,253556,63233,47418
20134828,2013,Texas,28,West South Central,South,710874,207869,56316,43555
20134829,2013,Texas,29,West South Central,South,715491,206592,48891,37651
20134830,2013,Texas,30,West South Central,South,709475,239381,56985,42474
20134831,2013,Texas,31,West South Central,South,719948,248583,77317,62328
20134832,2013,Texas,32,West South Central,South,709158,272038,96181,62513
20134833,2013,Texas,33,West South Central,South,706780,212095,44305,34680
20134834,2013,Texas,34,West South Central,South,705858,207329,50082,34759
20134835,2013,Texas,35,West South Central,South,714116,237924,50978,39572
20134836,2013,Texas,36,West South Central,South,709653,250830,70729,53678
20134901,2013,Utah,1,Mountain,West,700815,226221,73204,59229
20134902,2013,Utah,2,Mountain,West,699359,233390,69015,53233
20134903,2013,Utah,3,Mountain,West,702059,207375,80817,62450
20134904,2013,Utah,4,Mountain,West,711440,219784,72541,61088
20135000,2013,Vermont,0,New England,Northeast,625904,257004,69716,54267
20135101,2013,Virginia,1,South Atlantic,South,741896,260188,95194,77255
20135102,2013,Virginia,2,South Atlantic,South,724953,272444,77646,60840
20135103,2013,Virginia,3,South Atlantic,South,740448,281994,54175,41587
20135104,2013,Virginia,4,South Atlantic,South,733796,259105,76089,62313
20135105,2013,Virginia,5,South Atlantic,South,727039,284158,65165,47573
20135106,2013,Virginia,6,South Atlantic,South,733703,288190,62985,47939
20135107,2013,Virginia,7,South Atlantic,South,736026,276040,91981,70645
20135108,2013,Virginia,8,South Atlantic,South,741105,299110,124052,96201
20135109,2013,Virginia,9,South Atlantic,South,723672,290378,52205,38940
20135110,2013,Virginia,10,South Atlantic,South,751122,249283,141890,113376
20135111,2013,Virginia,11,South Atlantic,South,746893,261849,124701,102826
20135301,2013,Washington,1,Pacific,West,684234,255558,101652,79903
20135302,2013,Washington,2,Pacific,West,678741,266244,71101,57911
20135303,2013,Washington,3,Pacific,West,679270,256261,67561,53086
20135304,2013,Washington,4,Pacific,West,682322,229811,63125,49394
20135305,2013,Washington,5,Pacific,West,676586,266556,61510,47006
20135306,2013,Washington,6,Pacific,West,677416,269565,70732,54210
20135307,2013,Washington,7,Pacific,West,686251,314061,92829,66890
20135308,2013,Washington,8,Pacific,West,687373,249866,89839,72420
20135309,2013,Washington,9,Pacific,West,682076,262645,86433,64116
20135310,2013,Washington,10,Pacific,West,685310,258559,70094,57401
20135401,2013,West Virginia,1,South Atlantic,South,616974,244778,55483,41083
20135402,2013,West Virginia,2,South Atlantic,South,622552,249532,60578,45013
20135403,2013,West Virginia,3,South Atlantic,South,614093,247080,49813,36649
20135501,2013,Wisconsin,1,East North Central,Midwest,712056,273916,73833,58937
20135502,2013,Wisconsin,2,East North Central,Midwest,719912,295506,74520,58159
20135503,2013,Wisconsin,3,East North Central,Midwest,712838,282529,60470,48779
20135504,2013,Wisconsin,4,East North Central,Midwest,712768,278725,53589,38617
20135505,2013,Wisconsin,5,East North Central,Midwest,713484,287906,79764,62875
20135506,2013,Wisconsin,6,East North Central,Midwest,711216,286553,68629,53249
20135507,2013,Wisconsin,7,East North Central,Midwest,710298,296275,61341,47986
20135508,2013,Wisconsin,8,East North Central,Midwest,714299,286922,67175,53562
20135600,2013,Wyoming,0,Mountain,West,570134,222846,71081,57406
20140101,2014,Alabama,1,East South Central,South,691709,259063,59802,44302
20140102,2014,Alabama,2,East South Central,South,685500,262373,57235,43205
20140103,2014,Alabama,3,East South Central,South,692659,268248,55878,41037
20140104,2014,Alabama,4,East South Central,South,683276,261470,53290,39316
20140105,2014,Alabama,5,East South Central,South,695876,272490,69420,50264
20140106,2014,Alabama,6,East South Central,South,688346,261310,79094,58969
20140107,2014,Alabama,7,East South Central,South,680312,257220,46234,32496
20140200,2014,Alaska,0,Pacific,West,728300,251678,88583,71829
20140401,2014,Arizona,1,Mountain,West,724361,241449,61620,47538
20140402,2014,Arizona,2,Mountain,West,716939,295366,65125,47566
20140403,2014,Arizona,3,Mountain,West,725399,227566,53151,41391
20140404,2014,Arizona,4,Mountain,West,724501,281107,56982,44522
20140405,2014,Arizona,5,Mountain,West,743690,263895,82085,65330
20140406,2014,Arizona,6,Mountain,West,729975,297142,92340,62185
20140407,2014,Arizona,7,Mountain,West,733248,220355,45296,33951
20140408,2014,Arizona,8,Mountain,West,734569,273701,72829,58514
20140409,2014,Arizona,9,Mountain,West,728834,286665,69883,50397
20140501,2014,Arkansas,1,West South Central,South,727516,281621,50048,36778
20140502,2014,Arkansas,2,West South Central,South,745257,286809,64148,47265
20140503,2014,Arkansas,3,West South Central,South,750491,282222,62661,44675
20140504,2014,Arkansas,4,West South Central,South,723772,281836,50296,37188
20140601,2014,California,1,Pacific,West,704170,273778,61992,45818
20140602,2014,California,2,Pacific,West,709377,278263,96920,62070
20140603,2014,California,3,Pacific,West,710463,240587,74586,56235
20140604,2014,California,4,Pacific,West,709026,268020,86476,65719
20140605,2014,California,5,Pacific,West,717238,261369,84810,64446
20140606,2014,California,6,Pacific,West,716945,261944,64257,47287
20140607,2014,California,7,Pacific,West,721345,256064,82758,64890
20140608,2014,California,8,Pacific,West,707590,226305,61157,47464
20140609,2014,California,9,Pacific,West,723517,225330,74013,55744
20140610,2014,California,10,Pacific,West,715504,227057,69940,53787
20140611,2014,California,11,Pacific,West,721629,261924,108183,75217
20140612,2014,California,12,Pacific,West,720093,314919,114203,78059
20140613,2014,California,13,Pacific,West,722995,280599,90045,60183
20140614,2014,California,14,Pacific,West,726899,249032,119237,87029
20140615,2014,California,15,Pacific,West,728585,238456,111247,90238
20140616,2014,California,16,Pacific,West,713649,203202,52361,37726
20140617,2014,California,17,Pacific,West,727638,242924,121488,101640
20140618,2014,California,18,Pacific,West,724501,270101,151669,104510
20140619,2014,California,19,Pacific,West,725285,219178,104727,80745
20140620,2014,California,20,Pacific,West,719355,221566,81751,60410
20140621,2014,California,21,Pacific,West,710712,180902,51965,38223
20140622,2014,California,22,Pacific,West,724506,233185,71297,52922
20140623,2014,California,23,Pacific,West,717203,235922,71387,55242
20140624,2014,California,24,Pacific,West,715126,248666,84876,61588
20140625,2014,California,25,Pacific,West,712071,219324,91799,72797
20140626,2014,California,26,Pacific,West,713059,226485,99453,75798
20140627,2014,California,27,Pacific,West,714256,242799,95159,68368
20140628,2014,California,28,Pacific,West,714098,294464,85963,55325
20140629,2014,California,29,Pacific,West,707030,200797,61074,47101
20140630,2014,California,30,Pacific,West,735233,270059,98927,69259
20140631,2014,California,31,Pacific,West,721640,214366,71800,54433
20140632,2014,California,32,Pacific,West,715691,194157,74290,59251
20140633,2014,California,33,Pacific,West,712287,299208,147961,95929
20140634,2014,California,34,Pacific,West,706331,234186,51515,35265
20140635,2014,California,35,Pacific,West,723202,183760,65956,54571
20140636,2014,California,36,Pacific,West,722617,256745,66155,45319
20140637,2014,California,37,Pacific,West,717062,268352,76426,49986
20140638,2014,California,38,Pacific,West,714959,205233,77758,62432
20140639,2014,California,39,Pacific,West,719303,220900,100402,79291
20140640,2014,California,40,Pacific,West,706825,175870,51481,40100
20140641,2014,California,41,Pacific,West,723608,193236,67774,53956
20140642,2014,California,42,Pacific,West,735866,214128,87395,72925
20140643,2014,California,43,Pacific,West,709580,233010,66426,48620
20140644,2014,California,44,Pacific,West,715526,183267,59591,46091
20140645,2014,California,45,Pacific,West,727633,257750,117713,92020
20140646,2014,California,46,Pacific,West,717316,183817,69073,54675
20140647,2014,California,47,Pacific,West,716563,241847,79247,59125
20140648,2014,California,48,Pacific,West,716473,265519,114833,81295
20140649,2014,California,49,Pacific,West,717346,249318,103312,73086
20140650,2014,California,50,Pacific,West,720932,236235,79399,61824
20140651,2014,California,51,Pacific,West,722365,196334,55021,41712
20140652,2014,California,52,Pacific,West,722414,274207,109993,83587
20140653,2014,California,53,Pacific,West,732283,262614,79868,63063
20140801,2014,Colorado,1,Mountain,West,754428,320202,80293,54116
20140802,2014,Colorado,2,Mountain,West,743871,293974,92096,68317
20140803,2014,Colorado,3,Mountain,West,721514,285432,65532,48972
20140804,2014,Colorado,4,Mountain,West,740752,265546,82761,63465
20140805,2014,Colorado,5,Mountain,West,742085,277862,74120,56038
20140806,2014,Colorado,6,Mountain,West,749853,273476,89800,68119
20140807,2014,Colorado,7,Mountain,West,745077,281822,75322,60072
20140901,2014,Connecticut,1,New England,Northeast,716939,281978,86151,65374
20140902,2014,Connecticut,2,New England,Northeast,714049,269620,90113,72105
20140903,2014,Connecticut,3,New England,Northeast,716410,275228,84082,62837
20140904,2014,Connecticut,4,New England,Northeast,728317,258649,145943,85610
20140905,2014,Connecticut,5,New England,Northeast,716338,270731,92102,67023
20141000,2014,Delaware,0,South Atlantic,South,917060,339046,78589,60231
20141198,2014,District of Columbia,98,South Atlantic,South,633736,267415,104615,69235
20141201,2014,Florida,1,South Atlantic,South,720838,270642,65999,50313
20141202,2014,Florida,2,South Atlantic,South,705039,263801,59730,44012
20141203,2014,Florida,3,South Atlantic,South,704221,256526,60704,45081
20141204,2014,Florida,4,South Atlantic,South,711805,270892,75279,55648
20141205,2014,Florida,5,South Atlantic,South,702714,249400,45379,33812
20141206,2014,Florida,6,South Atlantic,South,716304,281226,67433,46240
20141207,2014,Florida,7,South Atlantic,South,712793,250407,74510,54091
20141208,2014,Florida,8,South Atlantic,South,704638,283843,66287,47894
20141209,2014,Florida,9,South Atlantic,South,745639,244521,58676,45647
20141210,2014,Florida,10,South Atlantic,South,727409,273960,69682,50590
20141211,2014,Florida,11,South Atlantic,South,709489,293143,53392,40941
20141212,2014,Florida,12,South Atlantic,South,709722,279395,69018,49983
20141213,2014,Florida,13,South Atlantic,South,701045,309249,64021,45541
20141214,2014,Florida,14,South Atlantic,South,725056,283832,61247,41595
20141215,2014,Florida,15,South Atlantic,South,716560,254849,67856,50696
20141216,2014,Florida,16,South Atlantic,South,717249,304467,70117,49833
20141217,2014,Florida,17,South Atlantic,South,711159,267558,56734,42957
20141218,2014,Florida,18,South Atlantic,South,706940,282284,78822,51708
20141219,2014,Florida,19,South Atlantic,South,723552,285113,78900,51041
20141220,2014,Florida,20,South Atlantic,South,724296,243200,49575,38225
20141221,2014,Florida,21,South Atlantic,South,724095,273491,80208,56599
20141222,2014,Florida,22,South Atlantic,South,716067,307982,85547,54089
20141223,2014,Florida,23,South Atlantic,South,725025,284876,81300,53439
20141224,2014,Florida,24,South Atlantic,South,717150,227859,53737,38004
20141225,2014,Florida,25,South Atlantic,South,720794,215543,65885,49100
20141226,2014,Florida,26,South Atlantic,South,732043,216941,69286,52161
20141227,2014,Florida,27,South Atlantic,South,730150,242508,74919,42360
20141301,2014,Georgia,1,South Atlantic,South,710221,259387,61589,46394
20141302,2014,Georgia,2,South Atlantic,South,694393,249627,48935,34321
20141303,2014,Georgia,3,South Atlantic,South,703287,252908,69197,52385
20141304,2014,Georgia,4,South Atlantic,South,711856,245364,63594,49343
20141305,2014,Georgia,5,South Atlantic,South,716450,278458,68566,43199
20141306,2014,Georgia,6,South Atlantic,South,715913,270888,110053,78832
20141307,2014,Georgia,7,South Atlantic,South,727878,234884,85132,64913
20141308,2014,Georgia,8,South Atlantic,South,699609,252905,55295,40614
20141309,2014,Georgia,9,South Atlantic,South,702933,250979,60237,45558
20141310,2014,Georgia,10,South Atlantic,South,705185,243350,63554,48207
20141311,2014,Georgia,11,South Atlantic,South,711199,263752,88017,62231
20141312,2014,Georgia,12,South Atlantic,South,702694,247592,55856,40676
20141313,2014,Georgia,13,South Atlantic,South,710658,244834,64959,50927
20141314,2014,Georgia,14,South Atlantic,South,695480,245762,57680,44864
20141501,2014,Hawaii,1,Pacific,West,696823,231870,90376,72419
20141502,2014,Hawaii,2,Pacific,West,695881,218429,81298,64001
20141601,2014,Idaho,1,Mountain,West,806371,294597,61572,48474
20141602,2014,Idaho,2,Mountain,West,793093,290662,61516,46229
20141701,2014,Illinois,1,East North Central,Midwest,714887,261984,65378,49141
20141702,2014,Illinois,2,East North Central,Midwest,711167,258852,58738,45779
20141703,2014,Illinois,3,East North Central,Midwest,718749,241724,79438,61658
20141704,2014,Illinois,4,East North Central,Midwest,708847,217815,58161,43666
20141705,2014,Illinois,5,East North Central,Midwest,727898,301161,99798,69426
20141706,2014,Illinois,6,East North Central,Midwest,723415,261322,119720,91046
20141707,2014,Illinois,7,East North Central,Midwest,721454,286203,80536,48895
20141708,2014,Illinois,8,East North Central,Midwest,715612,252034,79462,64540
20141709,2014,Illinois,9,East North Central,Midwest,714771,285149,94809,64223
20141710,2014,Illinois,10,East North Central,Midwest,713989,247809,105610,71444
20141711,2014,Illinois,11,East North Central,Midwest,717190,241031,86286,68417
20141712,2014,Illinois,12,East North Central,Midwest,709555,277020,59855,44869
20141713,2014,Illinois,13,East North Central,Midwest,711537,284023,63666,47576
20141714,2014,Illinois,14,East North Central,Midwest,721339,247945,101749,83650
20141715,2014,Illinois,15,East North Central,Midwest,708935,276298,61025,47628
20141716,2014,Illinois,16,East North Central,Midwest,706493,269535,68527,54804
20141717,2014,Illinois,17,East North Central,Midwest,706029,285009,56207,43852
20141718,2014,Illinois,18,East North Central,Midwest,716880,283719,75275,59304
20141801,2014,Indiana,1,East North Central,Midwest,719202,267304,65727,51723
20141802,2014,Indiana,2,East North Central,Midwest,720377,269227,59465,46188
20141803,2014,Indiana,3,East North Central,Midwest,727429,276875,62857,49191
20141804,2014,Indiana,4,East North Central,Midwest,732038,274957,64477,51110
20141805,2014,Indiana,5,East North Central,Midwest,734567,286606,86079,61873
20141806,2014,Indiana,6,East North Central,Midwest,720714,278545,59280,46369
20141807,2014,Indiana,7,East North Central,Midwest,736723,282450,51559,38969
20141808,2014,Indiana,8,East North Central,Midwest,721965,279245,59925,46677
20141809,2014,Indiana,9,East North Central,Midwest,729396,276974,63733,50059
20141901,2014,Iowa,1,West North Central,Midwest,766317,306807,67180,53638
20141902,2014,Iowa,2,West North Central,Midwest,769772,308573,65371,50459
20141903,2014,Iowa,3,West North Central,Midwest,781361,306943,74976,58153
20141904,2014,Iowa,4,West North Central,Midwest,760666,309905,63015,49171
20142001,2014,Kansas,1,West North Central,Midwest,719293,277875,60728,46693
20142002,2014,Kansas,2,West North Central,Midwest,714380,279007,62005,48499
20142003,2014,Kansas,3,West North Central,Midwest,731483,280229,89179,65676
20142004,2014,Kansas,4,West North Central,Midwest,717790,275224,64991,50121
20142101,2014,Kentucky,1,East South Central,South,725361,281540,51496,38978
20142102,2014,Kentucky,2,East South Central,South,734628,279243,58706,45200
20142103,2014,Kentucky,3,East South Central,South,732199,299731,66199,46831
20142104,2014,Kentucky,4,East South Central,South,735132,272505,71768,55119
20142105,2014,Kentucky,5,East South Central,South,717924,277664,44109,31252
20142106,2014,Kentucky,6,East South Central,South,738028,291552,63197,46020
20142201,2014,Louisiana,1,West South Central,South,775257,293085,76541,54711
20142202,2014,Louisiana,2,West South Central,South,771153,291231,54421,36846
20142203,2014,Louisiana,3,West South Central,South,765712,287516,64115,45680
20142204,2014,Louisiana,4,West South Central,South,761767,285118,58646,41678
20142205,2014,Louisiana,5,West South Central,South,755177,273698,52602,36083
20142206,2014,Louisiana,6,West South Central,South,771983,288228,74335,57209
20142301,2014,Maine,1,New England,Northeast,667929,278221,72568,55175
20142302,2014,Maine,2,New England,Northeast,660606,274865,55986,42985
20142401,2014,Maryland,1,South Atlantic,South,725492,266245,87043,68911
20142402,2014,Maryland,2,South Atlantic,South,736859,277983,77823,61966
20142403,2014,Maryland,3,South Atlantic,South,735980,283811,102055,78045
20142404,2014,Maryland,4,South Atlantic,South,736478,262472,93156,74491
20142405,2014,Maryland,5,South Atlantic,South,739221,251623,106399,91225
20142406,2014,Maryland,6,South Atlantic,South,742397,267814,100232,73907
20142407,2014,Maryland,7,South Atlantic,South,726562,270734,81308,55653
20142408,2014,Maryland,8,South Atlantic,South,744787,275301,129202,96216
20142501,2014,Massachusetts,1,New England,Northeast,730472,286676,69089,51994
20142502,2014,Massachusetts,2,New England,Northeast,735483,273312,81651,63616
20142503,2014,Massachusetts,3,New England,Northeast,742969,272709,91900,68759
20142504,2014,Massachusetts,4,New England,Northeast,738092,269660,121110,86033
20142505,2014,Massachusetts,5,New England,Northeast,743296,288585,112813,82137
20142506,2014,Massachusetts,6,New England,Northeast,743444,282254,102328,78949
20142507,2014,Massachusetts,7,New England,Northeast,748105,281930,76469,52306
20142508,2014,Massachusetts,8,New England,Northeast,745056,292096,99626,75717
20142509,2014,Massachusetts,9,New England,Northeast,730374,291263,81561,61637
20142601,2014,Michigan,1,East North Central,Midwest,704934,291118,56956,43364
20142602,2014,Michigan,2,East North Central,Midwest,713440,265381,61623,48722
20142603,2014,Michigan,3,East North Central,Midwest,714773,266860,67683,51518
20142604,2014,Michigan,4,East North Central,Midwest,704048,272023,58315,44152
20142605,2014,Michigan,5,East North Central,Midwest,695878,279016,54445,41414
20142606,2014,Michigan,6,East North Central,Midwest,709328,272052,61776,46802
20142607,2014,Michigan,7,East North Central,Midwest,705141,269388,65789,52405
20142608,2014,Michigan,8,East North Central,Midwest,714299,270354,80979,62602
20142609,2014,Michigan,9,East North Central,Midwest,711268,296069,68916,50983
20142610,2014,Michigan,10,East North Central,Midwest,706951,270841,70309,56169
20142611,2014,Michigan,11,East North Central,Midwest,712132,276992,95843,73581
20142612,2014,Michigan,12,East North Central,Midwest,704700,270449,70046,52407
20142613,2014,Michigan,13,East North Central,Midwest,693926,260166,43084,31640
20142614,2014,Michigan,14,East North Central,Midwest,698206,267171,64440,41737
20142701,2014,Minnesota,1,West North Central,Midwest,666065,261485,70204,55367
20142702,2014,Minnesota,2,West North Central,Midwest,676211,251878,91666,75123
20142703,2014,Minnesota,3,West North Central,Midwest,680724,266738,107602,79242
20142704,2014,Minnesota,4,West North Central,Midwest,679686,265023,81662,61630
20142705,2014,Minnesota,5,West North Central,Midwest,680007,285876,74843,53301
20142706,2014,Minnesota,6,West North Central,Midwest,675539,241962,83532,70845
20142707,2014,Minnesota,7,West North Central,Midwest,662431,268799,63320,50775
20142708,2014,Minnesota,8,West North Central,Midwest,662998,273576,61840,49748
20142801,2014,Mississippi,1,East South Central,South,749866,277307,55179,41560
20142802,2014,Mississippi,2,East South Central,South,733388,256661,46383,32216
20142803,2014,Mississippi,3,East South Central,South,747571,280428,60781,41736
20142804,2014,Mississippi,4,East South Central,South,753520,278231,56476,42098
20142901,2014,Missouri,1,West North Central,Midwest,745884,313192,55950,40048
20142902,2014,Missouri,2,West North Central,Midwest,754011,296388,102051,75124
20142903,2014,Missouri,3,West North Central,Midwest,759626,285766,68216,55295
20142904,2014,Missouri,4,West North Central,Midwest,756097,286787,58319,44967
20142905,2014,Missouri,5,West North Central,Midwest,752373,305683,59731,44844
20142906,2014,Missouri,6,West North Central,Midwest,755179,286054,67961,52758
20142907,2014,Missouri,7,West North Central,Midwest,757096,298861,55445,41539
20142908,2014,Missouri,8,West North Central,Midwest,747810,288501,50332,38043
20143000,2014,Montana,0,Mountain,West,1006370,407797,62086,46766
20143101,2014,Nebraska,1,West North Central,Midwest,620772,243738,68085,53583
20143102,2014,Nebraska,2,West North Central,Midwest,626633,240996,75554,56862
20143103,2014,Nebraska,3,West North Central,Midwest,608212,246613,60773,47924
20143201,2014,Nevada,1,Mountain,West,667777,239467,52606,39214
20143202,2014,Nevada,2,Mountain,West,685039,261047,71473,54056
20143203,2014,Nevada,3,Mountain,West,712425,268718,84189,64006
20143204,2014,Nevada,4,Mountain,West,696343,236726,67107,53292
20143301,2014,New Hampshire,1,New England,Northeast,662609,262814,86290,66806
20143302,2014,New Hampshire,2,New England,Northeast,658460,256766,82628,64969
20143401,2014,New Jersey,1,Middle Atlantic,Northeast,732065,269514,82002,64382
20143402,2014,New Jersey,2,Middle Atlantic,Northeast,733867,268716,76367,58612
20143403,2014,New Jersey,3,Middle Atlantic,Northeast,736430,278157,93495,74116
20143404,2014,New Jersey,4,Middle Atlantic,Northeast,735042,268687,102869,75786
20143405,2014,New Jersey,5,Middle Atlantic,Northeast,738250,263514,121189,91505
20143406,2014,New Jersey,6,Middle Atlantic,Northeast,740992,252487,96856,77037
20143407,2014,New Jersey,7,Middle Atlantic,Northeast,738143,262675,139169,102506
20143408,2014,New Jersey,8,Middle Atlantic,Northeast,755025,271427,76942,53704
20143409,2014,New Jersey,9,Middle Atlantic,Northeast,745691,260498,84015,60261
20143410,2014,New Jersey,10,Middle Atlantic,Northeast,736086,263245,69034,47916
20143411,2014,New Jersey,11,Middle Atlantic,Northeast,738702,266549,132194,100344
20143412,2014,New Jersey,12,Middle Atlantic,Northeast,744081,263029,106417,80203
20143501,2014,New Mexico,1,Mountain,West,694375,272202,65794,47623
20143502,2014,New Mexico,2,Mountain,West,696389,245655,55716,40671
20143503,2014,New Mexico,3,Mountain,West,689321,246827,64492,47123
20143601,2014,New York,1,Middle Atlantic,Northeast,722670,247789,107036,87215
20143602,2014,New York,2,Middle Atlantic,Northeast,723744,228329,103283,87938
20143603,2014,New York,3,Middle Atlantic,Northeast,720393,250561,142194,101949
20143604,2014,New York,4,Middle Atlantic,Northeast,720624,234071,117468,93476
20143605,2014,New York,5,Middle Atlantic,Northeast,760308,226096,76203,60767
20143606,2014,New York,6,Middle Atlantic,Northeast,721015,267570,75728,58255
20143607,2014,New York,7,Middle Atlantic,Northeast,740178,249084,73173,45383
20143608,2014,New York,8,Middle Atlantic,Northeast,735611,272484,63649,44267
20143609,2014,New York,9,Middle Atlantic,Northeast,734248,273348,69660,48097
20143610,2014,New York,10,Middle Atlantic,Northeast,729578,309120,137184,76481
20143611,2014,New York,11,Middle Atlantic,Northeast,727304,261464,84591,64716
20143612,2014,New York,12,Middle Atlantic,Northeast,716393,365044,150940,89117
20143613,2014,New York,13,Middle Atlantic,Northeast,747559,274611,54652,35963
20143614,2014,New York,14,Middle Atlantic,Northeast,721129,245149,65533,50913
20143615,2014,New York,15,Middle Atlantic,Northeast,733612,239465,37326,25248
20143616,2014,New York,16,Middle Atlantic,Northeast,733388,266393,102934,64332
20143617,2014,New York,17,Middle Atlantic,Northeast,730820,241927,126170,89534
20143618,2014,New York,18,Middle Atlantic,Northeast,719388,246065,102918,77817
20143619,2014,New York,19,Middle Atlantic,Northeast,712982,273167,75003,57218
20143620,2014,New York,20,Middle Atlantic,Northeast,722569,287270,77306,60493
20143621,2014,New York,21,Middle Atlantic,Northeast,719085,279468,64006,50722
20143622,2014,New York,22,Middle Atlantic,Northeast,713482,276786,61940,48339
20143623,2014,New York,23,Middle Atlantic,Northeast,715480,284098,61308,47186
20143624,2014,New York,24,Middle Atlantic,Northeast,716454,280949,68370,52929
20143625,2014,New York,25,Middle Atlantic,Northeast,721240,288451,69890,51940
20143626,2014,New York,26,Middle Atlantic,Northeast,716222,305641,59270,44003
20143627,2014,New York,27,Middle Atlantic,Northeast,718854,281128,75404,59573
20143701,2014,North Carolina,1,South Atlantic,South,727784,280738,47452,34285
20143702,2014,North Carolina,2,South Atlantic,South,762270,279796,68088,51127
20143703,2014,North Carolina,3,South Atlantic,South,749638,283305,59553,46001
20143704,2014,North Carolina,4,South Atlantic,South,760207,298275,69908,49271
20143705,2014,North Carolina,5,South Atlantic,South,743061,294720,60865,43865
20143706,2014,North Carolina,6,South Atlantic,South,749563,297539,67423,49406
20143707,2014,North Carolina,7,South Atlantic,South,752216,290282,61747,45815
20143708,2014,North Carolina,8,South Atlantic,South,737740,269106,54268,42041
20143709,2014,North Carolina,9,South Atlantic,South,769339,291572,101417,71808
20143710,2014,North Carolina,10,South Atlantic,South,737538,288171,58620,43350
20143711,2014,North Carolina,11,South Atlantic,South,737861,298475,53537,40531
20143712,2014,North Carolina,12,South Atlantic,South,760454,284920,49655,37088
20143713,2014,North Carolina,13,South Atlantic,South,762734,285615,85375,65053
20143800,2014,North Dakota,0,West North Central,Midwest,704925,292616,73272,55579
20143901,2014,Ohio,1,East North Central,Midwest,724254,279010,72987,52316
20143902,2014,Ohio,2,East North Central,Midwest,724395,289577,70503,51045
20143903,2014,Ohio,3,East North Central,Midwest,734710,288038,55287,41227
20143904,2014,Ohio,4,East North Central,Midwest,717325,275841,60179,47910
20143905,2014,Ohio,5,East North Central,Midwest,724014,287158,66866,51981
20143906,2014,Ohio,6,East North Central,Midwest,715394,281228,55640,42674
20143907,2014,Ohio,7,East North Central,Midwest,721392,276307,61963,48918
20143908,2014,Ohio,8,East North Central,Midwest,722987,274186,66285,51540
20143909,2014,Ohio,9,East North Central,Midwest,715074,297165,54050,40408
20143910,2014,Ohio,10,East North Central,Midwest,722301,296036,62433,46107
20143911,2014,Ohio,11,East North Central,Midwest,709140,300515,54558,34155
20143912,2014,Ohio,12,East North Central,Midwest,737223,281971,85733,64926
20143913,2014,Ohio,13,East North Central,Midwest,715744,296719,53603,41770
20143914,2014,Ohio,14,East North Central,Midwest,719971,283586,80821,60792
20143915,2014,Ohio,15,East North Central,Midwest,733979,276706,72026,55612
20143916,2014,Ohio,16,East North Central,Midwest,722477,285972,76848,60262
20144001,2014,Oklahoma,1,West South Central,South,765752,300145,69065,50045
20144002,2014,Oklahoma,2,West South Central,South,749835,284071,51757,39068
20144003,2014,Oklahoma,3,West South Central,South,761781,283676,62110,47168
20144004,2014,Oklahoma,4,West South Central,South,767647,283926,64231,50480
20144005,2014,Oklahoma,5,West South Central,South,773836,298299,66655,45314
20144101,2014,Oregon,1,Pacific,West,787501,299141,81114,62263
20144102,2014,Oregon,2,Pacific,West,775034,305085,58779,43883
20144103,2014,Oregon,3,Pacific,West,787945,312020,71550,53122
20144104,2014,Oregon,4,Pacific,West,770520,312339,57067,42844
20144105,2014,Oregon,5,Pacific,West,779343,294403,70362,52975
20144201,2014,Pennsylvania,1,Middle Atlantic,Northeast,705306,259975,58262,40500
20144202,2014,Pennsylvania,2,Middle Atlantic,Northeast,715511,278165,65163,36259
20144203,2014,Pennsylvania,3,Middle Atlantic,Northeast,701824,281565,62353,47101
20144204,2014,Pennsylvania,4,Middle Atlantic,Northeast,711945,276893,72662,58102
20144205,2014,Pennsylvania,5,Middle Atlantic,Northeast,706409,274552,58774,45930
20144206,2014,Pennsylvania,6,Middle Atlantic,Northeast,715481,270624,99084,74527
20144207,2014,Pennsylvania,7,Middle Atlantic,Northeast,712481,259746,106229,79832
20144208,2014,Pennsylvania,8,Middle Atlantic,Northeast,707804,261908,99471,77134
20144209,2014,Pennsylvania,9,Middle Atlantic,Northeast,702362,278221,56920,44956
20144210,2014,Pennsylvania,10,Middle Atlantic,Northeast,705770,269887,62879,49508
20144211,2014,Pennsylvania,11,Middle Atlantic,Northeast,706538,282283,65767,51689
20144212,2014,Pennsylvania,12,Middle Atlantic,Northeast,705303,288572,76275,55926
20144213,2014,Pennsylvania,13,Middle Atlantic,Northeast,719828,267387,76849,57084
20144214,2014,Pennsylvania,14,Middle Atlantic,Northeast,705049,313384,57785,41245
20144215,2014,Pennsylvania,15,Middle Atlantic,Northeast,713582,270100,75263,58230
20144216,2014,Pennsylvania,16,Middle Atlantic,Northeast,713791,262086,69441,54003
20144217,2014,Pennsylvania,17,Middle Atlantic,Northeast,701861,272063,62359,48499
20144218,2014,Pennsylvania,18,Middle Atlantic,Northeast,707884,290325,78946,59866
20144401,2014,Rhode Island,1,New England,Northeast,527527,205941,74237,52491
20144402,2014,Rhode Island,2,New England,Northeast,525725,203628,79025,60910
20144501,2014,South Carolina,1,South Atlantic,South,697052,270243,77723,58417
20144502,2014,South Carolina,2,South Atlantic,South,673950,257397,69727,53520
20144503,2014,South Carolina,3,South Atlantic,South,665355,252576,55327,41054
20144504,2014,South Carolina,4,South Atlantic,South,678947,258127,64877,47227
20144505,2014,South Carolina,5,South Atlantic,South,672918,252950,58756,44044
20144506,2014,South Carolina,6,South Atlantic,South,665292,241769,46688,33794
20144507,2014,South Carolina,7,South Atlantic,South,673759,262653,53562,39551
20144600,2014,South Dakota,0,West North Central,Midwest,834708,327101,65425,50338
20144701,2014,Tennessee,1,East South Central,South,709035,291743,52872,38290
20144702,2014,Tennessee,2,East South Central,South,716476,288775,63920,45727
20144703,2014,Tennessee,3,East South Central,South,714069,279962,59696,42729
20144704,2014,Tennessee,4,East South Central,South,723392,270473,59203,45833
20144705,2014,Tennessee,5,East South Central,South,726983,288729,67767,47303
20144706,2014,Tennessee,6,East South Central,South,720356,275304,61048,45542
20144707,2014,Tennessee,7,East South Central,South,723369,264963,70203,49425
20144708,2014,Tennessee,8,East South Central,South,707516,261993,75131,52374
20144709,2014,Tennessee,9,East South Central,South,710169,265407,52008,37870
20144801,2014,Texas,1,West South Central,South,707224,256098,61467,44622
20144802,2014,Texas,2,West South Central,South,727414,263406,99954,72253
20144803,2014,Texas,3,West South Central,South,747659,268119,109086,85330
20144804,2014,Texas,4,West South Central,South,709974,257487,64118,48232
20144805,2014,Texas,5,West South Central,South,715045,245518,62658,45666
20144806,2014,Texas,6,West South Central,South,722690,254027,76036,60420
20144807,2014,Texas,7,West South Central,South,727295,279563,111719,70324
20144808,2014,Texas,8,West South Central,South,740003,249178,85083,61962
20144809,2014,Texas,9,West South Central,South,726971,243833,57536,42688
20144810,2014,Texas,10,West South Central,South,739999,263974,87513,64741
20144811,2014,Texas,11,West South Central,South,721014,262613,70486,49702
20144812,2014,Texas,12,West South Central,South,728496,269359,78593,59615
20144813,2014,Texas,13,West South Central,South,702742,257973,63596,47685
20144814,2014,Texas,14,West South Central,South,711271,257010,72632,53187
20144815,2014,Texas,15,West South Central,South,727807,209291,56389,40244
20144816,2014,Texas,16,West South Central,South,719126,230701,58378,42445
20144817,2014,Texas,17,West South Central,South,719609,263627,62504,46158
20144818,2014,Texas,18,West South Central,South,723033,246513,59689,41156
20144819,2014,Texas,19,West South Central,South,708764,252911,61775,44837
20144820,2014,Texas,20,West South Central,South,729581,244582,59944,46971
20144821,2014,Texas,21,West South Central,South,730229,298690,84433,60528
20144822,2014,Texas,22,West South Central,South,754107,245162,108477,86282
20144823,2014,Texas,23,West South Central,South,725712,222406,69384,48673
20144824,2014,Texas,24,West South Central,South,733485,293633,92351,63615
20144825,2014,Texas,25,West South Central,South,727461,256297,86749,61057
20144826,2014,Texas,26,West South Central,South,746163,253508,97735,79600
20144827,2014,Texas,27,West South Central,South,711777,255174,65195,48669
20144828,2014,Texas,28,West South Central,South,721585,210349,57910,44118
20144829,2014,Texas,29,West South Central,South,722730,209525,49774,38523
20144830,2014,Texas,30,West South Central,South,721420,243774,57677,42605
20144831,2014,Texas,31,West South Central,South,739671,254071,79053,62993
20144832,2014,Texas,32,West South Central,South,720276,274780,98144,63466
20144833,2014,Texas,33,West South Central,South,716203,214204,44746,35211
20144834,2014,Texas,34,West South Central,South,712594,209452,50958,35323
20144835,2014,Texas,35,West South Central,South,737816,244174,52029,40487
20144836,2014,Texas,36,West South Central,South,715087,252600,70995,53803
20144901,2014,Utah,1,Mountain,West,710364,227011,75208,60471
20144902,2014,Utah,2,Mountain,West,708271,235967,69414,53611
20144903,2014,Utah,3,Mountain,West,710861,209141,82574,63397
20144904,2014,Utah,4,Mountain,West,728615,224075,74419,62038
20145000,2014,Vermont,0,New England,Northeast,626358,257252,70524,54447
20145101,2014,Virginia,1,South Atlantic,South,751039,262857,96341,78089
20145102,2014,Virginia,2,South Atlantic,South,729703,273630,78305,61551
20145103,2014,Virginia,3,South Atlantic,South,742508,283216,54827,41534
20145104,2014,Virginia,4,South Atlantic,South,738714,260488,76553,62731
20145105,2014,Virginia,5,South Atlantic,South,729232,285416,66538,48091
20145106,2014,Virginia,6,South Atlantic,South,737148,288555,63807,48650
20145107,2014,Virginia,7,South Atlantic,South,746349,277784,93731,71870
20145108,2014,Virginia,8,South Atlantic,South,757331,302285,125781,97691
20145109,2014,Virginia,9,South Atlantic,South,722813,290271,52875,39142
20145110,2014,Virginia,10,South Atlantic,South,767831,253346,143800,115154
20145111,2014,Virginia,11,South Atlantic,South,762463,263862,126827,103885
20145301,2014,Washington,1,Pacific,West,697086,258486,103239,81105
20145302,2014,Washington,2,Pacific,West,685784,267696,72504,58617
20145303,2014,Washington,3,Pacific,West,685412,257803,68558,53775
20145304,2014,Washington,4,Pacific,West,691843,232584,64370,49854
20145305,2014,Washington,5,Pacific,West,680713,268151,62151,47664
20145306,2014,Washington,6,Pacific,West,678377,269446,71581,54903
20145307,2014,Washington,7,Pacific,West,699468,316394,95298,68839
20145308,2014,Washington,8,Pacific,West,691393,250125,90715,72783
20145309,2014,Washington,9,Pacific,West,694619,264877,89119,64945
20145310,2014,Washington,10,Pacific,West,694428,259834,70663,58119
20145401,2014,West Virginia,1,South Atlantic,South,617878,245291,56231,41703
20145402,2014,West Virginia,2,South Atlantic,South,624133,249661,61226,45889
20145403,2014,West Virginia,3,South Atlantic,South,611870,247407,50425,36853
20145501,2014,Wisconsin,1,East North Central,Midwest,713727,274221,74375,59203
20145502,2014,Wisconsin,2,East North Central,Midwest,726365,297816,75144,58403
20145503,2014,Wisconsin,3,East North Central,Midwest,715142,283280,61652,49210
20145504,2014,Wisconsin,4,East North Central,Midwest,714688,280022,54440,38757
20145505,2014,Wisconsin,5,East North Central,Midwest,715229,288813,81389,63496
20145506,2014,Wisconsin,6,East North Central,Midwest,711646,286495,69471,53705
20145507,2014,Wisconsin,7,East North Central,Midwest,710394,295116,62139,48471
20145508,2014,Wisconsin,8,East North Central,Midwest,717501,287487,67625,53912
20145600,2014,Wyoming,0,Mountain,West,575251,225514,72367,58252
20150101,2015,Alabama,1,East South Central,South,695961,259809,59859,44309
20150102,2015,Alabama,2,East South Central,South,684660,261678,57576,42645
20150103,2015,Alabama,3,East South Central,South,697296,269470,56572,41695
20150104,2015,Alabama,4,East South Central,South,682859,261671,53261,39147
20150105,2015,Alabama,5,East South Central,South,700501,275176,69294,50392
20150106,2015,Alabama,6,East South Central,South,692738,263097,79949,59659
20150107,2015,Alabama,7,East South Central,South,676605,257424,46392,32245
20150200,2015,Alaska,0,Pacific,West,733375,250969,89746,72515
20150401,2015,Arizona,1,Mountain,West,727454,243280,62548,47531
20150402,2015,Arizona,2,Mountain,West,719851,297160,65175,47507
20150403,2015,Arizona,3,Mountain,West,732596,230091,53176,41293
20150404,2015,Arizona,4,Mountain,West,730220,283524,56966,44345
20150405,2015,Arizona,5,Mountain,West,761257,268091,83548,66620
20150406,2015,Arizona,6,Mountain,West,739321,300008,93467,62482
20150407,2015,Arizona,7,Mountain,West,744743,222354,46080,34186
20150408,2015,Arizona,8,Mountain,West,744439,275972,73920,59256
20150409,2015,Arizona,9,Mountain,West,742047,291732,70928,50832
20150501,2015,Arkansas,1,West South Central,South,726282,281976,50351,36928
20150502,2015,Arkansas,2,West South Central,South,750711,288235,64553,47206
20150503,2015,Arkansas,3,West South Central,South,761175,285847,63402,45185
20150504,2015,Arkansas,4,West South Central,South,720040,281967,50665,37037
20150601,2015,California,1,Pacific,West,704448,273570,62429,45741
20150602,2015,California,2,Pacific,West,712526,279113,99910,62964
20150603,2015,California,3,Pacific,West,716206,242763,74720,56306
20150604,2015,California,4,Pacific,West,712747,269152,87617,66547
20150605,2015,California,5,Pacific,West,720557,262836,86264,64524
20150606,2015,California,6,Pacific,West,725594,263690,64316,47433
20150607,2015,California,7,Pacific,West,729192,257818,83975,65159
20150608,2015,California,8,Pacific,West,712224,228341,60879,46927
20150609,2015,California,9,Pacific,West,730863,228117,74379,55958
20150610,2015,California,10,Pacific,West,723880,228358,70380,54111
20150611,2015,California,11,Pacific,West,732078,264658,110110,75633
20150612,2015,California,12,Pacific,West,731379,319418,119856,81189
20150613,2015,California,13,Pacific,West,733401,284314,92346,61663
20150614,2015,California,14,Pacific,West,736622,250105,122273,89241
20150615,2015,California,15,Pacific,West,741528,241119,114354,92311
20150616,2015,California,16,Pacific,West,717984,205374,51915,37291
20150617,2015,California,17,Pacific,West,740121,246866,125252,102886
20150618,2015,California,18,Pacific,West,728724,270223,157635,107319
20150619,2015,California,19,Pacific,West,738243,222407,106616,81193
20150620,2015,California,20,Pacific,West,725254,222701,82971,60807
20150621,2015,California,21,Pacific,West,711866,181995,51932,37950
20150622,2015,California,22,Pacific,West,734495,237184,71490,52897
20150623,2015,California,23,Pacific,West,723632,236751,71921,55574
20150624,2015,California,24,Pacific,West,722051,250619,85697,62276
20150625,2015,California,25,Pacific,West,718475,220369,92077,72342
20150626,2015,California,26,Pacific,West,717882,227700,100085,76002
20150627,2015,California,27,Pacific,West,716789,243925,95836,68755
20150628,2015,California,28,Pacific,West,716256,294961,88188,56103
20150629,2015,California,29,Pacific,West,714303,203062,61627,47073
20150630,2015,California,30,Pacific,West,745240,272589,99957,70750
20150631,2015,California,31,Pacific,West,729036,215944,71171,53700
20150632,2015,California,32,Pacific,West,718864,195799,74500,59558
20150633,2015,California,33,Pacific,West,715480,298498,149571,96398
20150634,2015,California,34,Pacific,West,714351,238319,53408,35836
20150635,2015,California,35,Pacific,West,727007,186557,66451,54748
20150636,2015,California,36,Pacific,West,733025,258988,66266,45295
20150637,2015,California,37,Pacific,West,719856,270634,77936,50191
20150638,2015,California,38,Pacific,West,717038,205787,77440,61842
20150639,2015,California,39,Pacific,West,722109,223761,101024,79814
20150640,2015,California,40,Pacific,West,709734,175844,52218,40385
20150641,2015,California,41,Pacific,West,729223,194655,68659,54917
20150642,2015,California,42,Pacific,West,749374,218963,86533,72324
20150643,2015,California,43,Pacific,West,718044,234550,66928,48781
20150644,2015,California,44,Pacific,West,719482,184687,60031,46448
20150645,2015,California,45,Pacific,West,740844,261837,118240,92378
20150646,2015,California,46,Pacific,West,721847,184595,69579,55172
20150647,2015,California,47,Pacific,West,719582,243031,79427,58674
20150648,2015,California,48,Pacific,West,722403,266358,116424,81680
20150649,2015,California,49,Pacific,West,724280,251232,106306,74916
20150650,2015,California,50,Pacific,West,730427,238318,80445,62468
20150651,2015,California,51,Pacific,West,728256,197388,54733,41357
20150652,2015,California,52,Pacific,West,731075,276358,109983,84054
20150653,2015,California,53,Pacific,West,745567,265600,80370,63458
20150801,2015,Colorado,1,Mountain,West,771214,325221,82672,55945
20150802,2015,Colorado,2,Mountain,West,757740,298554,93538,69304
20150803,2015,Colorado,3,Mountain,West,723937,284880,66079,49013
20150804,2015,Colorado,4,Mountain,West,751207,270904,85642,66030
20150805,2015,Colorado,5,Mountain,West,751270,282631,74934,56622
20150806,2015,Colorado,6,Mountain,West,766265,277285,91637,69909
20150807,2015,Colorado,7,Mountain,West,757273,284993,76640,60874
20150901,2015,Connecticut,1,New England,Northeast,716277,280508,87444,66349
20150902,2015,Connecticut,2,New England,Northeast,712023,269182,90248,71458
20150903,2015,Connecticut,3,New England,Northeast,717105,274536,84298,62939
20150904,2015,Connecticut,4,New England,Northeast,732795,259005,147764,86773
20150905,2015,Connecticut,5,New England,Northeast,715022,269352,92859,67805
20151000,2015,Delaware,0,South Atlantic,South,926454,344022,79262,60509
20151198,2015,District of Columbia,98,South Atlantic,South,647484,273390,107594,70848
20151201,2015,Florida,1,South Atlantic,South,730495,275102,66699,50667
20151202,2015,Florida,2,South Atlantic,South,709294,264897,59824,43919
20151203,2015,Florida,3,South Atlantic,South,708395,257059,61676,45878
20151204,2015,Florida,4,South Atlantic,South,720248,274354,75776,55936
20151205,2015,Florida,5,South Atlantic,South,717890,254022,45799,33528
20151206,2015,Florida,6,South Atlantic,South,727502,285955,68143,46388
20151207,2015,Florida,7,South Atlantic,South,722591,255845,74495,53438
20151208,2015,Florida,8,South Atlantic,South,711293,285750,67004,48311
20151209,2015,Florida,9,South Atlantic,South,764578,249862,58963,45735
20151210,2015,Florida,10,South Atlantic,South,744302,279444,70960,51038
20151211,2015,Florida,11,South Atlantic,South,716483,294948,54013,41316
20151212,2015,Florida,12,South Atlantic,South,718791,281495,70283,50571
20151213,2015,Florida,13,South Atlantic,South,705404,309233,65239,45762
20151214,2015,Florida,14,South Atlantic,South,740136,289268,61781,41713
20151215,2015,Florida,15,South Atlantic,South,721727,256888,68326,50782
20151216,2015,Florida,16,South Atlantic,South,730336,308252,71707,50870
20151217,2015,Florida,17,South Atlantic,South,722477,269956,57609,43025
20151218,2015,Florida,18,South Atlantic,South,717984,284913,79219,52384
20151219,2015,Florida,19,South Atlantic,South,738277,292030,80217,51510
20151220,2015,Florida,20,South Atlantic,South,738136,244475,49930,38517
20151221,2015,Florida,21,South Atlantic,South,735036,274977,81649,56980
20151222,2015,Florida,22,South Atlantic,South,722209,310645,86741,54589
20151223,2015,Florida,23,South Atlantic,South,733644,285008,83914,54018
20151224,2015,Florida,24,South Atlantic,South,733049,233213,54447,37700
20151225,2015,Florida,25,South Atlantic,South,736959,220042,66804,49510
20151226,2015,Florida,26,South Atlantic,South,738104,217347,69656,52115
20151227,2015,Florida,27,South Atlantic,South,740432,245514,75347,42405
20151301,2015,Georgia,1,South Atlantic,South,717131,262118,61388,46243
20151302,2015,Georgia,2,South Atlantic,South,692667,249143,49203,34505
20151303,2015,Georgia,3,South Atlantic,South,708059,254914,69139,52082
20151304,2015,Georgia,4,South Atlantic,South,723659,248139,63342,49343
20151305,2015,Georgia,5,South Atlantic,South,725618,283747,70317,44174
20151306,2015,Georgia,6,South Atlantic,South,724825,274407,112009,79997
20151307,2015,Georgia,7,South Atlantic,South,745461,239572,85205,64882
20151308,2015,Georgia,8,South Atlantic,South,700278,253114,55478,40812
20151309,2015,Georgia,9,South Atlantic,South,708458,251897,61396,46049
20151310,2015,Georgia,10,South Atlantic,South,710214,245486,63504,47610
20151311,2015,Georgia,11,South Atlantic,South,723473,268424,90328,63549
20151312,2015,Georgia,12,South Atlantic,South,706062,248840,56535,40684
20151313,2015,Georgia,13,South Atlantic,South,723108,247881,64735,51218
20151314,2015,Georgia,14,South Atlantic,South,697680,246680,58446,45342
20151501,2015,Hawaii,1,Pacific,West,703960,231546,91864,73598
20151502,2015,Hawaii,2,Pacific,West,702339,219026,82534,65239
20151601,2015,Idaho,1,Mountain,West,819605,298584,62138,48617
20151602,2015,Idaho,2,Mountain,West,796942,290736,62488,46551
20151701,2015,Illinois,1,East North Central,Midwest,712393,262236,65784,48989
20151702,2015,Illinois,2,East North Central,Midwest,708498,258715,59117,45412
20151703,2015,Illinois,3,East North Central,Midwest,722289,242578,79480,61300
20151704,2015,Illinois,4,East North Central,Midwest,712139,219312,59544,44049
20151705,2015,Illinois,5,East North Central,Midwest,730336,301623,102369,70734
20151706,2015,Illinois,6,East North Central,Midwest,724337,262039,120284,91507
20151707,2015,Illinois,7,East North Central,Midwest,724029,288545,83127,50096
20151708,2015,Illinois,8,East North Central,Midwest,717333,252102,79946,65222
20151709,2015,Illinois,9,East North Central,Midwest,716040,285818,96299,64475
20151710,2015,Illinois,10,East North Central,Midwest,713687,247693,108013,71958
20151711,2015,Illinois,11,East North Central,Midwest,722840,241756,86893,68154
20151712,2015,Illinois,12,East North Central,Midwest,706390,276541,60470,45018
20151713,2015,Illinois,13,East North Central,Midwest,711498,283555,64477,48127
20151714,2015,Illinois,14,East North Central,Midwest,723419,249424,103056,84049
20151715,2015,Illinois,15,East North Central,Midwest,705952,275530,61418,47971
20151716,2015,Illinois,16,East North Central,Midwest,703553,270320,68869,54976
20151717,2015,Illinois,17,East North Central,Midwest,703051,284381,56638,44116
20151718,2015,Illinois,18,East North Central,Midwest,715977,284220,76433,60016
20151801,2015,Indiana,1,East North Central,Midwest,718511,268062,66961,52131
20151802,2015,Indiana,2,East North Central,Midwest,720975,269501,60570,46905
20151803,2015,Indiana,3,East North Central,Midwest,730697,278319,63406,49315
20151804,2015,Indiana,4,East North Central,Midwest,736048,276488,65452,51957
20151805,2015,Indiana,5,East North Central,Midwest,742679,290422,87999,62804
20151806,2015,Indiana,6,East North Central,Midwest,720403,277674,60261,47178
20151807,2015,Indiana,7,East North Central,Midwest,742788,283451,51451,38600
20151808,2015,Indiana,8,East North Central,Midwest,722271,280010,60125,46641
20151809,2015,Indiana,9,East North Central,Midwest,734273,278010,64826,50717
20151901,2015,Iowa,1,West North Central,Midwest,768669,307105,67983,54028
20151902,2015,Iowa,2,West North Central,Midwest,772811,309461,66133,51261
20151903,2015,Iowa,3,West North Central,Midwest,791250,310468,76061,58545
20151904,2015,Iowa,4,West North Central,Midwest,760796,309375,63575,49790
20152001,2015,Kansas,1,West North Central,Midwest,718749,277350,60749,46957
20152002,2015,Kansas,2,West North Central,Midwest,714500,277427,62629,48818
20152003,2015,Kansas,3,West North Central,Midwest,739564,283071,90997,66525
20152004,2015,Kansas,4,West North Central,Midwest,720174,275624,65541,50644
20152101,2015,Kentucky,1,East South Central,South,723936,281779,52046,39108
20152102,2015,Kentucky,2,East South Central,South,738714,281209,59289,45631
20152103,2015,Kentucky,3,East South Central,South,736054,299993,67070,47714
20152104,2015,Kentucky,4,East South Central,South,740371,273719,72961,55540
20152105,2015,Kentucky,5,East South Central,South,714056,277640,43718,31162
20152106,2015,Kentucky,6,East South Central,South,744222,294159,64573,46883
20152201,2015,Louisiana,1,West South Central,South,784820,296381,76307,54545
20152202,2015,Louisiana,2,West South Central,South,774078,292342,54533,36603
20152203,2015,Louisiana,3,West South Central,South,770817,289816,65285,46157
20152204,2015,Louisiana,4,West South Central,South,761080,284594,58842,41345
20152205,2015,Louisiana,5,West South Central,South,753229,273605,52198,35354
20152206,2015,Louisiana,6,West South Central,South,781229,291181,75260,57884
20152301,2015,Maine,1,New England,Northeast,670268,279109,73617,55468
20152302,2015,Maine,2,New England,Northeast,658832,274175,56197,43404
20152401,2015,Maryland,1,South Atlantic,South,727304,268486,87301,69077
20152402,2015,Maryland,2,South Atlantic,South,745184,278610,78198,61839
20152403,2015,Maryland,3,South Atlantic,South,744150,286062,103330,79173
20152404,2015,Maryland,4,South Atlantic,South,738944,261530,94089,75113
20152405,2015,Maryland,5,South Atlantic,South,747788,254328,106123,91186
20152406,2015,Maryland,6,South Atlantic,South,750122,270127,100639,73619
20152407,2015,Maryland,7,South Atlantic,South,725370,270466,82826,56350
20152408,2015,Maryland,8,South Atlantic,South,751676,276780,129727,96269
20152501,2015,Massachusetts,1,New England,Northeast,731275,285716,70479,52466
20152502,2015,Massachusetts,2,New England,Northeast,738797,273683,82091,63225
20152503,2015,Massachusetts,3,New England,Northeast,749922,273536,92926,69747
20152504,2015,Massachusetts,4,New England,Northeast,742694,271056,122325,87821
20152505,2015,Massachusetts,5,New England,Northeast,749525,289714,114413,82616
20152506,2015,Massachusetts,6,New England,Northeast,749825,282756,103283,79695
20152507,2015,Massachusetts,7,New England,Northeast,758973,286759,78687,53401
20152508,2015,Massachusetts,8,New England,Northeast,752164,294572,101236,76655
20152509,2015,Massachusetts,9,New England,Northeast,732411,291929,82630,62099
20152601,2015,Michigan,1,East North Central,Midwest,703859,290419,57531,43591
20152602,2015,Michigan,2,East North Central,Midwest,718740,266870,62907,49551
20152603,2015,Michigan,3,East North Central,Midwest,720096,268631,68854,51780
20152604,2015,Michigan,4,East North Central,Midwest,702929,271890,59608,44960
20152605,2015,Michigan,5,East North Central,Midwest,691727,278574,54899,41545
20152606,2015,Michigan,6,East North Central,Midwest,710981,274242,62998,47498
20152607,2015,Michigan,7,East North Central,Midwest,704416,270465,66826,52732
20152608,2015,Michigan,8,East North Central,Midwest,719666,273221,82888,63541
20152609,2015,Michigan,9,East North Central,Midwest,713802,297046,70112,51550
20152610,2015,Michigan,10,East North Central,Midwest,709685,272309,71656,57011
20152611,2015,Michigan,11,East North Central,Midwest,714349,278051,97428,74873
20152612,2015,Michigan,12,East North Central,Midwest,704504,271017,70628,52447
20152613,2015,Michigan,13,East North Central,Midwest,690748,260216,43383,31393
20152614,2015,Michigan,14,East North Central,Midwest,695069,268197,63705,41234
20152701,2015,Minnesota,1,West North Central,Midwest,667238,261568,71489,56192
20152702,2015,Minnesota,2,West North Central,Midwest,681358,253732,92617,75564
20152703,2015,Minnesota,3,West North Central,Midwest,688465,270308,108732,79517
20152704,2015,Minnesota,4,West North Central,Midwest,687656,266599,82855,62153
20152705,2015,Minnesota,5,West North Central,Midwest,687435,288350,76460,53964
20152706,2015,Minnesota,6,West North Central,Midwest,681284,244069,84841,71558
20152707,2015,Minnesota,7,West North Central,Midwest,663049,268034,64513,51591
20152708,2015,Minnesota,8,West North Central,Midwest,662686,272085,63205,50464
20152801,2015,Mississippi,1,East South Central,South,752701,279559,55816,41858
20152802,2015,Mississippi,2,East South Central,South,729410,257413,46036,32064
20152803,2015,Mississippi,3,East South Central,South,748654,279747,60489,41730
20152804,2015,Mississippi,4,East South Central,South,757316,279874,56574,42042
20152901,2015,Missouri,1,West North Central,Midwest,744066,311788,56500,40514
20152902,2015,Missouri,2,West North Central,Midwest,757785,297833,102937,75308
20152903,2015,Missouri,3,West North Central,Midwest,763567,285467,69187,55440
20152904,2015,Missouri,4,West North Central,Midwest,758907,286633,58688,45124
20152905,2015,Missouri,5,West North Central,Midwest,754804,308308,60031,44911
20152906,2015,Missouri,6,West North Central,Midwest,757302,286238,68549,53473
20152907,2015,Missouri,7,West North Central,Midwest,761206,300360,56161,42002
20152908,2015,Missouri,8,West North Central,Midwest,747811,288061,50675,38153
20153000,2015,Montana,0,Mountain,West,1014699,409394,63139,47169
20153101,2015,Nebraska,1,West North Central,Midwest,627284,245604,68745,53758
20153102,2015,Nebraska,2,West North Central,Midwest,634595,243460,77476,58344
20153103,2015,Nebraska,3,West North Central,Midwest,607486,247549,62083,48573
20153201,2015,Nevada,1,Mountain,West,675450,241447,51850,38241
20153202,2015,Nevada,2,Mountain,West,690426,263451,71363,53988
20153203,2015,Nevada,3,Mountain,West,723741,272694,84229,63360
20153204,2015,Nevada,4,Mountain,West,709019,239117,66982,53073
20153301,2015,New Hampshire,1,New England,Northeast,665132,263490,87544,67706
20153302,2015,New Hampshire,2,New England,Northeast,659069,256761,83863,65822
20153401,2015,New Jersey,1,Middle Atlantic,Northeast,731683,268468,82313,64779
20153402,2015,New Jersey,2,Middle Atlantic,Northeast,732697,268510,77161,58584
20153403,2015,New Jersey,3,Middle Atlantic,Northeast,736043,277901,93391,73485
20153404,2015,New Jersey,4,Middle Atlantic,Northeast,738191,268508,103042,76071
20153405,2015,New Jersey,5,Middle Atlantic,Northeast,741254,263350,123664,92550
20153406,2015,New Jersey,6,Middle Atlantic,Northeast,743854,252485,96960,75968
20153407,2015,New Jersey,7,Middle Atlantic,Northeast,740850,263163,140132,102551
20153408,2015,New Jersey,8,Middle Atlantic,Northeast,762276,273929,78091,54261
20153409,2015,New Jersey,9,Middle Atlantic,Northeast,749137,259722,85221,60930
20153410,2015,New Jersey,10,Middle Atlantic,Northeast,738622,264355,69173,47148
20153411,2015,New Jersey,11,Middle Atlantic,Northeast,741282,266570,133909,100923
20153412,2015,New Jersey,12,Middle Atlantic,Northeast,748524,262525,106543,79328
20153501,2015,New Mexico,1,Mountain,West,693273,270832,65257,47001
20153502,2015,New Mexico,2,Mountain,West,699589,245985,56110,40962
20153503,2015,New Mexico,3,Mountain,West,691255,246786,64961,47274
20153601,2015,New York,1,Middle Atlantic,Northeast,723323,246997,108203,87272
20153602,2015,New York,2,Middle Atlantic,Northeast,723479,226062,103997,88543
20153603,2015,New York,3,Middle Atlantic,Northeast,723457,250096,142862,101806
20153604,2015,New York,4,Middle Atlantic,Northeast,721286,233307,118454,94770
20153605,2015,New York,5,Middle Atlantic,Northeast,765409,225142,77379,61312
20153606,2015,New York,6,Middle Atlantic,Northeast,727625,267766,76479,58575
20153607,2015,New York,7,Middle Atlantic,Northeast,745005,251111,75876,46584
20153608,2015,New York,8,Middle Atlantic,Northeast,744271,275143,65454,44700
20153609,2015,New York,9,Middle Atlantic,Northeast,740868,275475,71299,48507
20153610,2015,New York,10,Middle Atlantic,Northeast,731519,310215,142029,79425
20153611,2015,New York,11,Middle Atlantic,Northeast,731365,261990,84973,65480
20153612,2015,New York,12,Middle Atlantic,Northeast,723973,367700,153970,91414
20153613,2015,New York,13,Middle Atlantic,Northeast,759136,277619,55419,36412
20153614,2015,New York,14,Middle Atlantic,Northeast,728916,245605,66610,51215
20153615,2015,New York,15,Middle Atlantic,Northeast,739618,243275,37681,25213
20153616,2015,New York,16,Middle Atlantic,Northeast,737824,265266,104733,64064
20153617,2015,New York,17,Middle Atlantic,Northeast,735374,242318,126030,89680
20153618,2015,New York,18,Middle Atlantic,Northeast,720822,246505,103655,78021
20153619,2015,New York,19,Middle Atlantic,Northeast,710732,271403,75310,57566
20153620,2015,New York,20,Middle Atlantic,Northeast,723568,286299,78174,60765
20153621,2015,New York,21,Middle Atlantic,Northeast,718502,276975,64130,51255
20153622,2015,New York,22,Middle Atlantic,Northeast,711202,276005,62574,48499
20153623,2015,New York,23,Middle Atlantic,Northeast,713070,282427,61999,47266
20153624,2015,New York,24,Middle Atlantic,Northeast,715530,280503,68837,53034
20153625,2015,New York,25,Middle Atlantic,Northeast,722333,289269,70017,52046
20153626,2015,New York,26,Middle Atlantic,Northeast,715616,305438,59701,44159
20153627,2015,New York,27,Middle Atlantic,Northeast,719351,282368,76000,59941
20153701,2015,North Carolina,1,South Atlantic,South,729228,281771,47897,34139
20153702,2015,North Carolina,2,South Atlantic,South,773870,283718,69001,51666
20153703,2015,North Carolina,3,South Atlantic,South,753337,285425,59797,45849
20153704,2015,North Carolina,4,South Atlantic,South,774527,303725,70933,49388
20153705,2015,North Carolina,5,South Atlantic,South,746472,295557,61596,43971
20153706,2015,North Carolina,6,South Atlantic,South,751215,298982,67954,48987
20153707,2015,North Carolina,7,South Atlantic,South,762894,292734,62386,45976
20153708,2015,North Carolina,8,South Atlantic,South,742467,271444,54742,42016
20153709,2015,North Carolina,9,South Atlantic,South,786999,297064,102879,72786
20153710,2015,North Carolina,10,South Atlantic,South,740474,287999,59081,43032
20153711,2015,North Carolina,11,South Atlantic,South,740031,299298,54052,40815
20153712,2015,North Carolina,12,South Atlantic,South,771401,288668,50799,37290
20153713,2015,North Carolina,13,South Atlantic,South,772418,289196,86248,64945
20153800,2015,North Dakota,0,West North Central,Midwest,721640,299638,76185,57181
20153901,2015,Ohio,1,East North Central,Midwest,727194,282697,73276,52272
20153902,2015,Ohio,2,East North Central,Midwest,724744,290428,71576,51468
20153903,2015,Ohio,3,East North Central,Midwest,745041,290922,55849,41628
20153904,2015,Ohio,4,East North Central,Midwest,714052,275365,61026,48397
20153905,2015,Ohio,5,East North Central,Midwest,723565,287815,67675,52806
20153906,2015,Ohio,6,East North Central,Midwest,711496,280548,56649,43423
20153907,2015,Ohio,7,East North Central,Midwest,724257,278358,62816,49615
20153908,2015,Ohio,8,East North Central,Midwest,723955,273673,66931,51748
20153909,2015,Ohio,9,East North Central,Midwest,714244,296585,54271,40471
20153910,2015,Ohio,10,East North Central,Midwest,722051,296752,63610,46703
20153911,2015,Ohio,11,East North Central,Midwest,705697,300344,54588,34045
20153912,2015,Ohio,12,East North Central,Midwest,747035,284795,87679,65680
20153913,2015,Ohio,13,East North Central,Midwest,713291,297648,54480,41744
20153914,2015,Ohio,14,East North Central,Midwest,719406,284212,82584,61614
20153915,2015,Ohio,15,East North Central,Midwest,737572,278900,72845,56404
20153916,2015,Ohio,16,East North Central,Midwest,722377,286042,78383,60887
20154001,2015,Oklahoma,1,West South Central,South,773811,303015,70125,50634
20154002,2015,Oklahoma,2,West South Central,South,749607,282634,52381,39407
20154003,2015,Oklahoma,3,West South Central,South,767882,283078,63257,47952
20154004,2015,Oklahoma,4,West South Central,South,773971,285434,65172,50985
20154005,2015,Oklahoma,5,West South Central,South,784462,301160,67796,46251
20154101,2015,Oregon,1,Pacific,West,797650,302184,83310,63770
20154102,2015,Oregon,2,Pacific,West,781254,307409,59753,44314
20154103,2015,Oregon,3,Pacific,West,799338,314342,72992,54254
20154104,2015,Oregon,4,Pacific,West,773605,313546,57762,43138
20154105,2015,Oregon,5,Pacific,West,787386,295949,71868,54112
20154201,2015,Pennsylvania,1,Middle Atlantic,Northeast,707654,260432,59636,41321
20154202,2015,Pennsylvania,2,Middle Atlantic,Northeast,719392,277953,66323,37038
20154203,2015,Pennsylvania,3,Middle Atlantic,Northeast,700703,280835,63436,47669
20154204,2015,Pennsylvania,4,Middle Atlantic,Northeast,714595,276414,72811,57680
20154205,2015,Pennsylvania,5,Middle Atlantic,Northeast,706400,273835,60058,46621
20154206,2015,Pennsylvania,6,Middle Atlantic,Northeast,719763,271092,99968,75159
20154207,2015,Pennsylvania,7,Middle Atlantic,Northeast,716023,260331,107741,80607
20154208,2015,Pennsylvania,8,Middle Atlantic,Northeast,708560,263343,101098,77839
20154209,2015,Pennsylvania,9,Middle Atlantic,Northeast,701011,277906,57858,45632
20154210,2015,Pennsylvania,10,Middle Atlantic,Northeast,704169,269367,63885,50354
20154211,2015,Pennsylvania,11,Middle Atlantic,Northeast,707670,282398,65926,51784
20154212,2015,Pennsylvania,12,Middle Atlantic,Northeast,704203,289032,76738,56446
20154213,2015,Pennsylvania,13,Middle Atlantic,Northeast,721966,267434,77793,56794
20154214,2015,Pennsylvania,14,Middle Atlantic,Northeast,704815,313899,58856,42044
20154215,2015,Pennsylvania,15,Middle Atlantic,Northeast,716514,271153,76319,58384
20154216,2015,Pennsylvania,16,Middle Atlantic,Northeast,717967,262226,69954,54296
20154217,2015,Pennsylvania,17,Middle Atlantic,Northeast,700379,270702,62368,48600
20154218,2015,Pennsylvania,18,Middle Atlantic,Northeast,707775,290507,80731,60615
20154401,2015,Rhode Island,1,New England,Northeast,528427,206468,74458,52517
20154402,2015,Rhode Island,2,New England,Northeast,525234,204134,79793,61793
20154501,2015,South Carolina,1,South Atlantic,South,712074,274754,79187,59613
20154502,2015,South Carolina,2,South Atlantic,South,681406,259471,70115,53547
20154503,2015,South Carolina,3,South Atlantic,South,668814,253768,55738,41362
20154504,2015,South Carolina,4,South Atlantic,South,689104,262366,65339,47843
20154505,2015,South Carolina,5,South Atlantic,South,678910,255595,59960,44685
20154506,2015,South Carolina,6,South Atlantic,South,667105,242566,47313,34143
20154507,2015,South Carolina,7,South Atlantic,South,680163,266574,54296,40063
20154600,2015,South Dakota,0,West North Central,Midwest,843190,330858,66404,50957
20154701,2015,Tennessee,1,East South Central,South,709547,291384,52982,38263
20154702,2015,Tennessee,2,East South Central,South,721436,289234,65142,46952
20154703,2015,Tennessee,3,East South Central,South,717815,280278,60020,42612
20154704,2015,Tennessee,4,East South Central,South,733717,274459,60937,46823
20154705,2015,Tennessee,5,East South Central,South,737704,293436,68894,48155
20154706,2015,Tennessee,6,East South Central,South,728457,278139,62282,46221
20154707,2015,Tennessee,7,East South Central,South,732702,267465,72323,50736
20154708,2015,Tennessee,8,East South Central,South,707982,263686,75810,52752
20154709,2015,Tennessee,9,East South Central,South,710255,266475,52295,37233
20154801,2015,Texas,1,West South Central,South,709646,254962,62125,45131
20154802,2015,Texas,2,West South Central,South,745283,270247,101863,72729
20154803,2015,Texas,3,West South Central,South,770105,276374,109836,85752
20154804,2015,Texas,4,West South Central,South,714953,258801,65195,48391
20154805,2015,Texas,5,West South Central,South,724157,246839,63544,45811
20154806,2015,Texas,6,West South Central,South,732310,256049,76861,61110
20154807,2015,Texas,7,West South Central,South,742386,285800,113746,70257
20154808,2015,Texas,8,West South Central,South,759942,255814,86588,61863
20154809,2015,Texas,9,West South Central,South,741226,250257,57825,42967
20154810,2015,Texas,10,West South Central,South,760755,270471,90403,66188
20154811,2015,Texas,11,West South Central,South,733162,264933,72584,51050
20154812,2015,Texas,12,West South Central,South,742964,271814,80616,60933
20154813,2015,Texas,13,West South Central,South,705632,257770,64370,48160
20154814,2015,Texas,14,West South Central,South,717656,260056,73794,53716
20154815,2015,Texas,15,West South Central,South,740657,211648,56890,40685
20154816,2015,Texas,16,West South Central,South,728187,233259,58609,43234
20154817,2015,Texas,17,West South Central,South,727840,267382,64063,47333
20154818,2015,Texas,18,West South Central,South,736283,252581,60625,41435
20154819,2015,Texas,19,West South Central,South,713951,253559,62541,45606
20154820,2015,Texas,20,West South Central,South,749530,247843,60480,47361
20154821,2015,Texas,21,West South Central,South,746822,302585,86038,61733
20154822,2015,Texas,22,West South Central,South,786002,255363,110660,88466
20154823,2015,Texas,23,West South Central,South,730817,221641,71095,50003
20154824,2015,Texas,24,West South Central,South,747381,297557,94631,65004
20154825,2015,Texas,25,West South Central,South,738761,260212,89265,61730
20154826,2015,Texas,26,West South Central,South,771286,260366,98963,79792
20154827,2015,Texas,27,West South Central,South,719002,258038,66851,49960
20154828,2015,Texas,28,West South Central,South,730332,212635,58531,44230
20154829,2015,Texas,29,West South Central,South,730411,214664,50091,38833
20154830,2015,Texas,30,West South Central,South,733277,248717,57781,42146
20154831,2015,Texas,31,West South Central,South,759528,259979,79832,63625
20154832,2015,Texas,32,West South Central,South,732953,278480,99995,63573
20154833,2015,Texas,33,West South Central,South,720668,215895,45797,35858
20154834,2015,Texas,34,West South Central,South,717149,211275,51623,35196
20154835,2015,Texas,35,West South Central,South,758070,249432,53126,41317
20154836,2015,Texas,36,West South Central,South,719530,255898,72150,55067
20154901,2015,Utah,1,Mountain,West,720434,228587,76057,61224
20154902,2015,Utah,2,Mountain,West,718869,238468,71159,54299
20154903,2015,Utah,3,Mountain,West,720828,211887,83884,64445
20154904,2015,Utah,4,Mountain,West,743248,227350,75789,62860
20155000,2015,Vermont,0,New England,Northeast,626604,257167,71392,55176
20155101,2015,Virginia,1,South Atlantic,South,757549,265306,96194,77951
20155102,2015,Virginia,2,South Atlantic,South,736280,274699,78053,61380
20155103,2015,Virginia,3,South Atlantic,South,741771,285279,54679,41017
20155104,2015,Virginia,4,South Atlantic,South,743687,263078,76359,62372
20155105,2015,Virginia,5,South Atlantic,South,731594,285811,67141,48713
20155106,2015,Virginia,6,South Atlantic,South,740643,288914,63765,48924
20155107,2015,Virginia,7,South Atlantic,South,756666,281201,94592,72572
20155108,2015,Virginia,8,South Atlantic,South,772740,305897,127137,98851
20155109,2015,Virginia,9,South Atlantic,South,721066,289761,54244,39759
20155110,2015,Virginia,10,South Atlantic,South,782678,257630,144596,114566
20155111,2015,Virginia,11,South Atlantic,South,771956,265207,127176,104292
20155301,2015,Washington,1,Pacific,West,706079,260995,105688,82358
20155302,2015,Washington,2,Pacific,West,696458,270563,74248,59665
20155303,2015,Washington,3,Pacific,West,692893,259845,69926,54685
20155304,2015,Washington,4,Pacific,West,699457,234659,64800,50313
20155305,2015,Washington,5,Pacific,West,685344,269501,62147,47491
20155306,2015,Washington,6,Pacific,West,680773,269078,72432,55608
20155307,2015,Washington,7,Pacific,West,713395,321600,98756,71615
20155308,2015,Washington,8,Pacific,West,705178,253073,92535,73749
20155309,2015,Washington,9,Pacific,West,705071,267819,91989,66344
20155310,2015,Washington,10,Pacific,West,700816,261779,70734,57542
20155401,2015,West Virginia,1,South Atlantic,South,617868,244200,56793,42057
20155402,2015,West Virginia,2,South Atlantic,South,624926,249831,61923,46254
20155403,2015,West Virginia,3,South Atlantic,South,608626,246859,50495,36902
20155501,2015,Wisconsin,1,East North Central,Midwest,714836,274791,74850,59528
20155502,2015,Wisconsin,2,East North Central,Midwest,734213,300175,76758,59229
20155503,2015,Wisconsin,3,East North Central,Midwest,716980,282608,62839,49851
20155504,2015,Wisconsin,4,East North Central,Midwest,716353,280253,55232,39329
20155505,2015,Wisconsin,5,East North Central,Midwest,717385,290019,82639,64701
20155506,2015,Wisconsin,6,East North Central,Midwest,711964,287555,70396,54218
20155507,2015,Wisconsin,7,East North Central,Midwest,709686,294877,63111,49512
20155508,2015,Wisconsin,8,East North Central,Midwest,720700,288829,68339,54446
20155600,2015,Wyoming,0,Mountain,West,579679,226865,73477,58840
20160101,2016,Alabama,1,East South Central,South,699597,260655,61158,44824
20160102,2016,Alabama,2,East South Central,South,683013,262006,58783,43173
20160103,2016,Alabama,3,East South Central,South,700551,270230,58326,42953
20160104,2016,Alabama,4,East South Central,South,683607,259944,54801,40267
20160105,2016,Alabama,5,East South Central,South,704796,276369,71055,51830
20160106,2016,Alabama,6,East South Central,South,694370,263536,81795,60706
20160107,2016,Alabama,7,East South Central,South,675230,258321,47753,33366
20160200,2016,Alaska,0,Pacific,West,736855,250235,92191,74444
20160401,2016,Arizona,1,Mountain,West,735985,245715,63740,48583
20160402,2016,Arizona,2,Mountain,West,720794,299907,65866,48125
20160403,2016,Arizona,3,Mountain,West,739672,234552,54337,42173
20160404,2016,Arizona,4,Mountain,West,738648,290299,59648,45933
20160405,2016,Arizona,5,Mountain,West,765403,268624,86408,68292
20160406,2016,Arizona,6,Mountain,West,752459,307068,96828,64223
20160407,2016,Arizona,7,Mountain,West,767495,228575,48324,36097
20160408,2016,Arizona,8,Mountain,West,753310,277627,75835,60342
20160409,2016,Arizona,9,Mountain,West,754811,296552,74063,52245
20160501,2016,Arkansas,1,West South Central,South,724990,281115,52093,38289
20160502,2016,Arkansas,2,West South Central,South,754821,289547,66102,48103
20160503,2016,Arkansas,3,West South Central,South,772676,290735,65151,46332
20160504,2016,Arkansas,4,West South Central,South,715985,280083,51595,37758
20160601,2016,California,1,Pacific,West,703985,273923,64200,46594
20160602,2016,California,2,Pacific,West,713613,281661,104548,65158
20160603,2016,California,3,Pacific,West,722896,245144,77502,57926
20160604,2016,California,4,Pacific,West,718699,270598,91979,69051
20160605,2016,California,5,Pacific,West,724966,263837,89196,67273
20160606,2016,California,6,Pacific,West,734450,265666,66665,49048
20160607,2016,California,7,Pacific,West,732954,260195,87189,66846
20160608,2016,California,8,Pacific,West,716168,228942,62454,47171
20160609,2016,California,9,Pacific,West,739025,230544,77010,57832
20160610,2016,California,10,Pacific,West,729022,230560,73370,56256
20160611,2016,California,11,Pacific,West,739386,266629,114946,78487
20160612,2016,California,12,Pacific,West,740337,322650,128385,88364
20160613,2016,California,13,Pacific,West,740683,285551,96456,64948
20160614,2016,California,14,Pacific,West,741332,251704,128699,93666
20160615,2016,California,15,Pacific,West,751439,244658,120133,97232
20160616,2016,California,16,Pacific,West,721109,207656,53787,38381
20160617,2016,California,17,Pacific,West,748800,250247,131814,107946
20160618,2016,California,18,Pacific,West,730782,269484,165342,112702
20160619,2016,California,19,Pacific,West,748954,224846,111837,85010
20160620,2016,California,20,Pacific,West,729525,224205,86009,62732
20160621,2016,California,21,Pacific,West,711464,182327,52913,38462
20160622,2016,California,22,Pacific,West,739449,239476,73437,53868
20160623,2016,California,23,Pacific,West,730050,239249,73478,56167
20160624,2016,California,24,Pacific,West,727935,251675,88256,64676
20160625,2016,California,25,Pacific,West,719970,222530,94458,73819
20160626,2016,California,26,Pacific,West,720336,228001,102470,76719
20160627,2016,California,27,Pacific,West,717212,243951,97913,70099
20160628,2016,California,28,Pacific,West,716990,296506,91617,58768
20160629,2016,California,29,Pacific,West,717765,205352,63678,48293
20160630,2016,California,30,Pacific,West,750372,274756,102736,72243
20160631,2016,California,31,Pacific,West,733581,217676,73000,55451
20160632,2016,California,32,Pacific,West,719110,195129,76751,61288
20160633,2016,California,33,Pacific,West,713625,298476,154075,99902
20160634,2016,California,34,Pacific,West,720384,242280,56139,37136
20160635,2016,California,35,Pacific,West,730260,188196,68087,55900
20160636,2016,California,36,Pacific,West,736044,260527,67381,45708
20160637,2016,California,37,Pacific,West,722138,273100,80331,51531
20160638,2016,California,38,Pacific,West,717228,207011,79585,63212
20160639,2016,California,39,Pacific,West,722857,225403,102736,80844
20160640,2016,California,40,Pacific,West,709435,177311,54228,41521
20160641,2016,California,41,Pacific,West,739304,196326,70579,56824
20160642,2016,California,42,Pacific,West,761341,222348,89257,73341
20160643,2016,California,43,Pacific,West,719530,235749,70333,50355
20160644,2016,California,44,Pacific,West,721109,186609,62350,47683
20160645,2016,California,45,Pacific,West,749687,265761,122168,93995
20160646,2016,California,46,Pacific,West,726307,185636,71897,56465
20160647,2016,California,47,Pacific,West,716958,242635,81387,60841
20160648,2016,California,48,Pacific,West,723983,266710,120382,83894
20160649,2016,California,49,Pacific,West,729768,254154,111209,77558
20160650,2016,California,50,Pacific,West,736001,239229,83887,65656
20160651,2016,California,51,Pacific,West,730710,197487,56484,42561
20160652,2016,California,52,Pacific,West,742154,280159,113615,86174
20160653,2016,California,53,Pacific,West,753024,266952,83685,65332
20160801,2016,Colorado,1,Mountain,West,786253,330841,85919,58507
20160802,2016,Colorado,2,Mountain,West,771980,302634,96904,72006
20160803,2016,Colorado,3,Mountain,West,727398,285590,67020,49977
20160804,2016,Colorado,4,Mountain,West,764153,276466,88516,67813
20160805,2016,Colorado,5,Mountain,West,761749,286783,76693,58613
20160806,2016,Colorado,6,Mountain,West,779950,281376,95199,72470
20160807,2016,Colorado,7,Mountain,West,767812,287926,79811,62806
20160901,2016,Connecticut,1,New England,Northeast,715145,280669,89538,68058
20160902,2016,Connecticut,2,New England,Northeast,709761,269070,92681,72760
20160903,2016,Connecticut,3,New England,Northeast,715345,274512,86292,64333
20160904,2016,Connecticut,4,New England,Northeast,733754,259331,152884,90142
20160905,2016,Connecticut,5,New England,Northeast,714565,271131,94461,68984
20161000,2016,Delaware,0,South Atlantic,South,934695,348051,80432,61017
20161198,2016,District of Columbia,98,South Atlantic,South,659009,276546,110614,72935
20161201,2016,Florida,1,South Atlantic,South,741949,280167,68059,51868
20161202,2016,Florida,2,South Atlantic,South,709130,262221,62379,45464
20161203,2016,Florida,3,South Atlantic,South,713474,258511,62604,45807
20161204,2016,Florida,4,South Atlantic,South,747076,287335,88005,63472
20161205,2016,Florida,5,South Atlantic,South,718313,262164,49653,37816
20161206,2016,Florida,6,South Atlantic,South,728594,288277,59907,44026
20161207,2016,Florida,7,South Atlantic,South,737984,267982,76013,54116
20161208,2016,Florida,8,South Atlantic,South,720695,287270,68696,49297
20161209,2016,Florida,9,South Atlantic,South,780261,255960,59520,45813
20161210,2016,Florida,10,South Atlantic,South,762103,265845,69450,48582
20161211,2016,Florida,11,South Atlantic,South,727833,302969,56444,43053
20161212,2016,Florida,12,South Atlantic,South,729430,292316,66921,48522
20161213,2016,Florida,13,South Atlantic,South,711119,306721,65999,45481
20161214,2016,Florida,14,South Atlantic,South,739946,288396,74715,48636
20161215,2016,Florida,15,South Atlantic,South,745465,264511,65339,51115
20161216,2016,Florida,16,South Atlantic,South,760542,299133,75416,53814
20161217,2016,Florida,17,South Atlantic,South,729130,285019,60574,44362
20161218,2016,Florida,18,South Atlantic,South,730787,288000,81828,53675
20161219,2016,Florida,19,South Atlantic,South,757388,298975,82583,53205
20161220,2016,Florida,20,South Atlantic,South,752660,239382,56470,42440
20161221,2016,Florida,21,South Atlantic,South,738761,288263,81640,53744
20161222,2016,Florida,22,South Atlantic,South,733500,298561,87998,57254
20161223,2016,Florida,23,South Atlantic,South,741077,275263,85811,60606
20161224,2016,Florida,24,South Atlantic,South,734086,233012,51935,36368
20161225,2016,Florida,25,South Atlantic,South,744163,227767,62355,44822
20161226,2016,Florida,26,South Atlantic,South,761160,217383,67694,51148
20161227,2016,Florida,27,South Atlantic,South,737825,271859,89353,49953
20161301,2016,Georgia,1,South Atlantic,South,723376,264435,64051,47573
20161302,2016,Georgia,2,South Atlantic,South,685992,248901,50652,35183
20161303,2016,Georgia,3,South Atlantic,South,714264,256764,71851,53655
20161304,2016,Georgia,4,South Atlantic,South,730842,251963,64927,50048
20161305,2016,Georgia,5,South Atlantic,South,736159,289586,73035,45882
20161306,2016,Georgia,6,South Atlantic,South,731334,275862,115622,82390
20161307,2016,Georgia,7,South Atlantic,South,761511,246217,88612,67534
20161308,2016,Georgia,8,South Atlantic,South,703464,253627,57698,42013
20161309,2016,Georgia,9,South Atlantic,South,716774,255124,63088,47477
20161310,2016,Georgia,10,South Atlantic,South,720981,249060,66028,49040
20161311,2016,Georgia,11,South Atlantic,South,735547,273041,93101,66258
20161312,2016,Georgia,12,South Atlantic,South,709370,248931,58051,41442
20161313,2016,Georgia,13,South Atlantic,South,729459,249753,66911,53136
20161314,2016,Georgia,14,South Atlantic,South,700247,248442,60276,46248
20161501,2016,Hawaii,1,Pacific,West,707396,232219,95739,76200
20161502,2016,Hawaii,2,Pacific,West,706277,219811,86342,67716
20161601,2016,Idaho,1,Mountain,West,833727,304088,64022,49892
20161602,2016,Idaho,2,Mountain,West,801756,292019,65023,48356
20161701,2016,Illinois,1,East North Central,Midwest,710088,264454,67217,49456
20161702,2016,Illinois,2,East North Central,Midwest,704139,259482,59999,45727
20161703,2016,Illinois,3,East North Central,Midwest,722176,242742,82456,63055
20161704,2016,Illinois,4,East North Central,Midwest,702322,219344,62885,46557
20161705,2016,Illinois,5,East North Central,Midwest,732035,302714,107066,74066
20161706,2016,Illinois,6,East North Central,Midwest,724601,262510,124113,93839
20161707,2016,Illinois,7,East North Central,Midwest,728896,292420,86257,51546
20161708,2016,Illinois,8,East North Central,Midwest,716964,252324,81545,66407
20161709,2016,Illinois,9,East North Central,Midwest,718764,285879,99181,65764
20161710,2016,Illinois,10,East North Central,Midwest,713713,248935,111143,74233
20161711,2016,Illinois,11,East North Central,Midwest,722749,244108,88177,69355
20161712,2016,Illinois,12,East North Central,Midwest,703346,277264,62479,45874
20161713,2016,Illinois,13,East North Central,Midwest,709735,283441,65789,49031
20161714,2016,Illinois,14,East North Central,Midwest,725478,250583,105511,86449
20161715,2016,Illinois,15,East North Central,Midwest,703108,275838,62797,49127
20161716,2016,Illinois,16,East North Central,Midwest,700934,271522,70444,56042
20161717,2016,Illinois,17,East North Central,Midwest,698800,283377,58019,45144
20161718,2016,Illinois,18,East North Central,Midwest,713836,285187,78329,60947
20161801,2016,Indiana,1,East North Central,Midwest,717042,269289,68664,53183
20161802,2016,Indiana,2,East North Central,Midwest,721461,268620,61861,48073
20161803,2016,Indiana,3,East North Central,Midwest,733725,279694,64762,50277
20161804,2016,Indiana,4,East North Central,Midwest,741149,279500,67432,53333
20161805,2016,Indiana,5,East North Central,Midwest,749284,294267,90383,64754
20161806,2016,Indiana,6,East North Central,Midwest,719078,277982,61656,48554
20161807,2016,Indiana,7,East North Central,Midwest,747290,284457,53592,39917
20161808,2016,Indiana,8,East North Central,Midwest,721951,281610,61759,47444
20161809,2016,Indiana,9,East North Central,Midwest,738598,278409,67094,51881
20161901,2016,Iowa,1,West North Central,Midwest,769896,307462,70443,55366
20161902,2016,Iowa,2,West North Central,Midwest,775699,310264,67925,52126
20161903,2016,Iowa,3,West North Central,Midwest,801132,314721,78873,60261
20161904,2016,Iowa,4,West North Central,Midwest,759862,310194,65469,51111
20162001,2016,Kansas,1,West North Central,Midwest,716382,276541,62158,48205
20162002,2016,Kansas,2,West North Central,Midwest,714490,277570,64576,50431
20162003,2016,Kansas,3,West North Central,Midwest,746158,285650,93470,68548
20162004,2016,Kansas,4,West North Central,Midwest,721262,276097,67008,51260
20162101,2016,Kentucky,1,East South Central,South,723571,282526,53618,39757
20162102,2016,Kentucky,2,East South Central,South,743449,283353,61213,47051
20162103,2016,Kentucky,3,East South Central,South,739212,303093,68713,49070
20162104,2016,Kentucky,4,East South Central,South,743503,276752,75464,57084
20162105,2016,Kentucky,5,East South Central,South,711115,276174,44661,31274
20162106,2016,Kentucky,6,East South Central,South,751139,296319,66056,48170
20162201,2016,Louisiana,1,West South Central,South,792297,298299,78324,55997
20162202,2016,Louisiana,2,West South Central,South,779918,295085,55989,37096
20162203,2016,Louisiana,3,West South Central,South,775987,291020,65800,47016
20162204,2016,Louisiana,4,West South Central,South,759843,283161,59181,41240
20162205,2016,Louisiana,5,West South Central,South,752483,272255,53178,35968
20162206,2016,Louisiana,6,West South Central,South,785142,291578,77741,58628
20162301,2016,Maine,1,New England,Northeast,673137,280215,75669,57209
20162302,2016,Maine,2,New England,Northeast,656786,270894,58055,44649
20162401,2016,Maryland,1,South Atlantic,South,728394,270515,88732,69650
20162402,2016,Maryland,2,South Atlantic,South,751657,279528,80676,63876
20162403,2016,Maryland,3,South Atlantic,South,747023,286892,106085,81032
20162404,2016,Maryland,4,South Atlantic,South,741905,262131,96184,76776
20162405,2016,Maryland,5,South Atlantic,South,753865,257230,107915,92295
20162406,2016,Maryland,6,South Atlantic,South,755153,271449,102662,74892
20162407,2016,Maryland,7,South Atlantic,South,727420,271757,85534,58128
20162408,2016,Maryland,8,South Atlantic,South,754485,277990,132491,97663
20162501,2016,Massachusetts,1,New England,Northeast,730824,285533,72021,53667
20162502,2016,Massachusetts,2,New England,Northeast,740590,275042,84425,64341
20162503,2016,Massachusetts,3,New England,Northeast,754800,273464,96091,72039
20162504,2016,Massachusetts,4,New England,Northeast,747492,271808,127116,91203
20162505,2016,Massachusetts,5,New England,Northeast,753460,290791,118557,86416
20162506,2016,Massachusetts,6,New England,Northeast,755438,284421,106397,81711
20162507,2016,Massachusetts,7,New England,Northeast,768049,288723,82310,55508
20162508,2016,Massachusetts,8,New England,Northeast,756875,295894,104040,78995
20162509,2016,Massachusetts,9,New England,Northeast,734615,293213,85496,64092
20162601,2016,Michigan,1,East North Central,Midwest,702602,289872,59186,44864
20162602,2016,Michigan,2,East North Central,Midwest,724022,269559,65033,50916
20162603,2016,Michigan,3,East North Central,Midwest,725581,270156,71286,53680
20162604,2016,Michigan,4,East North Central,Midwest,701884,271542,61446,46128
20162605,2016,Michigan,5,East North Central,Midwest,687000,279946,56052,42100
20162606,2016,Michigan,6,East North Central,Midwest,712805,277120,65439,49087
20162607,2016,Michigan,7,East North Central,Midwest,704160,270805,69298,54225
20162608,2016,Michigan,8,East North Central,Midwest,723429,275126,85560,65205
20162609,2016,Michigan,9,East North Central,Midwest,715955,298510,72800,52684
20162610,2016,Michigan,10,East North Central,Midwest,711809,275620,74219,58557
20162611,2016,Michigan,11,East North Central,Midwest,717277,279329,100353,76851
20162612,2016,Michigan,12,East North Central,Midwest,705980,272115,72912,53815
20162613,2016,Michigan,13,East North Central,Midwest,684837,260781,44422,32076
20162614,2016,Michigan,14,East North Central,Midwest,692259,269913,65508,42167
20162701,2016,Minnesota,1,West North Central,Midwest,668498,262712,73782,57780
20162702,2016,Minnesota,2,West North Central,Midwest,686967,255717,95523,77468
20162703,2016,Minnesota,3,West North Central,Midwest,695383,272099,112546,81804
20162704,2016,Minnesota,4,West North Central,Midwest,693301,267425,85577,63826
20162705,2016,Minnesota,5,West North Central,Midwest,693188,290381,78475,55396
20162706,2016,Minnesota,6,West North Central,Midwest,687421,246650,87926,73884
20162707,2016,Minnesota,7,West North Central,Midwest,663338,267692,66684,52930
20162708,2016,Minnesota,8,West North Central,Midwest,662772,272634,65289,51684
20162801,2016,Mississippi,1,East South Central,South,755945,281488,57207,42647
20162802,2016,Mississippi,2,East South Central,South,723747,258010,47615,32409
20162803,2016,Mississippi,3,East South Central,South,748787,278403,62073,42767
20162804,2016,Mississippi,4,East South Central,South,760713,280902,57873,43173
20162901,2016,Missouri,1,West North Central,Midwest,740262,310499,59312,41817
20162902,2016,Missouri,2,West North Central,Midwest,760782,300370,104702,76996
20162903,2016,Missouri,3,West North Central,Midwest,768153,286290,71764,57658
20162904,2016,Missouri,4,West North Central,Midwest,761184,287412,59780,45929
20162905,2016,Missouri,5,West North Central,Midwest,757531,310554,62127,45886
20162906,2016,Missouri,6,West North Central,Midwest,760050,286747,70383,55377
20162907,2016,Missouri,7,West North Central,Midwest,764936,302590,57416,42719
20162908,2016,Missouri,8,West North Central,Midwest,746753,287900,52117,39076
20163000,2016,Montana,0,Mountain,West,1023391,412653,65401,48380
20163101,2016,Nebraska,1,West North Central,Midwest,630685,246820,70399,55048
20163102,2016,Nebraska,2,West North Central,Midwest,643888,247054,79444,59906
20163103,2016,Nebraska,3,West North Central,Midwest,606686,247707,63673,50034
20163201,2016,Nevada,1,Mountain,West,685133,243185,53107,38941
20163202,2016,Nevada,2,Mountain,West,696099,266357,73672,55692
20163203,2016,Nevada,3,Mountain,West,739847,278562,85888,64740
20163204,2016,Nevada,4,Mountain,West,718093,242597,68294,53889
20163301,2016,New Hampshire,1,New England,Northeast,667330,264385,88959,69225
20163302,2016,New Hampshire,2,New England,Northeast,660173,256988,86810,67675
20163401,2016,New Jersey,1,Middle Atlantic,Northeast,731077,268085,84246,65770
20163402,2016,New Jersey,2,Middle Atlantic,Northeast,729824,267908,78915,59785
20163403,2016,New Jersey,3,Middle Atlantic,Northeast,736722,277845,95301,74644
20163404,2016,New Jersey,4,Middle Atlantic,Northeast,738951,269074,105878,77685
20163405,2016,New Jersey,5,Middle Atlantic,Northeast,742080,263956,127392,95701
20163406,2016,New Jersey,6,Middle Atlantic,Northeast,743100,252196,98165,77157
20163407,2016,New Jersey,7,Middle Atlantic,Northeast,741497,263856,144320,104987
20163408,2016,New Jersey,8,Middle Atlantic,Northeast,766386,276847,80790,55493
20163409,2016,New Jersey,9,Middle Atlantic,Northeast,751662,260447,87334,62559
20163410,2016,New Jersey,10,Middle Atlantic,Northeast,741960,265062,70818,48168
20163411,2016,New Jersey,11,Middle Atlantic,Northeast,740727,266308,138520,103419
20163412,2016,New Jersey,12,Middle Atlantic,Northeast,751470,263430,109299,81115
20163501,2016,New Mexico,1,Mountain,West,692610,270079,66616,47990
20163502,2016,New Mexico,2,Mountain,West,698524,245149,56733,41600
20163503,2016,New Mexico,3,Mountain,West,691535,247323,65439,47956
20163601,2016,New York,1,Middle Atlantic,Northeast,722038,246433,111304,88242
20163602,2016,New York,2,Middle Atlantic,Northeast,720950,222531,107151,90614
20163603,2016,New York,3,Middle Atlantic,Northeast,724563,249115,147492,104805
20163604,2016,New York,4,Middle Atlantic,Northeast,722016,232987,121800,96078
20163605,2016,New York,5,Middle Atlantic,Northeast,774752,226560,79590,62979
20163606,2016,New York,6,Middle Atlantic,Northeast,730534,267304,78842,60158
20163607,2016,New York,7,Middle Atlantic,Northeast,748294,253280,79885,49581
20163608,2016,New York,8,Middle Atlantic,Northeast,753062,279502,69514,47048
20163609,2016,New York,9,Middle Atlantic,Northeast,742131,276782,75206,50825
20163610,2016,New York,10,Middle Atlantic,Northeast,731073,310541,147819,81814
20163611,2016,New York,11,Middle Atlantic,Northeast,729159,261227,87173,66890
20163612,2016,New York,12,Middle Atlantic,Northeast,725977,368000,155823,93559
20163613,2016,New York,13,Middle Atlantic,Northeast,768090,281777,57756,37263
20163614,2016,New York,14,Middle Atlantic,Northeast,722309,244030,68573,52427
20163615,2016,New York,15,Middle Atlantic,Northeast,747882,246997,39116,26096
20163616,2016,New York,16,Middle Atlantic,Northeast,738787,265180,107374,66153
20163617,2016,New York,17,Middle Atlantic,Northeast,738467,242908,128441,91734
20163618,2016,New York,18,Middle Atlantic,Northeast,721184,246961,105888,79539
20163619,2016,New York,19,Middle Atlantic,Northeast,707053,269666,77266,58698
20163620,2016,New York,20,Middle Atlantic,Northeast,725336,285976,81152,62112
20163621,2016,New York,21,Middle Atlantic,Northeast,715390,276141,65916,51976
20163622,2016,New York,22,Middle Atlantic,Northeast,708362,274688,64515,50059
20163623,2016,New York,23,Middle Atlantic,Northeast,709936,279435,63016,47916
20163624,2016,New York,24,Middle Atlantic,Northeast,713917,280759,70490,53930
20163625,2016,New York,25,Middle Atlantic,Northeast,722212,289778,71628,53060
20163626,2016,New York,26,Middle Atlantic,Northeast,714792,304395,61956,45640
20163627,2016,New York,27,Middle Atlantic,Northeast,719191,283234,78042,61359
20163701,2016,North Carolina,1,South Atlantic,South,745646,289854,58072,40587
20163702,2016,North Carolina,2,South Atlantic,South,791508,282224,81639,61538
20163703,2016,North Carolina,3,South Atlantic,South,749072,286796,61061,46916
20163704,2016,North Carolina,4,South Atlantic,South,806437,311069,89390,64252
20163705,2016,North Carolina,5,South Atlantic,South,745704,297027,60520,42087
20163706,2016,North Carolina,6,South Atlantic,South,754902,293050,62085,45391
20163707,2016,North Carolina,7,South Atlantic,South,768409,300677,61014,44413
20163708,2016,North Carolina,8,South Atlantic,South,760680,284274,63326,48643
20163709,2016,North Carolina,9,South Atlantic,South,763890,276058,82524,53630
20163710,2016,North Carolina,10,South Atlantic,South,743721,290083,59681,43877
20163711,2016,North Carolina,11,South Atlantic,South,743349,301869,55997,41913
20163712,2016,North Carolina,12,South Atlantic,South,811813,309217,74983,53409
20163713,2016,North Carolina,13,South Atlantic,South,755697,293194,65279,46792
20163800,2016,North Dakota,0,West North Central,Midwest,736162,305163,78828,59114
20163901,2016,Ohio,1,East North Central,Midwest,730363,286199,75657,53393
20163902,2016,Ohio,2,East North Central,Midwest,724850,292246,73805,52629
20163903,2016,Ohio,3,East North Central,Midwest,757872,296464,57590,42960
20163904,2016,Ohio,4,East North Central,Midwest,712613,275997,62835,49974
20163905,2016,Ohio,5,East North Central,Midwest,724865,288991,70386,54480
20163906,2016,Ohio,6,East North Central,Midwest,707254,278986,58088,44574
20163907,2016,Ohio,7,East North Central,Midwest,723913,278507,64388,50830
20163908,2016,Ohio,8,East North Central,Midwest,724240,273941,69187,53561
20163909,2016,Ohio,9,East North Central,Midwest,712630,297294,56092,41179
20163910,2016,Ohio,10,East North Central,Midwest,721070,296904,65290,48257
20163911,2016,Ohio,11,East North Central,Midwest,700217,299081,56075,34673
20163912,2016,Ohio,12,East North Central,Midwest,753567,286301,90035,66774
20163913,2016,Ohio,13,East North Central,Midwest,711936,297781,55762,42373
20163914,2016,Ohio,14,East North Central,Midwest,718097,286027,84404,62811
20163915,2016,Ohio,15,East North Central,Midwest,741447,279809,74816,57874
20163916,2016,Ohio,16,East North Central,Midwest,722007,286921,80532,62293
20164001,2016,Oklahoma,1,West South Central,South,781427,306110,71691,51527
20164002,2016,Oklahoma,2,West South Central,South,748897,281342,53566,40205
20164003,2016,Oklahoma,3,West South Central,South,772392,282757,64914,49178
20164004,2016,Oklahoma,4,West South Central,South,777882,287093,66904,52339
20164005,2016,Oklahoma,5,West South Central,South,794991,304198,69328,47442
20164101,2016,Oregon,1,Pacific,West,807470,306260,86671,66106
20164102,2016,Oregon,2,Pacific,West,788709,308959,62068,46384
20164103,2016,Oregon,3,Pacific,West,811147,317415,77011,57649
20164104,2016,Oregon,4,Pacific,West,779056,315013,59858,44180
20164105,2016,Oregon,5,Pacific,West,795885,298098,74785,56481
20164201,2016,Pennsylvania,1,Middle Atlantic,Northeast,718736,262756,61946,42667
20164202,2016,Pennsylvania,2,Middle Atlantic,Northeast,712388,276900,68584,38637
20164203,2016,Pennsylvania,3,Middle Atlantic,Northeast,697809,280564,65393,49130
20164204,2016,Pennsylvania,4,Middle Atlantic,Northeast,717233,276992,74539,59226
20164205,2016,Pennsylvania,5,Middle Atlantic,Northeast,705575,272228,61933,47533
20164206,2016,Pennsylvania,6,Middle Atlantic,Northeast,722755,272037,103412,77580
20164207,2016,Pennsylvania,7,Middle Atlantic,Northeast,717691,260582,110369,82483
20164208,2016,Pennsylvania,8,Middle Atlantic,Northeast,708465,264104,103750,79615
20164209,2016,Pennsylvania,9,Middle Atlantic,Northeast,698749,277974,59734,46561
20164210,2016,Pennsylvania,10,Middle Atlantic,Northeast,701757,267775,65683,51517
20164211,2016,Pennsylvania,11,Middle Atlantic,Northeast,706988,282707,67328,52531
20164212,2016,Pennsylvania,12,Middle Atlantic,Northeast,702324,289217,78408,57825
20164213,2016,Pennsylvania,13,Middle Atlantic,Northeast,723656,268069,78864,57623
20164214,2016,Pennsylvania,14,Middle Atlantic,Northeast,702800,314290,60618,43329
20164215,2016,Pennsylvania,15,Middle Atlantic,Northeast,719408,272393,78241,60100
20164216,2016,Pennsylvania,16,Middle Atlantic,Northeast,722007,262341,72678,55641
20164217,2016,Pennsylvania,17,Middle Atlantic,Northeast,698821,270403,63766,49619
20164218,2016,Pennsylvania,18,Middle Atlantic,Northeast,706815,290597,83208,62283
20164401,2016,Rhode Island,1,New England,Northeast,529708,205959,76819,53699
20164402,2016,Rhode Island,2,New England,Northeast,524783,204281,81247,63107
20164501,2016,South Carolina,1,South Atlantic,South,731010,280630,82775,61354
20164502,2016,South Carolina,2,South Atlantic,South,689145,262482,71887,55143
20164503,2016,South Carolina,3,South Atlantic,South,672526,256314,57699,42513
20164504,2016,South Carolina,4,South Atlantic,South,697852,266165,67092,49093
20164505,2016,South Carolina,5,South Atlantic,South,687477,258720,62200,46062
20164506,2016,South Carolina,6,South Atlantic,South,667168,244343,48525,35014
20164507,2016,South Carolina,7,South Atlantic,South,689427,270387,56279,41296
20164600,2016,South Dakota,0,West North Central,Midwest,851058,333536,68419,52078
20164701,2016,Tennessee,1,East South Central,South,711220,290152,54249,39305
20164702,2016,Tennessee,2,East South Central,South,726682,290201,67129,48615
20164703,2016,Tennessee,3,East South Central,South,719834,280779,62089,43943
20164704,2016,Tennessee,4,East South Central,South,745636,278327,63201,48420
20164705,2016,Tennessee,5,East South Central,South,747388,298663,71450,50317
20164706,2016,Tennessee,6,East South Central,South,737895,281227,64357,47925
20164707,2016,Tennessee,7,East South Central,South,742791,269524,75416,51936
20164708,2016,Tennessee,8,East South Central,South,708571,265152,77492,53877
20164709,2016,Tennessee,9,East South Central,South,707992,268179,53377,37644
20164801,2016,Texas,1,West South Central,South,711851,253918,62912,45724
20164802,2016,Texas,2,West South Central,South,758738,277071,103826,74099
20164803,2016,Texas,3,West South Central,South,791520,284392,112166,86783
20164804,2016,Texas,4,West South Central,South,721526,261206,67279,49540
20164805,2016,Texas,5,West South Central,South,731797,247968,65632,47410
20164806,2016,Texas,6,West South Central,South,745202,260283,78972,62450
20164807,2016,Texas,7,West South Central,South,753088,291452,115740,71343
20164808,2016,Texas,8,West South Central,South,782315,264131,90583,64196
20164809,2016,Texas,9,West South Central,South,762611,257374,58658,44024
20164810,2016,Texas,10,West South Central,South,783310,278163,94382,69430
20164811,2016,Texas,11,West South Central,South,744592,266186,75445,52461
20164812,2016,Texas,12,West South Central,South,758403,276975,82768,62081
20164813,2016,Texas,13,West South Central,South,707120,258409,65740,49229
20164814,2016,Texas,14,West South Central,South,726919,263747,76550,55501
20164815,2016,Texas,15,West South Central,South,753132,214934,58305,41865
20164816,2016,Texas,16,West South Central,South,732018,234767,58952,43683
20164817,2016,Texas,17,West South Central,South,738775,271980,66379,49401
20164818,2016,Texas,18,West South Central,South,749983,259044,62791,42352
20164819,2016,Texas,19,West South Central,South,718947,254892,64144,46727
20164820,2016,Texas,20,West South Central,South,762155,249977,62375,48594
20164821,2016,Texas,21,West South Central,South,762036,306124,88922,63979
20164822,2016,Texas,22,West South Central,South,814295,264138,113851,90194
20164823,2016,Texas,23,West South Central,South,741364,223382,72739,51081
20164824,2016,Texas,24,West South Central,South,759717,302150,97822,67197
20164825,2016,Texas,25,West South Central,South,746615,263216,92132,63799
20164826,2016,Texas,26,West South Central,South,796179,268866,102283,81425
20164827,2016,Texas,27,West South Central,South,726807,260575,69106,51398
20164828,2016,Texas,28,West South Central,South,735440,214263,60240,45253
20164829,2016,Texas,29,West South Central,South,729879,218243,51361,39571
20164830,2016,Texas,30,West South Central,South,745784,254017,58991,42708
20164831,2016,Texas,31,West South Central,South,782478,266630,82146,65636
20164832,2016,Texas,32,West South Central,South,742056,283202,103840,65544
20164833,2016,Texas,33,West South Central,South,719958,215860,47111,36755
20164834,2016,Texas,34,West South Central,South,718321,211675,52920,36417
20164835,2016,Texas,35,West South Central,South,777259,254178,55366,43311
20164836,2016,Texas,36,West South Central,South,724245,256166,74732,56549
20164901,2016,Utah,1,Mountain,West,730389,230534,78033,62875
20164902,2016,Utah,2,Mountain,West,727562,240990,73551,56311
20164903,2016,Utah,3,Mountain,West,732869,214826,88037,66478
20164904,2016,Utah,4,Mountain,West,757607,232017,78892,65081
20165000,2016,Vermont,0,New England,Northeast,626249,257107,73016,56104
20165101,2016,Virginia,1,South Atlantic,South,767681,270101,97952,80492
20165102,2016,Virginia,2,South Atlantic,South,739007,273225,82520,63681
20165103,2016,Virginia,3,South Atlantic,South,738466,280311,65711,50822
20165104,2016,Virginia,4,South Atlantic,South,754069,282071,70969,52464
20165105,2016,Virginia,5,South Atlantic,South,731805,287346,68879,50005
20165106,2016,Virginia,6,South Atlantic,South,744504,290440,65289,49798
20165107,2016,Virginia,7,South Atlantic,South,762523,279369,91615,70994
20165108,2016,Virginia,8,South Atlantic,South,778376,309361,129825,100649
20165109,2016,Virginia,9,South Atlantic,South,717480,288924,55768,40855
20165110,2016,Virginia,10,South Atlantic,South,796568,261676,146793,116069
20165111,2016,Virginia,11,South Atlantic,South,779822,267354,128516,105024
20165301,2016,Washington,1,Pacific,West,716614,264697,108884,85293
20165302,2016,Washington,2,Pacific,West,706518,273599,77142,61475
20165303,2016,Washington,3,Pacific,West,699966,261696,72890,56436
20165304,2016,Washington,4,Pacific,West,704697,236016,66636,51434
20165305,2016,Washington,5,Pacific,West,691150,270719,63967,48516
20165306,2016,Washington,6,Pacific,West,686051,271173,74687,57285
20165307,2016,Washington,7,Pacific,West,729532,328657,105039,75568
20165308,2016,Washington,8,Pacific,West,713794,254769,95860,75953
20165309,2016,Washington,9,Pacific,West,714192,271102,96073,68915
20165310,2016,Washington,10,Pacific,West,710632,264178,72996,59107
20165401,2016,West Virginia,1,South Atlantic,South,617075,244360,58831,43285
20165402,2016,West Virginia,2,South Atlantic,South,625142,249780,63245,47628
20165403,2016,West Virginia,3,South Atlantic,South,603875,245257,51165,37243
20165501,2016,Wisconsin,1,East North Central,Midwest,715455,276105,77127,60528
20165502,2016,Wisconsin,2,East North Central,Midwest,741376,302595,79398,60946
20165503,2016,Wisconsin,3,East North Central,Midwest,718576,283485,64716,50985
20165504,2016,Wisconsin,4,East North Central,Midwest,715266,280451,56834,40400
20165505,2016,Wisconsin,5,East North Central,Midwest,719342,292023,85203,65816
20165506,2016,Wisconsin,6,East North Central,Midwest,712501,289117,71854,55310
20165507,2016,Wisconsin,7,East North Central,Midwest,709035,295626,65413,50744
20165508,2016,Wisconsin,8,East North Central,Midwest,723247,290844,70447,55380
20165600,2016,Wyoming,0,Mountain,West,583029,226985,74667,59143
20170101,2017,Alabama,1,East South Central,South,702730,260709,63769,46449
20170102,2017,Alabama,2,East South Central,South,681443,260577,61052,44765
20170103,2017,Alabama,3,East South Central,South,703772,273014,60480,44725
20170104,2017,Alabama,4,East South Central,South,683508,259836,57114,41822
20170105,2017,Alabama,5,East South Central,South,708691,279406,72849,52874
20170106,2017,Alabama,6,East South Central,South,698968,264493,85653,63009
20170107,2017,Alabama,7,East South Central,South,671659,258660,49554,35059
20170200,2017,Alaska,0,Pacific,West,738565,252536,94469,76114
20170401,2017,Arizona,1,Mountain,West,741377,248921,66098,50317
20170402,2017,Arizona,2,Mountain,West,717718,300146,68947,50270
20170403,2017,Arizona,3,Mountain,West,751029,238944,56781,44332
20170404,2017,Arizona,4,Mountain,West,749187,294988,62072,47671
20170405,2017,Arizona,5,Mountain,West,782680,275040,89918,70934
20170406,2017,Arizona,6,Mountain,West,762220,310885,101983,67405
20170407,2017,Arizona,7,Mountain,West,782330,232063,51266,39005
20170408,2017,Arizona,8,Mountain,West,761786,281545,79904,63062
20170409,2017,Arizona,9,Mountain,West,761619,299779,77315,54210
20170501,2017,Arkansas,1,West South Central,South,723743,282969,54265,39864
20170502,2017,Arkansas,2,West South Central,South,757113,290545,68921,49526
20170503,2017,Arkansas,3,West South Central,South,782339,294541,68052,48058
20170504,2017,Arkansas,4,West South Central,South,714749,279236,53503,39248
20170601,2017,California,1,Pacific,West,704958,275090,67491,48524
20170602,2017,California,2,Pacific,West,717270,282535,110543,68709
20170603,2017,California,3,Pacific,West,730723,247634,81434,61268
20170604,2017,California,4,Pacific,West,726653,273365,96265,72371
20170605,2017,California,5,Pacific,West,727704,264745,94336,71526
20170606,2017,California,6,Pacific,West,743423,268283,70326,51479
20170607,2017,California,7,Pacific,West,739746,261989,91282,69964
20170608,2017,California,8,Pacific,West,719950,230581,65470,50051
20170609,2017,California,9,Pacific,West,750185,232850,81226,60717
20170610,2017,California,10,Pacific,West,737719,232592,76877,59543
20170611,2017,California,11,Pacific,West,749531,268133,122136,83343
20170612,2017,California,12,Pacific,West,752652,324660,138914,97282
20170613,2017,California,13,Pacific,West,750102,286243,102440,70222
20170614,2017,California,14,Pacific,West,750274,252581,138317,101753
20170615,2017,California,15,Pacific,West,764963,248167,128010,103109
20170616,2017,California,16,Pacific,West,725356,209778,56783,40689
20170617,2017,California,17,Pacific,West,762175,252521,140455,115390
20170618,2017,California,18,Pacific,West,735753,269963,175217,122124
20170619,2017,California,19,Pacific,West,760615,226334,119009,91357
20170620,2017,California,20,Pacific,West,734923,224468,90854,66078
20170621,2017,California,21,Pacific,West,712221,184606,55335,40330
20170622,2017,California,22,Pacific,West,748078,241584,76763,56097
20170623,2017,California,23,Pacific,West,738134,241240,75544,57341
20170624,2017,California,24,Pacific,West,732284,253101,93020,67574
20170625,2017,California,25,Pacific,West,720000,222563,97254,75860
20170626,2017,California,26,Pacific,West,725161,229007,107348,80281
20170627,2017,California,27,Pacific,West,719377,243552,102641,73445
20170628,2017,California,28,Pacific,West,717921,296570,97049,62319
20170629,2017,California,29,Pacific,West,721965,207705,67102,50823
20170630,2017,California,30,Pacific,West,758784,276622,109495,76169
20170631,2017,California,31,Pacific,West,740071,219554,76225,58167
20170632,2017,California,32,Pacific,West,721884,195174,80719,64151
20170633,2017,California,33,Pacific,West,715197,297982,161228,103176
20170634,2017,California,34,Pacific,West,728048,245309,60274,40215
20170635,2017,California,35,Pacific,West,735165,189569,71535,58467
20170636,2017,California,36,Pacific,West,740835,264505,69933,46772
20170637,2017,California,37,Pacific,West,721893,272943,84206,54063
20170638,2017,California,38,Pacific,West,720150,207934,82749,65963
20170639,2017,California,39,Pacific,West,726854,226577,107580,85147
20170640,2017,California,40,Pacific,West,714946,178740,56999,43499
20170641,2017,California,41,Pacific,West,747233,194369,74459,60629
20170642,2017,California,42,Pacific,West,777599,225745,94208,77297
20170643,2017,California,43,Pacific,West,726570,237349,74398,52806
20170644,2017,California,44,Pacific,West,723533,187500,65123,49774
20170645,2017,California,45,Pacific,West,762519,270210,126427,97431
20170646,2017,California,46,Pacific,West,730094,186871,75858,59863
20170647,2017,California,47,Pacific,West,717209,243186,85736,63887
20170648,2017,California,48,Pacific,West,727426,268156,125398,87413
20170649,2017,California,49,Pacific,West,736520,256877,118718,82202
20170650,2017,California,50,Pacific,West,744267,239632,89685,70774
20170651,2017,California,51,Pacific,West,730908,197935,59752,44759
20170652,2017,California,52,Pacific,West,754053,283550,119589,89955
20170653,2017,California,53,Pacific,West,761273,269399,88138,68799
20170801,2017,Colorado,1,Mountain,West,802167,337674,91137,62195
20170802,2017,Colorado,2,Mountain,West,782425,308197,101348,75021
20170803,2017,Colorado,3,Mountain,West,731888,289482,69467,51456
20170804,2017,Colorado,4,Mountain,West,780344,282039,92533,71357
20170805,2017,Colorado,5,Mountain,West,772116,288185,79748,61391
20170806,2017,Colorado,6,Mountain,West,792196,285038,99935,75962
20170807,2017,Colorado,7,Mountain,West,775383,291916,83541,65880
20170901,2017,Connecticut,1,New England,Northeast,715329,281334,92247,69910
20170902,2017,Connecticut,2,New England,Northeast,708127,271168,95355,74427
20170903,2017,Connecticut,3,New England,Northeast,717162,274041,89637,66465
20170904,2017,Connecticut,4,New England,Northeast,738259,261978,157490,92799
20170905,2017,Connecticut,5,New England,Northeast,715601,273234,97760,71132
20171000,2017,Delaware,0,South Atlantic,South,943732,352357,84146,63036
20171198,2017,District of Columbia,98,South Atlantic,South,672391,277985,116090,77649
20171201,2017,Florida,1,South Atlantic,South,748579,284845,70764,53480
20171202,2017,Florida,2,South Atlantic,South,712695,266312,65209,47146
20171203,2017,Florida,3,South Atlantic,South,720286,263104,64742,47047
20171204,2017,Florida,4,South Atlantic,South,763855,294402,91975,66753
20171205,2017,Florida,5,South Atlantic,South,722646,265975,51846,39667
20171206,2017,Florida,6,South Atlantic,South,740950,295994,62232,45873
20171207,2017,Florida,7,South Atlantic,South,748154,272935,79636,56681
20171208,2017,Florida,8,South Atlantic,South,730040,289985,71514,50998
20171209,2017,Florida,9,South Atlantic,South,810034,262447,63085,48016
20171210,2017,Florida,10,South Atlantic,South,787875,271954,72624,50380
20171211,2017,Florida,11,South Atlantic,South,738652,310645,58739,45051
20171212,2017,Florida,12,South Atlantic,South,743356,299560,69817,50542
20171213,2017,Florida,13,South Atlantic,South,717518,307161,68611,47370
20171214,2017,Florida,14,South Atlantic,South,750173,293109,77951,50891
20171215,2017,Florida,15,South Atlantic,South,761327,270030,67460,52460
20171216,2017,Florida,16,South Atlantic,South,782096,307264,79456,56355
20171217,2017,Florida,17,South Atlantic,South,743040,290726,63148,46034
20171218,2017,Florida,18,South Atlantic,South,744294,291438,85524,56264
20171219,2017,Florida,19,South Atlantic,South,777171,307043,85557,54971
20171220,2017,Florida,20,South Atlantic,South,765067,240826,58515,43648
20171221,2017,Florida,21,South Atlantic,South,754832,290731,85395,55616
20171222,2017,Florida,22,South Atlantic,South,742818,300480,92772,59830
20171223,2017,Florida,23,South Atlantic,South,751320,275542,89769,62823
20171224,2017,Florida,24,South Atlantic,South,741759,233510,54362,37821
20171225,2017,Florida,25,South Atlantic,South,756894,233652,65146,46827
20171226,2017,Florida,26,South Atlantic,South,772867,218402,70758,53318
20171227,2017,Florida,27,South Atlantic,South,750149,272810,93276,52353
20171301,2017,Georgia,1,South Atlantic,South,727997,269301,67001,49245
20171302,2017,Georgia,2,South Atlantic,South,680145,248907,51941,36332
20171303,2017,Georgia,3,South Atlantic,South,721355,261356,74392,55443
20171304,2017,Georgia,4,South Atlantic,South,739094,254342,68345,52414
20171305,2017,Georgia,5,South Atlantic,South,751264,294513,77220,47961
20171306,2017,Georgia,6,South Atlantic,South,742017,278351,121524,86295
20171307,2017,Georgia,7,South Atlantic,South,778970,252436,93086,70486
20171308,2017,Georgia,8,South Atlantic,South,703499,256542,59765,43142
20171309,2017,Georgia,9,South Atlantic,South,725451,258832,67293,50214
20171310,2017,Georgia,10,South Atlantic,South,728072,254150,69305,51042
20171311,2017,Georgia,11,South Atlantic,South,744447,276647,97136,69534
20171312,2017,Georgia,12,South Atlantic,South,713701,250210,60026,42825
20171313,2017,Georgia,13,South Atlantic,South,740677,255757,69389,55060
20171314,2017,Georgia,14,South Atlantic,South,704946,251760,63536,48731
20171501,2017,Hawaii,1,Pacific,West,711225,234001,100007,78813
20171502,2017,Hawaii,2,Pacific,West,710433,221501,90881,71289
20171601,2017,Idaho,1,Mountain,West,849292,312983,67740,51632
20171602,2017,Idaho,2,Mountain,West,808083,296141,66912,50222
20171701,2017,Illinois,1,East North Central,Midwest,712456,266115,68789,50666
20171702,2017,Illinois,2,East North Central,Midwest,704321,258584,62234,47510
20171703,2017,Illinois,3,East North Central,Midwest,724628,243644,85339,64489
20171704,2017,Illinois,4,East North Central,Midwest,703303,220195,66346,49321
20171705,2017,Illinois,5,East North Central,Midwest,737064,303304,112838,78227
20171706,2017,Illinois,6,East North Central,Midwest,725875,264076,127161,96460
20171707,2017,Illinois,7,East North Central,Midwest,725329,293208,91156,54112
20171708,2017,Illinois,8,East North Central,Midwest,716738,252915,84489,68211
20171709,2017,Illinois,9,East North Central,Midwest,723142,287015,103914,68686
20171710,2017,Illinois,10,East North Central,Midwest,715072,250068,116266,77213
20171711,2017,Illinois,11,East North Central,Midwest,723626,245247,91971,72108
20171712,2017,Illinois,12,East North Central,Midwest,700568,278315,64649,47214
20171713,2017,Illinois,13,East North Central,Midwest,706023,283323,68232,50373
20171714,2017,Illinois,14,East North Central,Midwest,730782,253788,110315,90082
20171715,2017,Illinois,15,East North Central,Midwest,701048,278182,65003,50821
20171716,2017,Illinois,16,East North Central,Midwest,698425,272516,73538,58129
20171717,2017,Illinois,17,East North Central,Midwest,694242,282497,60330,46751
20171718,2017,Illinois,18,East North Central,Midwest,711884,285460,81228,62337
20171801,2017,Indiana,1,East North Central,Midwest,716518,271581,70878,54925
20171802,2017,Indiana,2,East North Central,Midwest,722649,269796,64670,50295
20171803,2017,Indiana,3,East North Central,Midwest,736567,282802,66684,51784
20171804,2017,Indiana,4,East North Central,Midwest,745099,282794,69870,55420
20171805,2017,Indiana,5,East North Central,Midwest,757787,298250,94622,67341
20171806,2017,Indiana,6,East North Central,Midwest,718307,280639,64967,50994
20171807,2017,Indiana,7,East North Central,Midwest,753500,285930,55610,41211
20171808,2017,Indiana,8,East North Central,Midwest,720806,283942,64435,49193
20171809,2017,Indiana,9,East North Central,Midwest,743185,281455,69644,53862
20171901,2017,Iowa,1,West North Central,Midwest,770452,309394,72963,57084
20171902,2017,Iowa,2,West North Central,Midwest,777339,310863,70445,53724
20171903,2017,Iowa,3,West North Central,Midwest,811951,319576,82151,62390
20171904,2017,Iowa,4,West North Central,Midwest,758360,311754,68253,52799
20172001,2017,Kansas,1,West North Central,Midwest,712978,277137,64243,49608
20172002,2017,Kansas,2,West North Central,Midwest,714182,279512,66695,52031
20172003,2017,Kansas,3,West North Central,Midwest,754183,288082,97518,71268
20172004,2017,Kansas,4,West North Central,Midwest,722477,277212,69242,52955
20172101,2017,Kentucky,1,East South Central,South,721011,282126,55736,40902
20172102,2017,Kentucky,2,East South Central,South,747700,285517,64060,48902
20172103,2017,Kentucky,3,East South Central,South,742664,302319,72000,51316
20172104,2017,Kentucky,4,East South Central,South,749054,278399,79349,59478
20172105,2017,Kentucky,5,East South Central,South,706248,276889,45744,31899
20172106,2017,Kentucky,6,East South Central,South,757699,299264,68773,50452
20172201,2017,Louisiana,1,West South Central,South,798345,300876,80508,57771
20172202,2017,Louisiana,2,West South Central,South,790128,295816,57897,38507
20172203,2017,Louisiana,3,West South Central,South,780962,292457,67026,48130
20172204,2017,Louisiana,4,West South Central,South,758769,284800,59377,41017
20172205,2017,Louisiana,5,West South Central,South,749991,271675,54640,36731
20172206,2017,Louisiana,6,West South Central,South,785266,292021,80384,61097
20172301,2017,Maine,1,New England,Northeast,675074,282871,79512,60757
20172302,2017,Maine,2,New England,Northeast,655084,271190,60507,46534
20172401,2017,Maryland,1,South Atlantic,South,729888,271293,92991,71900
20172402,2017,Maryland,2,South Atlantic,South,757951,280629,83880,66387
20172403,2017,Maryland,3,South Atlantic,South,752897,286555,110803,84243
20172404,2017,Maryland,4,South Atlantic,South,747699,261688,99584,79163
20172405,2017,Maryland,5,South Atlantic,South,759228,258891,110885,95144
20172406,2017,Maryland,6,South Atlantic,South,762155,272725,106204,77595
20172407,2017,Maryland,7,South Atlantic,South,726536,270388,89295,60903
20172408,2017,Maryland,8,South Atlantic,South,759725,278924,136599,100728
20172501,2017,Massachusetts,1,New England,Northeast,731327,287389,74707,55577
20172502,2017,Massachusetts,2,New England,Northeast,744002,278846,87846,66319
20172503,2017,Massachusetts,3,New England,Northeast,760993,275388,99959,74586
20172504,2017,Massachusetts,4,New England,Northeast,751263,275374,132141,95353
20172505,2017,Massachusetts,5,New England,Northeast,760616,292721,124347,90564
20172506,2017,Massachusetts,6,New England,Northeast,762560,288620,109848,84446
20172507,2017,Massachusetts,7,New England,Northeast,781304,293298,88230,59649
20172508,2017,Massachusetts,8,New England,Northeast,761328,298361,110423,83928
20172509,2017,Massachusetts,9,New England,Northeast,735926,295718,89839,67064
20172601,2017,Michigan,1,East North Central,Midwest,700228,290671,61802,46722
20172602,2017,Michigan,2,East North Central,Midwest,729695,273078,67906,52919
20172603,2017,Michigan,3,East North Central,Midwest,731521,273496,74700,56063
20172604,2017,Michigan,4,East North Central,Midwest,700749,273181,64094,47910
20172605,2017,Michigan,5,East North Central,Midwest,682884,281643,58537,43583
20172606,2017,Michigan,6,East North Central,Midwest,713718,280667,68885,51189
20172607,2017,Michigan,7,East North Central,Midwest,703759,272384,72456,56536
20172608,2017,Michigan,8,East North Central,Midwest,728626,278226,89543,67499
20172609,2017,Michigan,9,East North Central,Midwest,717306,299042,76298,55369
20172610,2017,Michigan,10,East North Central,Midwest,713551,277952,77353,61055
20172611,2017,Michigan,11,East North Central,Midwest,721434,282361,104371,79781
20172612,2017,Michigan,12,East North Central,Midwest,708323,273251,76463,56293
20172613,2017,Michigan,13,East North Central,Midwest,681222,262151,46149,33455
20172614,2017,Michigan,14,East North Central,Midwest,692552,270543,68898,44197
20172701,2017,Minnesota,1,West North Central,Midwest,670131,264983,76645,59989
20172702,2017,Minnesota,2,West North Central,Midwest,692389,258007,99333,80403
20172703,2017,Minnesota,3,West North Central,Midwest,703785,275021,117574,85012
20172704,2017,Minnesota,4,West North Central,Midwest,701130,268734,89366,66041
20172705,2017,Minnesota,5,West North Central,Midwest,702022,293067,82656,58693
20172706,2017,Minnesota,6,West North Central,Midwest,694849,250073,91898,76698
20172707,2017,Minnesota,7,West North Central,Midwest,663307,269406,69430,54863
20172708,2017,Minnesota,8,West North Central,Midwest,663113,273911,68236,53950
20172801,2017,Mississippi,1,East South Central,South,757425,281481,59969,44819
20172802,2017,Mississippi,2,East South Central,South,716972,258313,49164,34074
20172803,2017,Mississippi,3,East South Central,South,748858,280332,64457,44530
20172804,2017,Mississippi,4,East South Central,South,762965,283388,59157,44782
20172901,2017,Missouri,1,West North Central,Midwest,736659,308797,61879,43445
20172902,2017,Missouri,2,West North Central,Midwest,762444,302994,108458,79339
20172903,2017,Missouri,3,West North Central,Midwest,775379,289767,74975,60476
20172904,2017,Missouri,4,West North Central,Midwest,762923,289243,62635,48015
20172905,2017,Missouri,5,West North Central,Midwest,761929,313906,65192,48178
20172906,2017,Missouri,6,West North Central,Midwest,763913,288544,73471,57614
20172907,2017,Missouri,7,West North Central,Midwest,768753,304754,59964,44601
20172908,2017,Missouri,8,West North Central,Midwest,743300,288198,54225,40529
20173000,2017,Montana,0,Mountain,West,1029862,419975,68622,50801
20173101,2017,Nebraska,1,West North Central,Midwest,636147,249934,73430,57047
20173102,2017,Nebraska,2,West North Central,Midwest,652312,250334,83243,62572
20173103,2017,Nebraska,3,West North Central,Midwest,605462,248137,66180,51735
20173201,2017,Nevada,1,Mountain,West,692075,246440,54912,40225
20173202,2017,Nevada,2,Mountain,West,702115,272749,77247,58607
20173203,2017,Nevada,3,Mountain,West,762236,286849,89299,67191
20173204,2017,Nevada,4,Mountain,West,731299,246211,71094,56603
20173301,2017,New Hampshire,1,New England,Northeast,670467,268061,92704,72003
20173302,2017,New Hampshire,2,New England,Northeast,661381,258649,90465,70531
20173401,2017,New Jersey,1,Middle Atlantic,Northeast,730635,269217,87029,67666
20173402,2017,New Jersey,2,Middle Atlantic,Northeast,726894,267366,82282,62007
20173403,2017,New Jersey,3,Middle Atlantic,Northeast,737263,278019,99297,77540
20173404,2017,New Jersey,4,Middle Atlantic,Northeast,741766,268162,110845,80949
20173405,2017,New Jersey,5,Middle Atlantic,Northeast,745615,264156,131866,98863
20173406,2017,New Jersey,6,Middle Atlantic,Northeast,745204,252256,102242,80087
20173407,2017,New Jersey,7,Middle Atlantic,Northeast,745147,264114,150639,109061
20173408,2017,New Jersey,8,Middle Atlantic,Northeast,774492,277681,84687,57012
20173409,2017,New Jersey,9,Middle Atlantic,Northeast,758209,261355,90893,64936
20173410,2017,New Jersey,10,Middle Atlantic,Northeast,754301,265852,74913,50413
20173411,2017,New Jersey,11,Middle Atlantic,Northeast,743033,267079,143907,107027
20173412,2017,New Jersey,12,Middle Atlantic,Northeast,757602,263854,113883,83770
20173501,2017,New Mexico,1,Mountain,West,691746,271191,68335,49277
20173502,2017,New Mexico,2,Mountain,West,696944,249404,58087,42508
20173503,2017,New Mexico,3,Mountain,West,696138,249840,67125,48925
20173601,2017,New York,1,Middle Atlantic,Northeast,721210,247201,114985,90378
20173602,2017,New York,2,Middle Atlantic,Northeast,721061,221668,112848,94336
20173603,2017,New York,3,Middle Atlantic,Northeast,731138,251442,153974,108136
20173604,2017,New York,4,Middle Atlantic,Northeast,724387,233989,127127,100387
20173605,2017,New York,5,Middle Atlantic,Northeast,784341,227388,83643,66094
20173606,2017,New York,6,Middle Atlantic,Northeast,742207,267745,82104,61648
20173607,2017,New York,7,Middle Atlantic,Northeast,750580,253762,86373,52724
20173608,2017,New York,8,Middle Atlantic,Northeast,772709,283875,73225,49556
20173609,2017,New York,9,Middle Atlantic,Northeast,746279,277652,79894,53047
20173610,2017,New York,10,Middle Atlantic,Northeast,740752,310886,155686,87826
20173611,2017,New York,11,Middle Atlantic,Northeast,733750,260982,91047,69192
20173612,2017,New York,12,Middle Atlantic,Northeast,732140,367551,165481,100828
20173613,2017,New York,13,Middle Atlantic,Northeast,782402,287883,61027,39490
20173614,2017,New York,14,Middle Atlantic,Northeast,721690,242295,71478,54753
20173615,2017,New York,15,Middle Atlantic,Northeast,758424,248786,41312,27351
20173616,2017,New York,16,Middle Atlantic,Northeast,745855,269211,111874,68246
20173617,2017,New York,17,Middle Atlantic,Northeast,742801,245055,133212,95454
20173618,2017,New York,18,Middle Atlantic,Northeast,723244,248832,110515,82543
20173619,2017,New York,19,Middle Atlantic,Northeast,705473,271310,79806,60494
20173620,2017,New York,20,Middle Atlantic,Northeast,727071,287959,84353,64154
20173621,2017,New York,21,Middle Atlantic,Northeast,712223,276769,67866,53402
20173622,2017,New York,22,Middle Atlantic,Northeast,704369,275953,66559,51482
20173623,2017,New York,23,Middle Atlantic,Northeast,706305,280282,64955,49433
20173624,2017,New York,24,Middle Atlantic,Northeast,712307,282209,73255,55603
20173625,2017,New York,25,Middle Atlantic,Northeast,721651,290340,74282,54715
20173626,2017,New York,26,Middle Atlantic,Northeast,715764,306543,63930,47127
20173627,2017,New York,27,Middle Atlantic,Northeast,718095,285142,80830,63010
20173701,2017,North Carolina,1,South Atlantic,South,750304,294232,60861,41998
20173702,2017,North Carolina,2,South Atlantic,South,806396,289091,85810,64502
20173703,2017,North Carolina,3,South Atlantic,South,754005,288577,63621,48484
20173704,2017,North Carolina,4,South Atlantic,South,825295,317723,93033,66982
20173705,2017,North Carolina,5,South Atlantic,South,749093,298315,63503,44052
20173706,2017,North Carolina,6,South Atlantic,South,757229,296246,65043,47256
20173707,2017,North Carolina,7,South Atlantic,South,777138,307467,63696,45716
20173708,2017,North Carolina,8,South Atlantic,South,772777,288621,65912,50110
20173709,2017,North Carolina,9,South Atlantic,South,772073,279828,85993,56003
20173710,2017,North Carolina,10,South Atlantic,South,749120,295007,62495,45783
20173711,2017,North Carolina,11,South Atlantic,South,746213,306181,59053,43833
20173712,2017,North Carolina,12,South Atlantic,South,830510,316572,78777,56061
20173713,2017,North Carolina,13,South Atlantic,South,762411,296486,68329,48679
20173800,2017,North Dakota,0,West North Central,Midwest,745475,311525,81334,61285
20173901,2017,Ohio,1,East North Central,Midwest,733390,289685,78451,55897
20173902,2017,Ohio,2,East North Central,Midwest,726067,294600,77192,54888
20173903,2017,Ohio,3,East North Central,Midwest,770797,300252,59769,45253
20173904,2017,Ohio,4,East North Central,Midwest,711332,277967,65486,51697
20173905,2017,Ohio,5,East North Central,Midwest,722212,290213,72974,56458
20173906,2017,Ohio,6,East North Central,Midwest,703764,279154,60408,46048
20173907,2017,Ohio,7,East North Central,Midwest,724257,280090,66778,52532
20173908,2017,Ohio,8,East North Central,Midwest,725385,275257,72100,55913
20173909,2017,Ohio,9,East North Central,Midwest,710563,297871,58156,42346
20173910,2017,Ohio,10,East North Central,Midwest,720851,298199,68081,50316
20173911,2017,Ohio,11,East North Central,Midwest,697927,300576,58349,35930
20173912,2017,Ohio,12,East North Central,Midwest,761758,289461,93693,69159
20173913,2017,Ohio,13,East North Central,Midwest,710834,299952,57952,43753
20173914,2017,Ohio,14,East North Central,Midwest,718257,286503,87867,64870
20173915,2017,Ohio,15,East North Central,Midwest,749429,284141,78336,61004
20173916,2017,Ohio,16,East North Central,Midwest,722933,289224,83663,64625
20174001,2017,Oklahoma,1,West South Central,South,789968,308073,73945,52927
20174002,2017,Oklahoma,2,West South Central,South,748004,282226,55390,41089
20174003,2017,Oklahoma,3,West South Central,South,773867,282978,66353,50439
20174004,2017,Oklahoma,4,West South Central,South,780488,289385,69221,54310
20174005,2017,Oklahoma,5,West South Central,South,803924,306309,72482,49560
20174101,2017,Oregon,1,Pacific,West,817756,311516,91218,70350
20174102,2017,Oregon,2,Pacific,West,794957,314981,64969,48797
20174103,2017,Oregon,3,Pacific,West,820929,322297,81017,60395
20174104,2017,Oregon,4,Pacific,West,785159,320499,63223,46558
20174105,2017,Oregon,5,Pacific,West,806326,302338,79232,59704
20174201,2017,Pennsylvania,1,Middle Atlantic,Northeast,723042,266037,64621,44350
20174202,2017,Pennsylvania,2,Middle Atlantic,Northeast,716385,282636,70562,39560
20174203,2017,Pennsylvania,3,Middle Atlantic,Northeast,695002,282756,67972,50769
20174204,2017,Pennsylvania,4,Middle Atlantic,Northeast,720275,280148,77424,61293
20174205,2017,Pennsylvania,5,Middle Atlantic,Northeast,702582,272989,63870,49206
20174206,2017,Pennsylvania,6,Middle Atlantic,Northeast,726341,275455,107709,80361
20174207,2017,Pennsylvania,7,Middle Atlantic,Northeast,718119,261771,115475,86542
20174208,2017,Pennsylvania,8,Middle Atlantic,Northeast,709322,267064,107814,81909
20174209,2017,Pennsylvania,9,Middle Atlantic,Northeast,694033,279641,62159,48290
20174210,2017,Pennsylvania,10,Middle Atlantic,Northeast,699026,269206,68433,53262
20174211,2017,Pennsylvania,11,Middle Atlantic,Northeast,707296,284851,69476,54522
20174212,2017,Pennsylvania,12,Middle Atlantic,Northeast,699504,291363,81337,60357
20174213,2017,Pennsylvania,13,Middle Atlantic,Northeast,727631,269611,83225,60082
20174214,2017,Pennsylvania,14,Middle Atlantic,Northeast,701608,317280,62866,44874
20174215,2017,Pennsylvania,15,Middle Atlantic,Northeast,722676,275425,81551,62138
20174216,2017,Pennsylvania,16,Middle Atlantic,Northeast,725929,265119,75209,58172
20174217,2017,Pennsylvania,17,Middle Atlantic,Northeast,696919,273218,65990,51303
20174218,2017,Pennsylvania,18,Middle Atlantic,Northeast,704815,292872,86261,64591
20174401,2017,Rhode Island,1,New England,Northeast,532360,206906,80211,56013
20174402,2017,Rhode Island,2,New England,Northeast,523778,205122,84622,65736
20174501,2017,South Carolina,1,South Atlantic,South,748066,287623,86679,64118
20174502,2017,South Carolina,2,South Atlantic,South,697001,266518,74634,57042
20174503,2017,South Carolina,3,South Atlantic,South,677940,259901,59845,44345
20174504,2017,South Carolina,4,South Atlantic,South,708271,270798,70191,51198
20174505,2017,South Carolina,5,South Atlantic,South,695549,264771,64809,48044
20174506,2017,South Carolina,6,South Atlantic,South,667841,247371,50038,35546
20174507,2017,South Carolina,7,South Atlantic,South,698776,274325,58345,42536
20174600,2017,South Dakota,0,West North Central,Midwest,855444,339458,71085,54126
20174701,2017,Tennessee,1,East South Central,South,712059,291103,56225,40411
20174702,2017,Tennessee,2,East South Central,South,732230,292379,70880,50711
20174703,2017,Tennessee,3,East South Central,South,723001,283616,64519,45751
20174704,2017,Tennessee,4,East South Central,South,756359,282459,66468,51166
20174705,2017,Tennessee,5,East South Central,South,758995,303474,75829,52985
20174706,2017,Tennessee,6,East South Central,South,746798,286550,66992,49934
20174707,2017,Tennessee,7,East South Central,South,752931,274530,79083,54233
20174708,2017,Tennessee,8,East South Central,South,709012,266243,80367,55777
20174709,2017,Tennessee,9,East South Central,South,705996,266840,55133,39067
20174801,2017,Texas,1,West South Central,South,713841,254815,65312,47282
20174802,2017,Texas,2,West South Central,South,767312,281245,106823,75989
20174803,2017,Texas,3,West South Central,South,816143,292651,116971,90604
20174804,2017,Texas,4,West South Central,South,728435,263558,70826,51945
20174805,2017,Texas,5,West South Central,South,740618,251336,68212,50049
20174806,2017,Texas,6,West South Central,South,759949,262557,82045,64748
20174807,2017,Texas,7,West South Central,South,770276,294707,119714,73591
20174808,2017,Texas,8,West South Central,South,807525,274582,95436,66893
20174809,2017,Texas,9,West South Central,South,780017,262820,61406,46321
20174810,2017,Texas,10,West South Central,South,813505,287134,98040,72361
20174811,2017,Texas,11,West South Central,South,753479,267998,78347,54570
20174812,2017,Texas,12,West South Central,South,773234,280400,86665,64541
20174813,2017,Texas,13,West South Central,South,708616,258399,67925,50854
20174814,2017,Texas,14,West South Central,South,737708,265961,79528,57851
20174815,2017,Texas,15,West South Central,South,764749,220713,59873,42713
20174816,2017,Texas,16,West South Central,South,734516,236365,60684,44891
20174817,2017,Texas,17,West South Central,South,750555,276048,69167,51151
20174818,2017,Texas,18,West South Central,South,766074,264086,65776,44527
20174819,2017,Texas,19,West South Central,South,721822,255206,66542,48548
20174820,2017,Texas,20,West South Central,South,776926,251866,64634,50355
20174821,2017,Texas,21,West South Central,South,777686,310280,93912,67354
20174822,2017,Texas,22,West South Central,South,844913,273731,117901,93667
20174823,2017,Texas,23,West South Central,South,752067,225462,74941,52162
20174824,2017,Texas,24,West South Central,South,774968,305376,101114,70492
20174825,2017,Texas,25,West South Central,South,755821,266888,96839,67263
20174826,2017,Texas,26,West South Central,South,823749,277984,107483,85433
20174827,2017,Texas,27,West South Central,South,732212,262372,71802,53040
20174828,2017,Texas,28,West South Central,South,742188,216387,62806,46733
20174829,2017,Texas,29,West South Central,South,740295,220385,53392,41301
20174830,2017,Texas,30,West South Central,South,760204,259548,61227,44945
20174831,2017,Texas,31,West South Central,South,806513,274120,86367,68127
20174832,2017,Texas,32,West South Central,South,752654,286643,108961,68084
20174833,2017,Texas,33,West South Central,South,727777,217337,49583,39089
20174834,2017,Texas,34,West South Central,South,720989,213141,54163,37568
20174835,2017,Texas,35,West South Central,South,795361,261623,58329,45959
20174836,2017,Texas,36,West South Central,South,726915,256695,77536,58115
20174901,2017,Utah,1,Mountain,West,740424,234277,81103,65355
20174902,2017,Utah,2,Mountain,West,739470,247064,77372,59179
20174903,2017,Utah,3,Mountain,West,740511,219183,91768,68918
20174904,2017,Utah,4,Mountain,West,773536,237841,83215,69115
20175000,2017,Vermont,0,New England,Northeast,624636,258535,75621,57808
20175101,2017,Virginia,1,South Atlantic,South,776151,273206,101651,83367
20175102,2017,Virginia,2,South Atlantic,South,738962,273455,85812,66487
20175103,2017,Virginia,3,South Atlantic,South,738417,280202,67636,52131
20175104,2017,Virginia,4,South Atlantic,South,760613,283386,74043,54560
20175105,2017,Virginia,5,South Atlantic,South,733693,288643,71946,52081
20175106,2017,Virginia,6,South Atlantic,South,746117,290902,68256,51875
20175107,2017,Virginia,7,South Atlantic,South,769141,282118,95543,73904
20175108,2017,Virginia,8,South Atlantic,South,787232,311315,134070,103414
20175109,2017,Virginia,9,South Atlantic,South,714326,287310,57839,42438
20175110,2017,Virginia,10,South Atlantic,South,813785,266726,150291,119874
20175111,2017,Virginia,11,South Atlantic,South,787515,268373,132092,107567
20175301,2017,Washington,1,Pacific,West,729667,271067,114834,90029
20175302,2017,Washington,2,Pacific,West,715426,280017,80966,64663
20175303,2017,Washington,3,Pacific,West,708507,266965,77144,60163
20175304,2017,Washington,4,Pacific,West,711057,241570,69678,53381
20175305,2017,Washington,5,Pacific,West,696562,275899,67420,50693
20175306,2017,Washington,6,Pacific,West,689399,277114,77778,59898
20175307,2017,Washington,7,Pacific,West,746893,337855,111423,80962
20175308,2017,Washington,8,Pacific,West,725674,260163,100227,79632
20175309,2017,Washington,9,Pacific,West,726425,275833,103157,73249
20175310,2017,Washington,10,Pacific,West,720357,269214,76139,61351
20175401,2017,West Virginia,1,South Atlantic,South,615449,243568,62006,45670
20175402,2017,West Virginia,2,South Atlantic,South,623720,249032,64898,49173
20175403,2017,West Virginia,3,South Atlantic,South,597674,245071,51926,37749
20175501,2017,Wisconsin,1,East North Central,Midwest,716303,277478,80427,62769
20175502,2017,Wisconsin,2,East North Central,Midwest,747025,306885,82761,63850
20175503,2017,Wisconsin,3,East North Central,Midwest,718086,285952,67235,52958
20175504,2017,Wisconsin,4,East North Central,Midwest,715308,279931,58983,41514
20175505,2017,Wisconsin,5,East North Central,Midwest,720844,293721,88959,68197
20175506,2017,Wisconsin,6,East North Central,Midwest,712513,291698,74406,57150
20175507,2017,Wisconsin,7,East North Central,Midwest,707988,298048,68481,52826
20175508,2017,Wisconsin,8,East North Central,Midwest,725150,295041,72868,57603
20175600,2017,Wyoming,0,Mountain,West,583200,230237,76731,60938
20180101,2018,Alabama,1,East South Central,South,706503,265120,66085,47952
20180102,2018,Alabama,2,East South Central,South,680575,258203,63939,46817
20180103,2018,Alabama,3,East South Central,South,706705,272231,62954,46576
20180104,2018,Alabama,4,East South Central,South,683391,259171,59979,43458
20180105,2018,Alabama,5,East South Central,South,714145,282055,75809,55043
20180106,2018,Alabama,6,East South Central,South,703715,265732,89008,65464
20180107,2018,Alabama,7,East South Central,South,669646,257757,51767,36447
20180200,2018,Alaska,0,Pacific,West,738516,253462,96499,76715
20180401,2018,Arizona,1,Mountain,West,753580,251972,68338,52705
20180402,2018,Arizona,2,Mountain,West,719924,300470,71846,52267
20180403,2018,Arizona,3,Mountain,West,771436,241418,59858,46643
20180404,2018,Arizona,4,Mountain,West,768077,302887,64771,50135
20180405,2018,Arizona,5,Mountain,West,803186,280958,94809,74185
20180406,2018,Arizona,6,Mountain,West,776729,317499,106239,70776
20180407,2018,Arizona,7,Mountain,West,801173,237290,55262,41714
20180408,2018,Arizona,8,Mountain,West,777804,285675,83332,65813
20180409,2018,Arizona,9,Mountain,West,774776,306131,80903,56869
20180501,2018,Arkansas,1,West South Central,South,722915,283214,56379,40980
20180502,2018,Arkansas,2,West South Central,South,760604,293080,71586,50929
20180503,2018,Arkansas,3,West South Central,South,795817,299462,72248,50554
20180504,2018,Arkansas,4,West South Central,South,711335,276419,55961,40937
20180601,2018,California,1,Pacific,West,706822,276965,71060,51104
20180602,2018,California,2,Pacific,West,717732,283681,115461,72596
20180603,2018,California,3,Pacific,West,736039,249498,86249,64891
20180604,2018,California,4,Pacific,West,734899,276272,100878,75935
20180605,2018,California,5,Pacific,West,728000,264158,99544,75524
20180606,2018,California,6,Pacific,West,751475,270510,74811,54819
20180607,2018,California,7,Pacific,West,747097,264014,96077,74541
20180608,2018,California,8,Pacific,West,721709,232643,68808,52244
20180609,2018,California,9,Pacific,West,758327,235825,85664,64283
20180610,2018,California,10,Pacific,West,744389,235021,80736,62837
20180611,2018,California,11,Pacific,West,754654,269445,129742,88762
20180612,2018,California,12,Pacific,West,756773,325423,150760,105548
20180613,2018,California,13,Pacific,West,754861,286848,110133,75420
20180614,2018,California,14,Pacific,West,753548,253023,148657,107681
20180615,2018,California,15,Pacific,West,773841,251299,137321,109911
20180616,2018,California,16,Pacific,West,728535,211000,60465,43327
20180617,2018,California,17,Pacific,West,771459,256200,151514,125675
20180618,2018,California,18,Pacific,West,740932,269936,188091,129821
20180619,2018,California,19,Pacific,West,759866,228100,127324,98314
20180620,2018,California,20,Pacific,West,735667,225207,97102,69872
20180621,2018,California,21,Pacific,West,712857,187198,57558,42155
20180622,2018,California,22,Pacific,West,755464,243666,81096,59240
20180623,2018,California,23,Pacific,West,740768,242811,78229,59119
20180624,2018,California,24,Pacific,West,734027,254306,97473,71225
20180625,2018,California,25,Pacific,West,718950,221517,100823,79198
20180626,2018,California,26,Pacific,West,725953,230248,110364,82350
20180627,2018,California,27,Pacific,West,717944,243223,106827,75672
20180628,2018,California,28,Pacific,West,715011,297955,101430,66387
20180629,2018,California,29,Pacific,West,721304,209278,70712,53324
20180630,2018,California,30,Pacific,West,764572,278496,114790,79836
20180631,2018,California,31,Pacific,West,744628,221625,80020,61219
20180632,2018,California,32,Pacific,West,719643,195325,84758,67871
20180633,2018,California,33,Pacific,West,713727,295871,171112,108188
20180634,2018,California,34,Pacific,West,729285,248372,64366,42959
20180635,2018,California,35,Pacific,West,741990,192590,74946,61852
20180636,2018,California,36,Pacific,West,743337,269189,72605,48534
20180637,2018,California,37,Pacific,West,724002,274858,89130,57795
20180638,2018,California,38,Pacific,West,716869,206345,86788,69596
20180639,2018,California,39,Pacific,West,727834,227551,112479,87752
20180640,2018,California,40,Pacific,West,711793,179895,60416,46484
20180641,2018,California,41,Pacific,West,754152,194152,78712,63921
20180642,2018,California,42,Pacific,West,795401,227755,100582,82030
20180643,2018,California,43,Pacific,West,727621,238876,79451,57130
20180644,2018,California,44,Pacific,West,723072,189254,68470,52173
20180645,2018,California,45,Pacific,West,772341,273044,133094,102575
20180646,2018,California,46,Pacific,West,728906,188393,80193,63750
20180647,2018,California,47,Pacific,West,714812,245121,90058,67451
20180648,2018,California,48,Pacific,West,726516,268865,129674,91464
20180649,2018,California,49,Pacific,West,737614,255624,126244,87919
20180650,2018,California,50,Pacific,West,747793,241502,94538,74605
20180651,2018,California,51,Pacific,West,729654,198325,62452,47569
20180652,2018,California,52,Pacific,West,765158,288226,124766,94302
20180653,2018,California,53,Pacific,West,769137,270911,93203,73421
20180801,2018,Colorado,1,Mountain,West,818722,345471,95936,65874
20180802,2018,Colorado,2,Mountain,West,796438,313005,105572,78311
20180803,2018,Colorado,3,Mountain,West,739107,290840,72102,53778
20180804,2018,Colorado,4,Mountain,West,799390,289015,96724,74481
20180805,2018,Colorado,5,Mountain,West,786912,292235,82719,63890
20180806,2018,Colorado,6,Mountain,West,805844,287908,105541,80264
20180807,2018,Colorado,7,Mountain,West,784728,294913,87681,69173
20180901,2018,Connecticut,1,New England,Northeast,713076,280982,95245,72552
20180902,2018,Connecticut,2,New England,Northeast,705024,272141,98607,76947
20180903,2018,Connecticut,3,New England,Northeast,715728,275477,93311,69186
20180904,2018,Connecticut,4,New England,Northeast,735915,264327,162216,95749
20180905,2018,Connecticut,5,New England,Northeast,711761,274447,101335,72591
20181000,2018,Delaware,0,South Atlantic,South,949495,357765,86962,65627
20181198,2018,District of Columbia,98,South Atlantic,South,684498,281322,121698,82604
20181201,2018,Florida,1,South Atlantic,South,759701,288315,74436,55779
20181202,2018,Florida,2,South Atlantic,South,719213,269400,67366,48717
20181203,2018,Florida,3,South Atlantic,South,728979,264619,67643,49527
20181204,2018,Florida,4,South Atlantic,South,780575,300875,96456,70059
20181205,2018,Florida,5,South Atlantic,South,729038,269196,54468,41255
20181206,2018,Florida,6,South Atlantic,South,753500,300275,65868,48810
20181207,2018,Florida,7,South Atlantic,South,757809,279183,84964,60137
20181208,2018,Florida,8,South Atlantic,South,742230,291312,75951,53969
20181209,2018,Florida,9,South Atlantic,South,837026,268810,66603,51094
20181210,2018,Florida,10,South Atlantic,South,808969,276659,76552,52843
20181211,2018,Florida,11,South Atlantic,South,754649,317167,60709,46297
20181212,2018,Florida,12,South Atlantic,South,757719,303711,72740,52568
20181213,2018,Florida,13,South Atlantic,South,723658,307439,72385,50319
20181214,2018,Florida,14,South Atlantic,South,763832,298073,81479,53306
20181215,2018,Florida,15,South Atlantic,South,777638,275000,70236,54333
20181216,2018,Florida,16,South Atlantic,South,804662,315620,83789,59440
20181217,2018,Florida,17,South Atlantic,South,756549,295039,66771,48734
20181218,2018,Florida,18,South Atlantic,South,757228,296203,88774,58721
20181219,2018,Florida,19,South Atlantic,South,797066,315383,90128,57611
20181220,2018,Florida,20,South Atlantic,South,778060,243794,61576,46252
20181221,2018,Florida,21,South Atlantic,South,762765,292254,90157,58430
20181222,2018,Florida,22,South Atlantic,South,750149,303851,97762,62550
20181223,2018,Florida,23,South Atlantic,South,756127,276349,93302,64827
20181224,2018,Florida,24,South Atlantic,South,750906,238549,56913,39943
20181225,2018,Florida,25,South Atlantic,South,763720,237538,68060,49970
20181226,2018,Florida,26,South Atlantic,South,774375,220961,74656,56696
20181227,2018,Florida,27,South Atlantic,South,751996,276185,98378,55451
20181301,2018,Georgia,1,South Atlantic,South,731698,272203,70391,51484
20181302,2018,Georgia,2,South Atlantic,South,675246,248442,54284,38051
20181303,2018,Georgia,3,South Atlantic,South,728046,263684,77001,57657
20181304,2018,Georgia,4,South Atlantic,South,748744,258440,71715,54824
20181305,2018,Georgia,5,South Atlantic,South,759756,301370,82730,51005
20181306,2018,Georgia,6,South Atlantic,South,744905,281491,127261,90875
20181307,2018,Georgia,7,South Atlantic,South,793740,258795,97426,74060
20181308,2018,Georgia,8,South Atlantic,South,704814,257969,63038,45339
20181309,2018,Georgia,9,South Atlantic,South,735832,263009,71252,53505
20181310,2018,Georgia,10,South Atlantic,South,740458,258428,73441,54034
20181311,2018,Georgia,11,South Atlantic,South,756192,282004,101413,73492
20181312,2018,Georgia,12,South Atlantic,South,718746,251618,62681,44547
20181313,2018,Georgia,13,South Atlantic,South,749389,258177,73009,57839
20181314,2018,Georgia,14,South Atlantic,South,709918,253858,66231,50353
20181501,2018,Hawaii,1,Pacific,West,710707,234061,103910,81842
20181502,2018,Hawaii,2,Pacific,West,711322,222721,95408,74621
20181601,2018,Idaho,1,Mountain,West,869560,320205,71235,53779
20181602,2018,Idaho,2,Mountain,West,818249,298126,69959,52323
20181701,2018,Illinois,1,East North Central,Midwest,708118,265569,72014,52946
20181702,2018,Illinois,2,East North Central,Midwest,703782,258697,64995,49393
20181703,2018,Illinois,3,East North Central,Midwest,717897,244470,88596,66819
20181704,2018,Illinois,4,East North Central,Midwest,699621,221904,70573,52265
20181705,2018,Illinois,5,East North Central,Midwest,740075,304195,120655,82907
20181706,2018,Illinois,6,East North Central,Midwest,727847,265550,131142,100088
20181707,2018,Illinois,7,East North Central,Midwest,724652,297476,95350,56880
20181708,2018,Illinois,8,East North Central,Midwest,715095,252271,87837,70952
20181709,2018,Illinois,9,East North Central,Midwest,723507,288052,109126,72003
20181710,2018,Illinois,10,East North Central,Midwest,712819,249866,121549,81290
20181711,2018,Illinois,11,East North Central,Midwest,722593,246362,95610,75202
20181712,2018,Illinois,12,East North Central,Midwest,697270,277637,66949,49322
20181713,2018,Illinois,13,East North Central,Midwest,704851,284798,69450,51647
20181714,2018,Illinois,14,East North Central,Midwest,735045,256301,114529,93276
20181715,2018,Illinois,15,East North Central,Midwest,696632,277832,67320,52661
20181716,2018,Illinois,16,East North Central,Midwest,695502,273667,75744,60203
20181717,2018,Illinois,17,East North Central,Midwest,688356,281875,62112,48304
20181718,2018,Illinois,18,East North Central,Midwest,707835,283516,84137,64372
20181801,2018,Indiana,1,East North Central,Midwest,715348,272186,73184,56590
20181802,2018,Indiana,2,East North Central,Midwest,722805,271165,67672,52651
20181803,2018,Indiana,3,East North Central,Midwest,739773,284651,69765,54265
20181804,2018,Indiana,4,East North Central,Midwest,750717,285154,72821,57622
20181805,2018,Indiana,5,East North Central,Midwest,767053,301361,98516,69954
20181806,2018,Indiana,6,East North Central,Midwest,718706,282048,66946,52883
20181807,2018,Indiana,7,East North Central,Midwest,755358,287232,57801,42628
20181808,2018,Indiana,8,East North Central,Midwest,719671,285664,66660,50952
20181809,2018,Indiana,9,East North Central,Midwest,747995,284357,72231,55768
20181901,2018,Iowa,1,West North Central,Midwest,772171,310476,75766,58994
20181902,2018,Iowa,2,West North Central,Midwest,780050,311278,72701,54964
20181903,2018,Iowa,3,West North Central,Midwest,822826,323254,84887,64818
20181904,2018,Iowa,4,West North Central,Midwest,757452,311847,70116,54944
20182001,2018,Kansas,1,West North Central,Midwest,708511,275345,65813,50947
20182002,2018,Kansas,2,West North Central,Midwest,714992,280759,69278,53367
20182003,2018,Kansas,3,West North Central,Midwest,762091,290616,102091,74412
20182004,2018,Kansas,4,West North Central,Midwest,723182,277829,71704,54768
20182101,2018,Kentucky,1,East South Central,South,720226,281737,58471,42114
20182102,2018,Kentucky,2,East South Central,South,753608,287459,67408,50611
20182103,2018,Kentucky,3,East South Central,South,745082,302386,74519,53348
20182104,2018,Kentucky,4,East South Central,South,753376,280522,82266,61835
20182105,2018,Kentucky,5,East South Central,South,702070,274523,47284,32884
20182106,2018,Kentucky,6,East South Central,South,765842,302054,71410,52340
20182201,2018,Louisiana,1,West South Central,South,801089,300978,82499,59050
20182202,2018,Louisiana,2,West South Central,South,789120,294360,59674,39372
20182203,2018,Louisiana,3,West South Central,South,783013,292970,68559,48996
20182204,2018,Louisiana,4,West South Central,South,753519,284290,60303,41366
20182205,2018,Louisiana,5,West South Central,South,747722,269779,56723,38462
20182206,2018,Louisiana,6,West South Central,South,789153,293644,83609,62778
20182301,2018,Maine,1,New England,Northeast,679024,285617,83187,63935
20182302,2018,Maine,2,New England,Northeast,653789,271338,62709,48215
20182401,2018,Maryland,1,South Atlantic,South,730442,273268,95986,73980
20182402,2018,Maryland,2,South Atlantic,South,762351,281983,86992,69242
20182403,2018,Maryland,3,South Atlantic,South,756296,287800,114975,88161
20182404,2018,Maryland,4,South Atlantic,South,749033,264779,103710,82585
20182405,2018,Maryland,5,South Atlantic,South,760819,260664,114660,98488
20182406,2018,Maryland,6,South Atlantic,South,765910,274212,109565,79984
20182407,2018,Maryland,7,South Atlantic,South,719951,269634,91970,62550
20182408,2018,Maryland,8,South Atlantic,South,758633,280178,141396,103768
20182501,2018,Massachusetts,1,New England,Northeast,730959,287745,77011,56757
20182502,2018,Massachusetts,2,New England,Northeast,747493,279889,91336,68685
20182503,2018,Massachusetts,3,New England,Northeast,763936,275448,104043,77597
20182504,2018,Massachusetts,4,New England,Northeast,754622,276959,138032,99343
20182505,2018,Massachusetts,5,New England,Northeast,766241,296222,129596,94843
20182506,2018,Massachusetts,6,New England,Northeast,767907,290378,115744,87696
20182507,2018,Massachusetts,7,New England,Northeast,795850,298480,93758,63501
20182508,2018,Massachusetts,8,New England,Northeast,764581,300338,116000,88174
20182509,2018,Massachusetts,9,New England,Northeast,738604,296455,94451,70248
20182601,2018,Michigan,1,East North Central,Midwest,699432,291387,64814,49063
20182602,2018,Michigan,2,East North Central,Midwest,735626,274939,71110,55642
20182603,2018,Michigan,3,East North Central,Midwest,737911,276783,78692,58815
20182604,2018,Michigan,4,East North Central,Midwest,701141,274194,67104,50279
20182605,2018,Michigan,5,East North Central,Midwest,679543,282620,60830,45375
20182606,2018,Michigan,6,East North Central,Midwest,716503,282620,72236,53400
20182607,2018,Michigan,7,East North Central,Midwest,705518,274393,75922,59123
20182608,2018,Michigan,8,East North Central,Midwest,736078,279289,93418,70437
20182609,2018,Michigan,9,East North Central,Midwest,718682,299625,79719,57774
20182610,2018,Michigan,10,East North Central,Midwest,717176,280613,80874,63571
20182611,2018,Michigan,11,East North Central,Midwest,727670,284179,109284,83052
20182612,2018,Michigan,12,East North Central,Midwest,711209,274408,79762,58454
20182613,2018,Michigan,13,East North Central,Midwest,679044,263302,47843,34693
20182614,2018,Michigan,14,East North Central,Midwest,691955,271157,71250,45921
20182701,2018,Minnesota,1,West North Central,Midwest,672649,266887,79136,61735
20182702,2018,Minnesota,2,West North Central,Midwest,698522,259859,103279,83585
20182703,2018,Minnesota,3,West North Central,Midwest,710378,277645,123218,88852
20182704,2018,Minnesota,4,West North Central,Midwest,706259,270240,93847,68928
20182705,2018,Minnesota,5,West North Central,Midwest,707352,295328,87204,61851
20182706,2018,Minnesota,6,West North Central,Midwest,702583,252823,95357,79860
20182707,2018,Minnesota,7,West North Central,Midwest,664941,270090,72028,57094
20182708,2018,Minnesota,8,West North Central,Midwest,664674,274929,71134,55943
20182801,2018,Mississippi,1,East South Central,South,760715,281387,62676,46694
20182802,2018,Mississippi,2,East South Central,South,711716,257888,50975,35601
20182803,2018,Mississippi,3,East South Central,South,749199,280323,66733,46349
20182804,2018,Mississippi,4,East South Central,South,767132,285978,61379,46127
20182901,2018,Missouri,1,West North Central,Midwest,732537,309544,64708,45385
20182902,2018,Missouri,2,West North Central,Midwest,763266,304741,112934,82172
20182903,2018,Missouri,3,West North Central,Midwest,782693,292940,78599,63382
20182904,2018,Missouri,4,West North Central,Midwest,765070,290070,65383,50178
20182905,2018,Missouri,5,West North Central,Midwest,764511,314850,67911,50328
20182906,2018,Missouri,6,West North Central,Midwest,768533,289724,76766,59931
20182907,2018,Missouri,7,West North Central,Midwest,773182,306540,62055,46211
20182908,2018,Missouri,8,West North Central,Midwest,740270,287862,56258,41701
20183000,2018,Montana,0,Mountain,West,1041732,423240,70959,52559
20183101,2018,Nebraska,1,West North Central,Midwest,641533,252681,75780,59534
20183102,2018,Nebraska,2,West North Central,Midwest,659795,253356,87798,65816
20183103,2018,Nebraska,3,West North Central,Midwest,603432,248026,68058,53115
20183201,2018,Nevada,1,Mountain,West,689384,249310,56284,40489
20183202,2018,Nevada,2,Mountain,West,708357,277477,80765,61259
20183203,2018,Nevada,3,Mountain,West,785285,295727,94211,70660
20183204,2018,Nevada,4,Mountain,West,739823,253416,74525,58618
20183301,2018,New Hampshire,1,New England,Northeast,677001,267605,96678,75028
20183302,2018,New Hampshire,2,New England,Northeast,666621,260473,95052,73039
20183401,2018,New Jersey,1,Middle Atlantic,Northeast,726200,269147,90562,70270
20183402,2018,New Jersey,2,Middle Atlantic,Northeast,719651,267216,85513,63862
20183403,2018,New Jersey,3,Middle Atlantic,Northeast,735635,279660,103610,79880
20183404,2018,New Jersey,4,Middle Atlantic,Northeast,739922,270373,115438,83372
20183405,2018,New Jersey,5,Middle Atlantic,Northeast,737642,263178,137020,102923
20183406,2018,New Jersey,6,Middle Atlantic,Northeast,736045,252016,106104,82747
20183407,2018,New Jersey,7,Middle Atlantic,Northeast,739893,265583,155741,113685
20183408,2018,New Jersey,8,Middle Atlantic,Northeast,760952,279789,89587,59973
20183409,2018,New Jersey,9,Middle Atlantic,Northeast,751755,264240,93667,67471
20183410,2018,New Jersey,10,Middle Atlantic,Northeast,749828,268677,78259,52967
20183411,2018,New Jersey,11,Middle Atlantic,Northeast,735773,267631,149941,111802
20183412,2018,New Jersey,12,Middle Atlantic,Northeast,748549,265852,118016,86660
20183501,2018,New Mexico,1,Mountain,West,695519,273757,70602,50680
20183502,2018,New Mexico,2,Mountain,West,700177,250047,59351,42957
20183503,2018,New Mexico,3,Mountain,West,696738,251847,69340,50407
20183601,2018,New York,1,Middle Atlantic,Northeast,717383,247252,119470,93892
20183602,2018,New York,2,Middle Atlantic,Northeast,715030,221210,117938,98595
20183603,2018,New York,3,Middle Atlantic,Northeast,727480,251599,160862,113428
20183604,2018,New York,4,Middle Atlantic,Northeast,722626,234673,133289,105685
20183605,2018,New York,5,Middle Atlantic,Northeast,772342,229088,88470,69886
20183606,2018,New York,6,Middle Atlantic,Northeast,732433,267792,85552,64428
20183607,2018,New York,7,Middle Atlantic,Northeast,734208,254629,91846,55497
20183608,2018,New York,8,Middle Atlantic,Northeast,771343,288933,77733,52077
20183609,2018,New York,9,Middle Atlantic,Northeast,733271,278796,85022,56823
20183610,2018,New York,10,Middle Atlantic,Northeast,730760,311060,162311,90440
20183611,2018,New York,11,Middle Atlantic,Northeast,730634,261142,94301,72388
20183612,2018,New York,12,Middle Atlantic,Northeast,719072,364516,172696,104574
20183613,2018,New York,13,Middle Atlantic,Northeast,774528,289850,65264,42151
20183614,2018,New York,14,Middle Atlantic,Northeast,705681,241967,74341,56913
20183615,2018,New York,15,Middle Atlantic,Northeast,744647,251256,43430,28460
20183616,2018,New York,16,Middle Atlantic,Northeast,741586,270385,116758,70004
20183617,2018,New York,17,Middle Atlantic,Northeast,738481,246424,137811,98316
20183618,2018,New York,18,Middle Atlantic,Northeast,721629,249787,113643,84705
20183619,2018,New York,19,Middle Atlantic,Northeast,700993,270969,82113,62281
20183620,2018,New York,20,Middle Atlantic,Northeast,725925,288612,86971,66444
20183621,2018,New York,21,Middle Atlantic,Northeast,706791,277216,70465,55200
20183622,2018,New York,22,Middle Atlantic,Northeast,699564,274624,69379,53732
20183623,2018,New York,23,Middle Atlantic,Northeast,699965,278583,66946,51223
20183624,2018,New York,24,Middle Atlantic,Northeast,707425,281861,76172,57560
20183625,2018,New York,25,Middle Atlantic,Northeast,717362,290594,76940,56974
20183626,2018,New York,26,Middle Atlantic,Northeast,711502,307034,66571,49151
20183627,2018,New York,27,Middle Atlantic,Northeast,715792,286685,83883,65142
20183701,2018,North Carolina,1,South Atlantic,South,753591,295123,63269,43636
20183702,2018,North Carolina,2,South Atlantic,South,822252,294042,90633,68205
20183703,2018,North Carolina,3,South Atlantic,South,754824,290668,65319,49868
20183704,2018,North Carolina,4,South Atlantic,South,840168,324260,96991,69888
20183705,2018,North Carolina,5,South Atlantic,South,752439,299992,66257,46116
20183706,2018,North Carolina,6,South Atlantic,South,762671,298499,68634,49242
20183707,2018,North Carolina,7,South Atlantic,South,787034,312248,66105,47599
20183708,2018,North Carolina,8,South Atlantic,South,779035,290831,69061,52011
20183709,2018,North Carolina,9,South Atlantic,South,779186,282058,90154,58791
20183710,2018,North Carolina,10,South Atlantic,South,753325,296909,65271,47761
20183711,2018,North Carolina,11,South Atlantic,South,752316,309669,62799,46044
20183712,2018,North Carolina,12,South Atlantic,South,847254,323607,82339,58604
20183713,2018,North Carolina,13,South Atlantic,South,771529,300691,70706,50489
20183800,2018,North Dakota,0,West North Central,Midwest,752201,314903,84043,63473
20183901,2018,Ohio,1,East North Central,Midwest,737765,292426,81857,58727
20183902,2018,Ohio,2,East North Central,Midwest,728702,295826,80216,57316
20183903,2018,Ohio,3,East North Central,Midwest,785158,304981,61656,47009
20183904,2018,Ohio,4,East North Central,Midwest,711251,279065,67587,53746
20183905,2018,Ohio,5,East North Central,Midwest,722734,290900,76472,58998
20183906,2018,Ohio,6,East North Central,Midwest,700099,278153,63030,47533
20183907,2018,Ohio,7,East North Central,Midwest,726547,281207,69974,55108
20183908,2018,Ohio,8,East North Central,Midwest,728116,277276,74746,58060
20183909,2018,Ohio,9,East North Central,Midwest,709760,298458,60460,43718
20183910,2018,Ohio,10,East North Central,Midwest,721945,299328,71074,52467
20183911,2018,Ohio,11,East North Central,Midwest,693817,300967,60862,36851
20183912,2018,Ohio,12,East North Central,Midwest,770907,291191,98965,73376
20183913,2018,Ohio,13,East North Central,Midwest,710422,300553,60038,45087
20183914,2018,Ohio,14,East North Central,Midwest,717865,287307,92080,67937
20183915,2018,Ohio,15,East North Central,Midwest,754510,286927,81834,63542
20183916,2018,Ohio,16,East North Central,Midwest,722281,289510,86226,66805
20184001,2018,Oklahoma,1,West South Central,South,797151,309761,76882,54859
20184002,2018,Oklahoma,2,West South Central,South,748286,282315,57689,42319
20184003,2018,Oklahoma,3,West South Central,South,776845,282547,68103,51611
20184004,2018,Oklahoma,4,West South Central,South,783867,291092,71835,56380
20184005,2018,Oklahoma,5,West South Central,South,811988,308905,75605,51669
20184101,2018,Oregon,1,Pacific,West,832139,316639,96546,73956
20184102,2018,Oregon,2,Pacific,West,805737,320105,68801,51574
20184103,2018,Oregon,3,Pacific,West,830995,325451,85602,64361
20184104,2018,Oregon,4,Pacific,West,794776,323910,65802,49031
20184105,2018,Oregon,5,Pacific,West,818296,305730,83877,62502
20184201,2018,Pennsylvania,1,Middle Atlantic,Northeast,709207,268719,113198,85251
20184202,2018,Pennsylvania,2,Middle Atlantic,Northeast,734861,255690,58856,42666
20184203,2018,Pennsylvania,3,Middle Atlantic,Northeast,722979,294473,71411,45084
20184204,2018,Pennsylvania,4,Middle Atlantic,Northeast,724647,277663,118265,87310
20184205,2018,Pennsylvania,5,Middle Atlantic,Northeast,714120,263983,98149,66393
20184206,2018,Pennsylvania,6,Middle Atlantic,Northeast,725593,265979,112587,81257
20184207,2018,Pennsylvania,7,Middle Atlantic,Northeast,722048,271874,84486,64239
20184208,2018,Pennsylvania,8,Middle Atlantic,Northeast,695547,272221,69680,53515
20184209,2018,Pennsylvania,9,Middle Atlantic,Northeast,705114,276742,72128,57267
20184210,2018,Pennsylvania,10,Middle Atlantic,Northeast,727144,289505,81407,62720
20184211,2018,Pennsylvania,11,Middle Atlantic,Northeast,728820,273677,81668,65019
20184212,2018,Pennsylvania,12,Middle Atlantic,Northeast,701191,271021,68005,53067
20184213,2018,Pennsylvania,13,Middle Atlantic,Northeast,698730,280931,67670,53076
20184214,2018,Pennsylvania,14,Middle Atlantic,Northeast,691459,287090,75377,57045
20184215,2018,Pennsylvania,15,Middle Atlantic,Northeast,685714,277764,63539,49714
20184216,2018,Pennsylvania,16,Middle Atlantic,Northeast,692426,281305,70128,52340
20184217,2018,Pennsylvania,17,Middle Atlantic,Northeast,711725,305214,90699,66495
20184218,2018,Pennsylvania,18,Middle Atlantic,Northeast,699856,311281,72752,51380
20184401,2018,Rhode Island,1,New England,Northeast,532760,206596,83378,58290
20184402,2018,Rhode Island,2,New England,Northeast,523851,204289,87700,68294
20184501,2018,South Carolina,1,South Atlantic,South,766664,294341,91124,67068
20184502,2018,South Carolina,2,South Atlantic,South,707819,271234,77337,58931
20184503,2018,South Carolina,3,South Atlantic,South,684952,262798,63045,46444
20184504,2018,South Carolina,4,South Atlantic,South,718032,274734,74107,53725
20184505,2018,South Carolina,5,South Atlantic,South,706085,268504,68730,50428
20184506,2018,South Carolina,6,South Atlantic,South,662894,245877,51736,36835
20184507,2018,South Carolina,7,South Atlantic,South,709479,277223,60983,44253
20184600,2018,South Dakota,0,West North Central,Midwest,864289,341565,73768,56499
20184701,2018,Tennessee,1,East South Central,South,713768,290743,58736,42052
20184702,2018,Tennessee,2,East South Central,South,738722,293696,73491,52741
20184703,2018,Tennessee,3,East South Central,South,726454,285666,67928,48198
20184704,2018,Tennessee,4,East South Central,South,769786,285763,69448,53160
20184705,2018,Tennessee,5,East South Central,South,765122,307914,80226,56053
20184706,2018,Tennessee,6,East South Central,South,759176,291099,70645,52980
20184707,2018,Tennessee,7,East South Central,South,764797,277831,83060,56857
20184708,2018,Tennessee,8,East South Central,South,708031,266451,82722,57726
20184709,2018,Tennessee,9,East South Central,South,705233,267898,56520,39903
20184801,2018,Texas,1,West South Central,South,718215,254590,67561,49465
20184802,2018,Texas,2,West South Central,South,785386,285366,110603,78481
20184803,2018,Texas,3,West South Central,South,842866,299699,122337,94366
20184804,2018,Texas,4,West South Central,South,738929,266384,73533,54404
20184805,2018,Texas,5,West South Central,South,744338,253164,70938,51869
20184806,2018,Texas,6,West South Central,South,773108,264384,86297,68263
20184807,2018,Texas,7,West South Central,South,785024,297173,122837,75170
20184808,2018,Texas,8,West South Central,South,832589,282535,100167,70669
20184809,2018,Texas,9,West South Central,South,781992,264195,62662,48091
20184810,2018,Texas,10,West South Central,South,839780,294317,102466,75663
20184811,2018,Texas,11,West South Central,South,764038,270017,80939,56714
20184812,2018,Texas,12,West South Central,South,793259,285936,90234,67078
20184813,2018,Texas,13,West South Central,South,710847,257595,69569,52057
20184814,2018,Texas,14,West South Central,South,747166,268490,83524,60706
20184815,2018,Texas,15,West South Central,South,776971,223632,62137,44590
20184816,2018,Texas,16,West South Central,South,737368,238785,62445,46212
20184817,2018,Texas,17,West South Central,South,764593,279500,71606,53336
20184818,2018,Texas,18,West South Central,South,776383,266865,68590,46379
20184819,2018,Texas,19,West South Central,South,725504,256771,68465,49812
20184820,2018,Texas,20,West South Central,South,798543,254190,66532,52104
20184821,2018,Texas,21,West South Central,South,795908,315314,98519,69797
20184822,2018,Texas,22,West South Central,South,880197,283071,121736,95463
20184823,2018,Texas,23,West South Central,South,760106,228646,77273,54015
20184824,2018,Texas,24,West South Central,South,789219,310656,105573,73454
20184825,2018,Texas,25,West South Central,South,768407,270461,102203,70199
20184826,2018,Texas,26,West South Central,South,848154,285075,112514,89458
20184827,2018,Texas,27,West South Central,South,737102,262001,74188,54353
20184828,2018,Texas,28,West South Central,South,750331,217379,65185,47834
20184829,2018,Texas,29,West South Central,South,745389,221729,56556,43626
20184830,2018,Texas,30,West South Central,South,776026,264181,63452,46787
20184831,2018,Texas,31,West South Central,South,829808,282403,89652,71039
20184832,2018,Texas,32,West South Central,South,764700,290306,114334,72815
20184833,2018,Texas,33,West South Central,South,736783,219332,52158,41063
20184834,2018,Texas,34,West South Central,South,722603,213624,55905,38824
20184835,2018,Texas,35,West South Central,South,806895,266751,61415,48318
20184836,2018,Texas,36,West South Central,South,736668,258529,80275,60468
20184901,2018,Utah,1,Mountain,West,751772,237370,84718,68431
20184902,2018,Utah,2,Mountain,West,752756,252807,80499,61310
20184903,2018,Utah,3,Mountain,West,749828,223681,96050,71756
20184904,2018,Utah,4,Mountain,West,790994,243761,87867,72648
20185000,2018,Vermont,0,New England,Northeast,624977,259589,78472,60076
20185101,2018,Virginia,1,South Atlantic,South,785774,276542,105481,86340
20185102,2018,Virginia,2,South Atlantic,South,738568,275008,89654,69721
20185103,2018,Virginia,3,South Atlantic,South,738833,283230,70897,54226
20185104,2018,Virginia,4,South Atlantic,South,765419,285593,76978,57062
20185105,2018,Virginia,5,South Atlantic,South,734216,289420,76059,54239
20185106,2018,Virginia,6,South Atlantic,South,750774,291326,70431,53804
20185107,2018,Virginia,7,South Atlantic,South,777354,285760,99234,77047
20185108,2018,Virginia,8,South Atlantic,South,792945,315588,138310,106421
20185109,2018,Virginia,9,South Atlantic,South,711468,284878,59161,43426
20185110,2018,Virginia,10,South Atlantic,South,826914,271635,157013,124627
20185111,2018,Virginia,11,South Atlantic,South,791509,269435,136033,110462
20185301,2018,Washington,1,Pacific,West,742135,275466,121503,95296
20185302,2018,Washington,2,Pacific,West,730430,284998,85784,68114
20185303,2018,Washington,3,Pacific,West,719101,272248,81908,63926
20185304,2018,Washington,4,Pacific,West,719814,244037,72850,56028
20185305,2018,Washington,5,Pacific,West,705266,279620,70923,52942
20185306,2018,Washington,6,Pacific,West,698764,280858,81552,62502
20185307,2018,Washington,7,Pacific,West,768042,346871,118993,86312
20185308,2018,Washington,8,Pacific,West,737080,264187,106158,83593
20185309,2018,Washington,9,Pacific,West,738464,278501,110485,78578
20185310,2018,Washington,10,Pacific,West,735240,273637,80353,64796
20185401,2018,West Virginia,1,South Atlantic,South,614325,243097,64042,47158
20185402,2018,West Virginia,2,South Atlantic,South,623350,248919,66969,50183
20185403,2018,West Virginia,3,South Atlantic,South,591379,242660,52511,38191
20185501,2018,Wisconsin,1,East North Central,Midwest,717432,278626,83647,65354
20185502,2018,Wisconsin,2,East North Central,Midwest,754999,310494,86393,66415
20185503,2018,Wisconsin,3,East North Central,Midwest,719855,287713,70260,54960
20185504,2018,Wisconsin,4,East North Central,Midwest,713066,279401,61501,43061
20185505,2018,Wisconsin,5,East North Central,Midwest,723040,295084,92956,70304
20185506,2018,Wisconsin,6,East North Central,Midwest,713439,293762,78608,59455
20185507,2018,Wisconsin,7,East North Central,Midwest,708307,300417,71375,55016
20185508,2018,Wisconsin,8,East North Central,Midwest,728256,297632,75723,60166
20185600,2018,Wyoming,0,Mountain,West,581836,230630,79257,62268
20190101,2019,Alabama,1,East South Central,South,710135,267433,68427,49773
20190102,2019,Alabama,2,East South Central,South,679684,258520,66166,48611
20190103,2019,Alabama,3,East South Central,South,708888,272967,65642,49110
20190104,2019,Alabama,4,East South Central,South,684757,259624,61910,45111
20190105,2019,Alabama,5,East South Central,South,720362,285320,78382,57758
20190106,2019,Alabama,6,East South Central,South,704770,267178,93475,67967
20190107,2019,Alabama,7,East South Central,South,667654,256851,53428,37960
20190200,2019,Alaska,0,Pacific,West,737068,253346,98606,77640
20190401,2019,Arizona,1,Mountain,West,762575,255877,70914,54503
20190402,2019,Arizona,2,Mountain,West,724083,303931,74694,53864
20190403,2019,Arizona,3,Mountain,West,776579,243722,62846,49422
20190404,2019,Arizona,4,Mountain,West,786254,311658,67432,52411
20190405,2019,Arizona,5,Mountain,West,820915,287796,100026,77763
20190406,2019,Arizona,6,Mountain,West,792368,325134,110423,74373
20190407,2019,Arizona,7,Mountain,West,811872,242741,59024,44893
20190408,2019,Arizona,8,Mountain,West,790494,288901,86555,68977
20190409,2019,Arizona,9,Mountain,West,785159,311508,85079,60050
20190501,2019,Arkansas,1,West South Central,South,721413,283327,58614,42417
20190502,2019,Arkansas,2,West South Central,South,762623,294546,74171,52417
20190503,2019,Arkansas,3,West South Central,South,807399,304827,74438,52428
20190504,2019,Arkansas,4,West South Central,South,707935,275371,57860,42398
20190601,2019,California,1,Pacific,West,706834,276924,75489,54202
20190602,2019,California,2,Pacific,West,716090,284622,120903,76349
20190603,2019,California,3,Pacific,West,742328,250783,90933,68603
20190604,2019,California,4,Pacific,West,741894,280017,105992,79843
20190605,2019,California,5,Pacific,West,727130,264703,105061,79832
20190606,2019,California,6,Pacific,West,760831,274055,78568,58122
20190607,2019,California,7,Pacific,West,751400,267499,99669,77269
20190608,2019,California,8,Pacific,West,724105,231412,71725,54509
20190609,2019,California,9,Pacific,West,768191,237323,91093,68396
20190610,2019,California,10,Pacific,West,751622,237252,84676,65670
20190611,2019,California,11,Pacific,West,761070,270672,137462,95469
20190612,2019,California,12,Pacific,West,762627,328131,162008,114085
20190613,2019,California,13,Pacific,West,759834,287954,116856,80540
20190614,2019,California,14,Pacific,West,753409,254413,159231,116113
20190615,2019,California,15,Pacific,West,779710,253902,146486,117574
20190616,2019,California,16,Pacific,West,731650,212241,64171,46362
20190617,2019,California,17,Pacific,West,779960,260578,162863,133493
20190618,2019,California,18,Pacific,West,741968,269652,201249,139971
20190619,2019,California,19,Pacific,West,758819,229664,135498,103663
20190620,2019,California,20,Pacific,West,737426,227116,101932,74396
20190621,2019,California,21,Pacific,West,713144,189187,60023,44293
20190622,2019,California,22,Pacific,West,763702,247085,84352,62272
20190623,2019,California,23,Pacific,West,743054,245084,80718,60549
20190624,2019,California,24,Pacific,West,735979,255986,101852,74155
20190625,2019,California,25,Pacific,West,714481,220786,104973,82366
20190626,2019,California,26,Pacific,West,725558,229988,115182,86525
20190627,2019,California,27,Pacific,West,714769,243927,112606,80807
20190628,2019,California,28,Pacific,West,712362,299600,106147,70182
20190629,2019,California,29,Pacific,West,720207,210706,74854,56022
20190630,2019,California,30,Pacific,West,767589,279845,120359,84227
20190631,2019,California,31,Pacific,West,748362,224156,84159,64779
20190632,2019,California,32,Pacific,West,712870,196038,87917,71180
20190633,2019,California,33,Pacific,West,711557,294747,178347,111735
20190634,2019,California,34,Pacific,West,733639,252652,69114,46539
20190635,2019,California,35,Pacific,West,747555,195598,78955,65014
20190636,2019,California,36,Pacific,West,748453,273637,76162,50457
20190637,2019,California,37,Pacific,West,724598,275271,94801,62057
20190638,2019,California,38,Pacific,West,713171,204978,90814,74295
20190639,2019,California,39,Pacific,West,728841,229924,116070,91607
20190640,2019,California,40,Pacific,West,715562,180481,64028,49369
20190641,2019,California,41,Pacific,West,762664,194947,82398,67246
20190642,2019,California,42,Pacific,West,809051,229094,106952,86229
20190643,2019,California,43,Pacific,West,730307,240342,84587,61277
20190644,2019,California,44,Pacific,West,718922,189691,71505,54894
20190645,2019,California,45,Pacific,West,779324,276463,139355,107787
20190646,2019,California,46,Pacific,West,730435,189429,84718,67333
20190647,2019,California,47,Pacific,West,711813,244928,93505,70173
20190648,2019,California,48,Pacific,West,723594,268356,136138,95238
20190649,2019,California,49,Pacific,West,740198,256599,132350,93626
20190650,2019,California,50,Pacific,West,750181,241764,99417,78174
20190651,2019,California,51,Pacific,West,731761,200605,65242,49965
20190652,2019,California,52,Pacific,West,768293,290320,131197,99092
20190653,2019,California,53,Pacific,West,774603,273139,97970,77128
20190801,2019,Colorado,1,Mountain,West,832187,353495,101366,70736
20190802,2019,Colorado,2,Mountain,West,807266,319257,111661,82178
20190803,2019,Colorado,3,Mountain,West,744735,294418,75196,55616
20190804,2019,Colorado,4,Mountain,West,819625,296582,100699,77919
20190805,2019,Colorado,5,Mountain,West,798375,296383,86325,67043
20190806,2019,Colorado,6,Mountain,West,817676,292187,109360,83877
20190807,2019,Colorado,7,Mountain,West,790485,296672,92236,72533
20190901,2019,Connecticut,1,New England,Northeast,711553,281730,98304,75236
20190902,2019,Connecticut,2,New England,Northeast,702769,273718,102162,79153
20190903,2019,Connecticut,3,New England,Northeast,713930,275774,95801,71475
20190904,2019,Connecticut,4,New England,Northeast,735686,264332,167424,99056
20190905,2019,Connecticut,5,New England,Northeast,711136,275192,103939,74568
20191000,2019,Delaware,0,South Atlantic,South,957248,363322,90092,68287
20191198,2019,District of Columbia,98,South Atlantic,South,692683,284386,127890,86420
20191201,2019,Florida,1,South Atlantic,South,771279,293443,76862,57846
20191202,2019,Florida,2,South Atlantic,South,722465,272653,69424,50647
20191203,2019,Florida,3,South Atlantic,South,738669,268720,70514,51117
20191204,2019,Florida,4,South Atlantic,South,800945,308034,100421,73345
20191205,2019,Florida,5,South Atlantic,South,731618,271047,56533,43129
20191206,2019,Florida,6,South Atlantic,South,767325,305829,68903,51167
20191207,2019,Florida,7,South Atlantic,South,768317,285812,89097,63601
20191208,2019,Florida,8,South Atlantic,South,754594,294132,79235,56474
20191209,2019,Florida,9,South Atlantic,South,869762,277191,69521,53640
20191210,2019,Florida,10,South Atlantic,South,823865,277973,82223,56030
20191211,2019,Florida,11,South Atlantic,South,772901,325031,63736,48690
20191212,2019,Florida,12,South Atlantic,South,772330,308167,75684,54654
20191213,2019,Florida,13,South Atlantic,South,729991,307711,77157,53236
20191214,2019,Florida,14,South Atlantic,South,788251,302503,84898,55691
20191215,2019,Florida,15,South Atlantic,South,789855,278529,73208,56681
20191216,2019,Florida,16,South Atlantic,South,831418,322102,88232,62794
20191217,2019,Florida,17,South Atlantic,South,773684,299581,70462,51302
20191218,2019,Florida,18,South Atlantic,South,771253,298967,93777,62019
20191219,2019,Florida,19,South Atlantic,South,813477,318832,96120,61306
20191220,2019,Florida,20,South Atlantic,South,788175,249684,64079,47743
20191221,2019,Florida,21,South Atlantic,South,772206,296014,94998,61822
20191222,2019,Florida,22,South Atlantic,South,755091,306533,101395,64929
20191223,2019,Florida,23,South Atlantic,South,760118,276571,98018,67575
20191224,2019,Florida,24,South Atlantic,South,746402,242695,59713,41694
20191225,2019,Florida,25,South Atlantic,South,771549,244224,71031,52185
20191226,2019,Florida,26,South Atlantic,South,768910,224524,78847,60405
20191227,2019,Florida,27,South Atlantic,South,747186,279809,101996,58100
20191301,2019,Georgia,1,South Atlantic,South,737087,274542,73498,53102
20191302,2019,Georgia,2,South Atlantic,South,670498,247748,56277,39505
20191303,2019,Georgia,3,South Atlantic,South,735074,266634,81044,62112
20191304,2019,Georgia,4,South Atlantic,South,755681,262142,75350,57639
20191305,2019,Georgia,5,South Atlantic,South,771987,309717,88134,54166
20191306,2019,Georgia,6,South Atlantic,South,750871,285608,133584,95365
20191307,2019,Georgia,7,South Atlantic,South,811492,264582,101923,77978
20191308,2019,Georgia,8,South Atlantic,South,706300,259746,65358,47315
20191309,2019,Georgia,9,South Atlantic,South,747416,267076,75428,56010
20191310,2019,Georgia,10,South Atlantic,South,750524,264227,77105,56789
20191311,2019,Georgia,11,South Atlantic,South,765954,287030,106075,76444
20191312,2019,Georgia,12,South Atlantic,South,724066,251385,65443,47153
20191313,2019,Georgia,13,South Atlantic,South,759765,262472,76398,61289
20191314,2019,Georgia,14,South Atlantic,South,717132,255889,68020,51951
20191501,2019,Hawaii,1,Pacific,West,710794,235539,108209,84993
20191502,2019,Hawaii,2,Pacific,West,711300,223885,99121,77525
20191601,2019,Idaho,1,Mountain,West,888809,327185,74465,56854
20191602,2019,Idaho,2,Mountain,West,828941,302823,73102,54685
20191701,2019,Illinois,1,East North Central,Midwest,704031,267298,74340,54618
20191702,2019,Illinois,2,East North Central,Midwest,698741,257991,67072,50881
20191703,2019,Illinois,3,East North Central,Midwest,716449,244873,92713,70263
20191704,2019,Illinois,4,East North Central,Midwest,692435,223993,74742,55071
20191705,2019,Illinois,5,East North Central,Midwest,740867,305206,127540,87320
20191706,2019,Illinois,6,East North Central,Midwest,724005,266341,135919,103967
20191707,2019,Illinois,7,East North Central,Midwest,720978,300591,101370,60216
20191708,2019,Illinois,8,East North Central,Midwest,711775,253229,91302,74201
20191709,2019,Illinois,9,East North Central,Midwest,724839,289525,114043,74914
20191710,2019,Illinois,10,East North Central,Midwest,710717,251276,124835,83551
20191711,2019,Illinois,11,East North Central,Midwest,723342,248456,99541,78069
20191712,2019,Illinois,12,East North Central,Midwest,693580,278977,69054,50948
20191713,2019,Illinois,13,East North Central,Midwest,701843,284343,71877,52936
20191714,2019,Illinois,14,East North Central,Midwest,734105,257263,117870,96149
20191715,2019,Illinois,15,East North Central,Midwest,691765,277682,69722,53873
20191716,2019,Illinois,16,East North Central,Midwest,694781,275337,77996,62151
20191717,2019,Illinois,17,East North Central,Midwest,681131,281314,63766,49599
20191718,2019,Illinois,18,East North Central,Midwest,705247,282439,86760,66166
20191801,2019,Indiana,1,East North Central,Midwest,714677,274204,76232,59049
20191802,2019,Indiana,2,East North Central,Midwest,724054,270905,70136,54276
20191803,2019,Indiana,3,East North Central,Midwest,743000,287165,72351,55862
20191804,2019,Indiana,4,East North Central,Midwest,756185,288763,75958,59788
20191805,2019,Indiana,5,East North Central,Midwest,775550,305718,103434,72723
20191806,2019,Indiana,6,East North Central,Midwest,719099,281903,69808,54823
20191807,2019,Indiana,7,East North Central,Midwest,760897,289339,60385,44256
20191808,2019,Indiana,8,East North Central,Midwest,719002,286852,69415,52911
20191809,2019,Indiana,9,East North Central,Midwest,753239,285570,75456,57939
20191901,2019,Iowa,1,West North Central,Midwest,772352,311269,77790,60495
20191902,2019,Iowa,2,West North Central,Midwest,780574,312572,75482,56693
20191903,2019,Iowa,3,West North Central,Midwest,831497,328983,87272,66928
20191904,2019,Iowa,4,West North Central,Midwest,755085,312649,72633,57381
20192001,2019,Kansas,1,West North Central,Midwest,703509,274107,67465,52362
20192002,2019,Kansas,2,West North Central,Midwest,715046,282436,71542,54867
20192003,2019,Kansas,3,West North Central,Midwest,768619,293153,106015,78344
20192004,2019,Kansas,4,West North Central,Midwest,723478,279531,73592,56238
20192101,2019,Kentucky,1,East South Central,South,718563,281287,60965,44306
20192102,2019,Kentucky,2,East South Central,South,758608,289932,69945,52188
20192103,2019,Kentucky,3,East South Central,South,744534,304254,77180,55382
20192104,2019,Kentucky,4,East South Central,South,758440,282546,86217,64263
20192105,2019,Kentucky,5,East South Central,South,697180,272127,50515,34351
20192106,2019,Kentucky,6,East South Central,South,771727,304472,74411,54128
20192201,2019,Louisiana,1,West South Central,South,805517,303088,84483,60410
20192202,2019,Louisiana,2,West South Central,South,790750,294506,61847,40988
20192203,2019,Louisiana,3,West South Central,South,784883,295361,70591,50445
20192204,2019,Louisiana,4,West South Central,South,748317,284922,61830,42127
20192205,2019,Louisiana,5,West South Central,South,744080,269520,58938,39825
20192206,2019,Louisiana,6,West South Central,South,790815,292100,86731,64663
20192301,2019,Maine,1,New England,Northeast,681859,287512,86227,66524
20192302,2019,Maine,2,New England,Northeast,653633,272409,65672,50076
20192401,2019,Maryland,1,South Atlantic,South,732773,275556,99772,76887
20192402,2019,Maryland,2,South Atlantic,South,764509,283829,90369,72385
20192403,2019,Maryland,3,South Atlantic,South,757053,288373,119106,90871
20192404,2019,Maryland,4,South Atlantic,South,752243,266987,107167,85580
20192405,2019,Maryland,5,South Atlantic,South,762356,262068,118552,101221
20192406,2019,Maryland,6,South Atlantic,South,768933,275462,113267,83126
20192407,2019,Maryland,7,South Atlantic,South,718530,271303,95683,64039
20192408,2019,Maryland,8,South Atlantic,South,762451,281626,146885,106958
20192501,2019,Massachusetts,1,New England,Northeast,728716,287856,79971,59137
20192502,2019,Massachusetts,2,New England,Northeast,748728,282251,95012,71636
20192503,2019,Massachusetts,3,New England,Northeast,766238,278592,107852,81055
20192504,2019,Massachusetts,4,New England,Northeast,757680,279355,143611,103255
20192505,2019,Massachusetts,5,New England,Northeast,768212,296823,137150,100962
20192506,2019,Massachusetts,6,New England,Northeast,770005,291496,120465,91488
20192507,2019,Massachusetts,7,New England,Northeast,802775,300941,99396,68203
20192508,2019,Massachusetts,8,New England,Northeast,767105,302222,121446,93015
20192509,2019,Massachusetts,9,New England,Northeast,741094,297961,98677,73163
20192601,2019,Michigan,1,East North Central,Midwest,698033,292829,67199,50891
20192602,2019,Michigan,2,East North Central,Midwest,739228,276923,74071,58031
20192603,2019,Michigan,3,East North Central,Midwest,742923,280214,82772,61466
20192604,2019,Michigan,4,East North Central,Midwest,701512,274675,70301,52271
20192605,2019,Michigan,5,East North Central,Midwest,676131,282975,62462,46647
20192606,2019,Michigan,6,East North Central,Midwest,717930,284044,75324,55409
20192607,2019,Michigan,7,East North Central,Midwest,705993,276246,78913,60929
20192608,2019,Michigan,8,East North Central,Midwest,739522,281789,96998,72934
20192609,2019,Michigan,9,East North Central,Midwest,717778,301074,82741,60817
20192610,2019,Michigan,10,East North Central,Midwest,718572,283163,83851,65543
20192611,2019,Michigan,11,East North Central,Midwest,730595,287463,113762,86254
20192612,2019,Michigan,12,East North Central,Midwest,710371,275837,82937,60589
20192613,2019,Michigan,13,East North Central,Midwest,675497,265169,50091,36195
20192614,2019,Michigan,14,East North Central,Midwest,691180,272640,73706,47854
20192701,2019,Minnesota,1,West North Central,Midwest,675187,269287,81677,63683
20192702,2019,Minnesota,2,West North Central,Midwest,703966,262516,106741,86836
20192703,2019,Minnesota,3,West North Central,Midwest,716887,279446,127840,93045
20192704,2019,Minnesota,4,West North Central,Midwest,711057,271063,97233,71851
20192705,2019,Minnesota,5,West North Central,Midwest,712914,299431,90863,65262
20192706,2019,Minnesota,6,West North Central,Midwest,710595,256280,99100,82616
20192707,2019,Minnesota,7,West North Central,Midwest,666100,271508,74234,58899
20192708,2019,Minnesota,8,West North Central,Midwest,666672,276072,73989,58525
20192801,2019,Mississippi,1,East South Central,South,762562,280331,65147,48450
20192802,2019,Mississippi,2,East South Central,South,703564,255914,52941,36759
20192803,2019,Mississippi,3,East South Central,South,748578,281084,68359,48133
20192804,2019,Mississippi,4,East South Central,South,769714,287065,63990,47213
20192901,2019,Missouri,1,West North Central,Midwest,727393,311231,67152,47666
20192902,2019,Missouri,2,West North Central,Midwest,764022,307330,117401,85638
20192903,2019,Missouri,3,West North Central,Midwest,788763,296472,81961,65707
20192904,2019,Missouri,4,West North Central,Midwest,767364,291155,67894,51575
20192905,2019,Missouri,5,West North Central,Midwest,768223,318289,70808,52554
20192906,2019,Missouri,6,West North Central,Midwest,772869,290741,79517,61876
20192907,2019,Missouri,7,West North Central,Midwest,777375,311608,64543,48067
20192908,2019,Missouri,8,West North Central,Midwest,738901,287695,58514,43356
20193000,2019,Montana,0,Mountain,West,1050649,427871,74190,54970
20193101,2019,Nebraska,1,West North Central,Midwest,644886,254307,78587,61831
20193102,2019,Nebraska,2,West North Central,Midwest,668413,256914,91677,68876
20193103,2019,Nebraska,3,West North Central,Midwest,601272,247955,69987,54443
20193201,2019,Nevada,1,Mountain,West,692355,250878,58514,41790
20193202,2019,Nevada,2,Mountain,West,716367,283873,85980,64378
20193203,2019,Nevada,3,Mountain,West,811145,304987,99744,74081
20193204,2019,Nevada,4,Mountain,West,752515,258864,77354,60844
20193301,2019,New Hampshire,1,New England,Northeast,680153,270265,100209,77691
20193302,2019,New Hampshire,2,New England,Northeast,667971,261772,98087,75814
20193401,2019,New Jersey,1,Middle Atlantic,Northeast,725599,269628,94627,73106
20193402,2019,New Jersey,2,Middle Atlantic,Northeast,714910,267867,89800,66196
20193403,2019,New Jersey,3,Middle Atlantic,Northeast,737334,281264,107373,82786
20193404,2019,New Jersey,4,Middle Atlantic,Northeast,740712,271302,121089,87597
20193405,2019,New Jersey,5,Middle Atlantic,Northeast,736353,264072,143385,107050
20193406,2019,New Jersey,6,Middle Atlantic,Northeast,733994,253291,109927,85676
20193407,2019,New Jersey,7,Middle Atlantic,Northeast,739089,266812,160861,116488
20193408,2019,New Jersey,8,Middle Atlantic,Northeast,762459,282953,94548,62615
20193409,2019,New Jersey,9,Middle Atlantic,Northeast,752451,266144,98643,71740
20193410,2019,New Jersey,10,Middle Atlantic,Northeast,751853,271406,82380,55930
20193411,2019,New Jersey,11,Middle Atlantic,Northeast,735094,270210,155003,116768
20193412,2019,New Jersey,12,Middle Atlantic,Northeast,748655,266925,120529,88663
20193501,2019,New Mexico,1,Mountain,West,695715,275764,73338,52434
20193502,2019,New Mexico,2,Mountain,West,700115,249806,61613,44523
20193503,2019,New Mexico,3,Mountain,West,696624,254679,71783,52097
20193601,2019,New York,1,Middle Atlantic,Northeast,716532,248200,125278,97821
20193602,2019,New York,2,Middle Atlantic,Northeast,711836,221377,123975,103141
20193603,2019,New York,3,Middle Atlantic,Northeast,727151,252586,168342,119397
20193604,2019,New York,4,Middle Atlantic,Northeast,723357,235762,138321,109180
20193605,2019,New York,5,Middle Atlantic,Northeast,771094,229613,93302,73585
20193606,2019,New York,6,Middle Atlantic,Northeast,729469,266803,89437,66981
20193607,2019,New York,7,Middle Atlantic,Northeast,730822,255113,96808,59535
20193608,2019,New York,8,Middle Atlantic,Northeast,772576,294143,83046,54878
20193609,2019,New York,9,Middle Atlantic,Northeast,726825,280147,90630,61292
20193610,2019,New York,10,Middle Atlantic,Northeast,731480,313435,172320,96313
20193611,2019,New York,11,Middle Atlantic,Northeast,730637,261245,99853,76467
20193612,2019,New York,12,Middle Atlantic,Northeast,721821,364957,180363,109752
20193613,2019,New York,13,Middle Atlantic,Northeast,767710,290298,68610,44356
20193614,2019,New York,14,Middle Atlantic,Northeast,694613,240363,78068,59940
20193615,2019,New York,15,Middle Atlantic,Northeast,744473,254112,46028,30238
20193616,2019,New York,16,Middle Atlantic,Northeast,744267,273005,121466,72901
20193617,2019,New York,17,Middle Atlantic,Northeast,739314,247248,143649,102088
20193618,2019,New York,18,Middle Atlantic,Northeast,722792,251917,117169,87977
20193619,2019,New York,19,Middle Atlantic,Northeast,698759,270885,85499,64205
20193620,2019,New York,20,Middle Atlantic,Northeast,725988,290880,89780,68970
20193621,2019,New York,21,Middle Atlantic,Northeast,703073,277969,72273,56367
20193622,2019,New York,22,Middle Atlantic,Northeast,696141,274376,72305,55593
20193623,2019,New York,23,Middle Atlantic,Northeast,695215,278814,69619,52939
20193624,2019,New York,24,Middle Atlantic,Northeast,704757,281800,79524,59948
20193625,2019,New York,25,Middle Atlantic,Northeast,716736,291634,79990,59437
20193626,2019,New York,26,Middle Atlantic,Northeast,709541,307164,68877,51118
20193627,2019,New York,27,Middle Atlantic,Northeast,715340,289388,86838,67324
20193701,2019,North Carolina,1,South Atlantic,South,755156,297036,65535,45596
20193702,2019,North Carolina,2,South Atlantic,South,840465,300948,94567,71391
20193703,2019,North Carolina,3,South Atlantic,South,756531,292768,68104,51546
20193704,2019,North Carolina,4,South Atlantic,South,857571,331638,101403,73464
20193705,2019,North Carolina,5,South Atlantic,South,756559,302444,69196,48049
20193706,2019,North Carolina,6,South Atlantic,South,768774,300522,71400,51618
20193707,2019,North Carolina,7,South Atlantic,South,795777,314873,69421,50162
20193708,2019,North Carolina,8,South Atlantic,South,788902,292658,71382,53494
20193709,2019,North Carolina,9,South Atlantic,South,783780,284246,94807,62130
20193710,2019,North Carolina,10,South Atlantic,South,760336,300144,68250,50250
20193711,2019,North Carolina,11,South Atlantic,South,758083,314196,65768,48704
20193712,2019,North Carolina,12,South Atlantic,South,865614,329935,85379,60709
20193713,2019,North Carolina,13,South Atlantic,South,777328,304074,73034,52623
20193800,2019,North Dakota,0,West North Central,Midwest,756717,318322,85476,64894
20193901,2019,Ohio,1,East North Central,Midwest,742004,294829,85875,60936
20193902,2019,Ohio,2,East North Central,Midwest,728713,297806,83406,59072
20193903,2019,Ohio,3,East North Central,Midwest,790144,307154,64060,49259
20193904,2019,Ohio,4,East North Central,Midwest,710991,279926,70438,55914
20193905,2019,Ohio,5,East North Central,Midwest,722911,292298,79434,61491
20193906,2019,Ohio,6,East North Central,Midwest,696108,276755,65378,49596
20193907,2019,Ohio,7,East North Central,Midwest,727518,282759,72469,57080
20193908,2019,Ohio,8,East North Central,Midwest,729572,278158,77960,60957
20193909,2019,Ohio,9,East North Central,Midwest,706921,299005,62290,44841
20193910,2019,Ohio,10,East North Central,Midwest,722027,299954,73919,54581
20193911,2019,Ohio,11,East North Central,Midwest,689571,302701,63384,38997
20193912,2019,Ohio,12,East North Central,Midwest,781470,295100,101723,75557
20193913,2019,Ohio,13,East North Central,Midwest,708540,301089,61807,46479
20193914,2019,Ohio,14,East North Central,Midwest,716938,287860,95242,69550
20193915,2019,Ohio,15,East North Central,Midwest,761678,289973,86000,66311
20193916,2019,Ohio,16,East North Central,Midwest,720291,290991,88925,68734
20194001,2019,Oklahoma,1,West South Central,South,801857,311732,79615,56654
20194002,2019,Oklahoma,2,West South Central,South,748847,282828,59512,43843
20194003,2019,Oklahoma,3,West South Central,South,778159,282186,70202,52968
20194004,2019,Oklahoma,4,West South Central,South,786723,291928,74305,57925
20194005,2019,Oklahoma,5,West South Central,South,817284,311387,78490,53381
20194101,2019,Oregon,1,Pacific,West,842952,320812,101689,77954
20194102,2019,Oregon,2,Pacific,West,817793,325080,72196,54215
20194103,2019,Oregon,3,Pacific,West,837545,329685,90864,69303
20194104,2019,Oregon,4,Pacific,West,803194,327393,69223,51593
20194105,2019,Oregon,5,Pacific,West,828319,309012,87729,65599
20194201,2019,Pennsylvania,1,Middle Atlantic,Northeast,709812,270538,117515,88592
20194202,2019,Pennsylvania,2,Middle Atlantic,Northeast,737498,257502,62225,44840
20194203,2019,Pennsylvania,3,Middle Atlantic,Northeast,722876,299398,74915,47425
20194204,2019,Pennsylvania,4,Middle Atlantic,Northeast,726966,279310,122925,90366
20194205,2019,Pennsylvania,5,Middle Atlantic,Northeast,716440,264915,102398,69294
20194206,2019,Pennsylvania,6,Middle Atlantic,Northeast,728613,267671,118275,84666
20194207,2019,Pennsylvania,7,Middle Atlantic,Northeast,726011,272852,87873,66511
20194208,2019,Pennsylvania,8,Middle Atlantic,Northeast,694123,273716,72190,55209
20194209,2019,Pennsylvania,9,Middle Atlantic,Northeast,705270,277178,75053,59656
20194210,2019,Pennsylvania,10,Middle Atlantic,Northeast,731136,291601,84186,64553
20194211,2019,Pennsylvania,11,Middle Atlantic,Northeast,732060,275913,85016,67309
20194212,2019,Pennsylvania,12,Middle Atlantic,Northeast,699352,271005,70690,54600
20194213,2019,Pennsylvania,13,Middle Atlantic,Northeast,697483,281836,70054,54869
20194214,2019,Pennsylvania,14,Middle Atlantic,Northeast,687897,289020,77998,58725
20194215,2019,Pennsylvania,15,Middle Atlantic,Northeast,680881,277573,65669,51555
20194216,2019,Pennsylvania,16,Middle Atlantic,Northeast,687946,282320,72182,53908
20194217,2019,Pennsylvania,17,Middle Atlantic,Northeast,711092,307679,94115,68938
20194218,2019,Pennsylvania,18,Middle Atlantic,Northeast,696074,313079,76129,53656
20194401,2019,Rhode Island,1,New England,Northeast,533730,206527,86493,61499
20194402,2019,Rhode Island,2,New England,Northeast,523501,203962,91725,72443
20194501,2019,South Carolina,1,South Atlantic,South,785395,300322,95662,70496
20194502,2019,South Carolina,2,South Atlantic,South,714742,274607,80423,60479
20194503,2019,South Carolina,3,South Atlantic,South,693354,265808,66551,48872
20194504,2019,South Carolina,4,South Atlantic,South,727293,278887,78184,56376
20194505,2019,South Carolina,5,South Atlantic,South,717411,274331,71823,52860
20194506,2019,South Carolina,6,South Atlantic,South,662643,247883,54293,38661
20194507,2019,South Carolina,7,South Atlantic,South,719968,280024,63652,46265
20194600,2019,South Dakota,0,West North Central,Midwest,870638,344397,76240,58275
20194701,2019,Tennessee,1,East South Central,South,716773,291974,61856,44378
20194702,2019,Tennessee,2,East South Central,South,746435,298909,76364,55006
20194703,2019,Tennessee,3,East South Central,South,730736,291128,70939,50454
20194704,2019,Tennessee,4,East South Central,South,784717,289286,72507,56177
20194705,2019,Tennessee,5,East South Central,South,769198,312581,84764,59705
20194706,2019,Tennessee,6,East South Central,South,773038,295245,74246,55785
20194707,2019,Tennessee,7,East South Central,South,776612,282209,86795,59932
20194708,2019,Tennessee,8,East South Central,South,708466,267656,85618,59200
20194709,2019,Tennessee,9,East South Central,South,703381,268304,58911,41886
20194801,2019,Texas,1,West South Central,South,719958,255476,70577,51435
20194802,2019,Texas,2,West South Central,South,794851,289834,113159,80414
20194803,2019,Texas,3,West South Central,South,867470,308181,125128,96905
20194804,2019,Texas,4,West South Central,South,751164,271782,77604,56807
20194805,2019,Texas,5,West South Central,South,751567,255078,74027,54138
20194806,2019,Texas,6,West South Central,South,785330,267728,89717,70962
20194807,2019,Texas,7,West South Central,South,787830,299661,124701,75925
20194808,2019,Texas,8,West South Central,South,858427,292291,104447,73701
20194809,2019,Texas,9,West South Central,South,782123,265623,64115,49160
20194810,2019,Texas,10,West South Central,South,875936,306132,105615,78872
20194811,2019,Texas,11,West South Central,South,772210,272282,83315,59444
20194812,2019,Texas,12,West South Central,South,811608,290833,93325,70155
20194813,2019,Texas,13,West South Central,South,710097,258587,70843,53065
20194814,2019,Texas,14,West South Central,South,751606,269223,86925,63899
20194815,2019,Texas,15,West South Central,South,786367,227863,64401,46341
20194816,2019,Texas,16,West South Central,South,737398,240954,64416,48175
20194817,2019,Texas,17,West South Central,South,771317,281649,74590,55054
20194818,2019,Texas,18,West South Central,South,778625,270022,70883,47534
20194819,2019,Texas,19,West South Central,South,727765,258329,70336,51646
20194820,2019,Texas,20,West South Central,South,809092,254402,68547,53251
20194821,2019,Texas,21,West South Central,South,810719,321068,103502,72376
20194822,2019,Texas,22,West South Central,South,911440,293484,123264,97494
20194823,2019,Texas,23,West South Central,South,769173,232304,79319,55961
20194824,2019,Texas,24,West South Central,South,802353,314343,109353,76737
20194825,2019,Texas,25,West South Central,South,783085,275511,107282,73970
20194826,2019,Texas,26,West South Central,South,874507,292489,117842,93630
20194827,2019,Texas,27,West South Central,South,740124,262738,75078,55480
20194828,2019,Texas,28,West South Central,South,750087,217725,67666,49776
20194829,2019,Texas,29,West South Central,South,745825,222570,58525,45648
20194830,2019,Texas,30,West South Central,South,782114,268565,67046,49438
20194831,2019,Texas,31,West South Central,South,856506,289471,93136,73594
20194832,2019,Texas,32,West South Central,South,774063,293899,118391,75428
20194833,2019,Texas,33,West South Central,South,739374,220783,54900,43456
20194834,2019,Texas,34,West South Central,South,721500,214304,57778,40308
20194835,2019,Texas,35,West South Central,South,825790,275111,65172,50978
20194836,2019,Texas,36,West South Central,South,743455,261352,82793,62425
20194901,2019,Utah,1,Mountain,West,762720,240686,88097,71181
20194902,2019,Utah,2,Mountain,West,766444,258564,84985,64600
20194903,2019,Utah,3,Mountain,West,761759,228917,100528,75334
20194904,2019,Utah,4,Mountain,West,805925,249146,92437,76246
20195000,2019,Vermont,0,New England,Northeast,624313,260029,81233,61973
20195101,2019,Virginia,1,South Atlantic,South,793627,279120,108489,88716
20195102,2019,Virginia,2,South Atlantic,South,738524,276827,93062,72365
20195103,2019,Virginia,3,South Atlantic,South,739947,285446,73590,55857
20195104,2019,Virginia,4,South Atlantic,South,770323,287284,80818,59562
20195105,2019,Virginia,5,South Atlantic,South,735069,290479,79075,56316
20195106,2019,Virginia,6,South Atlantic,South,753338,292428,73410,55750
20195107,2019,Virginia,7,South Atlantic,South,785194,289450,103220,80108
20195108,2019,Virginia,8,South Atlantic,South,798227,319481,143146,109345
20195109,2019,Virginia,9,South Atlantic,South,707798,282884,61034,45131
20195110,2019,Virginia,10,South Atlantic,South,838538,276145,162364,128549
20195111,2019,Virginia,11,South Atlantic,South,793878,271501,140665,114483
20195301,2019,Washington,1,Pacific,West,754006,278978,129122,100281
20195302,2019,Washington,2,Pacific,West,741822,289803,90206,71932
20195303,2019,Washington,3,Pacific,West,730720,277003,86193,67177
20195304,2019,Washington,4,Pacific,West,725467,246812,75665,57974
20195305,2019,Washington,5,Pacific,West,714669,284463,74034,54954
20195306,2019,Washington,6,Pacific,West,709226,286198,85551,66050
20195307,2019,Washington,7,Pacific,West,782676,354931,126783,92287
20195308,2019,Washington,8,Pacific,West,751143,268381,112870,88043
20195309,2019,Washington,9,Pacific,West,746443,282932,116382,83309
20195310,2019,Washington,10,Pacific,West,747935,278895,84129,68184
20195401,2019,West Virginia,1,South Atlantic,South,611109,242119,66970,49063
20195402,2019,West Virginia,2,South Atlantic,South,622065,249663,69367,51739
20195403,2019,West Virginia,3,South Atlantic,South,584131,240803,54477,39670
20195501,2019,Wisconsin,1,East North Central,Midwest,718226,281055,86792,67931
20195502,2019,Wisconsin,2,East North Central,Midwest,762159,314079,90032,69278
20195503,2019,Wisconsin,3,East North Central,Midwest,721298,289763,72935,57305
20195504,2019,Wisconsin,4,East North Central,Midwest,710311,279614,63641,45083
20195505,2019,Wisconsin,5,East North Central,Midwest,725071,296155,96817,73797
20195506,2019,Wisconsin,6,East North Central,Midwest,713539,295725,80324,61752
20195507,2019,Wisconsin,7,East North Central,Midwest,709130,301672,74622,57667
20195508,2019,Wisconsin,8,East North Central,Midwest,730982,300093,78994,62561
20195600,2019,Wyoming,0,Mountain,West,581024,230101,81880,64049
20200101,2020,Alabama,1,East South Central,South,714379,271453,70941,51455
20200102,2020,Alabama,2,East South Central,South,678978,260201,67406,50101
20200103,2020,Alabama,3,East South Central,South,713404,275857,68216,50987
20200104,2020,Alabama,4,East South Central,South,687640,261520,63911,47429
20200105,2020,Alabama,5,East South Central,South,728414,289551,80885,59543
20200106,2020,Alabama,6,East South Central,South,708092,270024,96320,69779
20200107,2020,Alabama,7,East South Central,South,662279,259898,54432,38356
20200200,2020,Alaska,0,Pacific,West,736990,255173,98811,77790
20200401,2020,Arizona,1,Mountain,West,772404,264539,74480,56448
20200402,2020,Arizona,2,Mountain,West,732897,308521,76038,55389
20200403,2020,Arizona,3,Mountain,West,780637,247090,66178,51963
20200404,2020,Arizona,4,Mountain,West,811947,325329,71227,54385
20200405,2020,Arizona,5,Mountain,West,842222,299272,104482,80388
20200406,2020,Arizona,6,Mountain,West,806918,332973,114044,76013
20200407,2020,Arizona,7,Mountain,West,827379,249563,63646,48574
20200408,2020,Arizona,8,Mountain,West,806027,296864,89800,71960
20200409,2020,Arizona,9,Mountain,West,793633,319279,89523,63416
20200501,2020,Arkansas,1,West South Central,South,720941,284939,60866,44325
20200502,2020,Arkansas,2,West South Central,South,765408,300155,75496,53439
20200503,2020,Arkansas,3,West South Central,South,820935,310840,79803,55258
20200504,2020,Arkansas,4,West South Central,South,704589,274610,59632,43861
20200601,2020,California,1,Pacific,West,704482,275087,79454,57046
20200602,2020,California,2,Pacific,West,714171,282570,125193,80210
20200603,2020,California,3,Pacific,West,746967,252696,94930,72297
20200604,2020,California,4,Pacific,West,750420,285699,110128,81951
20200605,2020,California,5,Pacific,West,724984,265268,110131,84399
20200606,2020,California,6,Pacific,West,764174,276558,82839,61794
20200607,2020,California,7,Pacific,West,762260,269031,104039,80722
20200608,2020,California,8,Pacific,West,729399,232954,74649,56093
20200609,2020,California,9,Pacific,West,775716,238672,94638,71817
20200610,2020,California,10,Pacific,West,757213,240363,88673,68329
20200611,2020,California,11,Pacific,West,760284,270824,144113,100114
20200612,2020,California,12,Pacific,West,763777,327479,169195,120697
20200613,2020,California,13,Pacific,West,760817,286271,124454,87295
20200614,2020,California,14,Pacific,West,749549,254883,167400,121097
20200615,2020,California,15,Pacific,West,788527,254738,154135,123064
20200616,2020,California,16,Pacific,West,736400,215384,66750,49280
20200617,2020,California,17,Pacific,West,776763,257444,174827,142408
20200618,2020,California,18,Pacific,West,744487,269210,209642,146441
20200619,2020,California,19,Pacific,West,758327,227737,141972,109530
20200620,2020,California,20,Pacific,West,736750,227989,109527,80689
20200621,2020,California,21,Pacific,West,713346,189216,62480,47028
20200622,2020,California,22,Pacific,West,769728,248272,89229,66141
20200623,2020,California,23,Pacific,West,748143,248601,82514,61490
20200624,2020,California,24,Pacific,West,736030,258687,106533,78360
20200625,2020,California,25,Pacific,West,710525,220052,106972,83267
20200626,2020,California,26,Pacific,West,724221,229547,117371,88064
20200627,2020,California,27,Pacific,West,711767,245259,116369,83765
20200628,2020,California,28,Pacific,West,712193,302095,110824,72274
20200629,2020,California,29,Pacific,West,715422,212217,79474,59850
20200630,2020,California,30,Pacific,West,773221,283257,124031,86710
20200631,2020,California,31,Pacific,West,752561,224874,89573,68568
20200632,2020,California,32,Pacific,West,707305,196062,92208,74942
20200633,2020,California,33,Pacific,West,708972,293617,183053,115408
20200634,2020,California,34,Pacific,West,734546,258609,73829,50172
20200635,2020,California,35,Pacific,West,748454,198683,82278,67635
20200636,2020,California,36,Pacific,West,755516,280578,79124,52873
20200637,2020,California,37,Pacific,West,727449,279132,98774,65667
20200638,2020,California,38,Pacific,West,706482,205020,94633,76795
20200639,2020,California,39,Pacific,West,732667,229989,120908,95636
20200640,2020,California,40,Pacific,West,708362,180611,68641,52850
20200641,2020,California,41,Pacific,West,768401,196038,88044,71561
20200642,2020,California,42,Pacific,West,822515,232167,113276,91349
20200643,2020,California,43,Pacific,West,727766,239149,89487,64939
20200644,2020,California,44,Pacific,West,711773,190018,75948,58281
20200645,2020,California,45,Pacific,West,781871,275379,143937,111197
20200646,2020,California,46,Pacific,West,730071,193113,89512,72175
20200647,2020,California,47,Pacific,West,709979,245487,97577,74347
20200648,2020,California,48,Pacific,West,720586,268404,140665,99328
20200649,2020,California,49,Pacific,West,741671,254770,136656,96591
20200650,2020,California,50,Pacific,West,748893,243166,102690,81177
20200651,2020,California,51,Pacific,West,736161,202910,69078,52247
20200652,2020,California,52,Pacific,West,774895,292449,136161,102795
20200653,2020,California,53,Pacific,West,769064,274829,103344,81447
20200801,2020,Colorado,1,Mountain,West,843348,339423,108021,75128
20200802,2020,Colorado,2,Mountain,West,817394,317900,115830,86011
20200803,2020,Colorado,3,Mountain,West,752192,294453,77839,58209
20200804,2020,Colorado,4,Mountain,West,837275,294488,103464,79205
20200805,2020,Colorado,5,Mountain,West,811504,302655,89891,69691
20200806,2020,Colorado,6,Mountain,West,825402,292875,113214,86388
20200807,2020,Colorado,7,Mountain,West,797811,295608,96391,76406
20200901,2020,Connecticut,1,New England,Northeast,709090,284492,100086,76056
20200902,2020,Connecticut,2,New England,Northeast,701886,276725,104371,80744
20200903,2020,Connecticut,3,New England,Northeast,711468,276944,98204,72887
20200904,2020,Connecticut,4,New England,Northeast,736148,268348,170112,101143
20200905,2020,Connecticut,5,New England,Northeast,711957,278928,106086,75297
20201000,2020,Delaware,0,South Atlantic,South,967679,370953,92308,69110
20201198,2020,District of Columbia,98,South Atlantic,South,701974,288307,133587,90842
20201201,2020,Florida,1,South Atlantic,South,785773,300202,79938,60668
20201202,2020,Florida,2,South Atlantic,South,726881,280665,71698,51847
20201203,2020,Florida,3,South Atlantic,South,747806,277234,72955,52178
20201204,2020,Florida,4,South Atlantic,South,820783,314445,102692,75641
20201205,2020,Florida,5,South Atlantic,South,737321,279247,57616,43822
20201206,2020,Florida,6,South Atlantic,South,783276,312779,73132,54317
20201207,2020,Florida,7,South Atlantic,South,775811,291851,91885,67341
20201208,2020,Florida,8,South Atlantic,South,766728,301921,82728,59195
20201209,2020,Florida,9,South Atlantic,South,895237,289225,73003,55690
20201210,2020,Florida,10,South Atlantic,South,843134,281411,85134,58849
20201211,2020,Florida,11,South Atlantic,South,790906,333726,65949,50368
20201212,2020,Florida,12,South Atlantic,South,788853,315688,78827,55860
20201213,2020,Florida,13,South Atlantic,South,736584,311657,80074,55501
20201214,2020,Florida,14,South Atlantic,South,802492,309209,88264,57406
20201215,2020,Florida,15,South Atlantic,South,805103,284725,75824,57857
20201216,2020,Florida,16,South Atlantic,South,853737,332823,91560,64274
20201217,2020,Florida,17,South Atlantic,South,788069,309443,74793,53071
20201218,2020,Florida,18,South Atlantic,South,781418,304931,96906,64088
20201219,2020,Florida,19,South Atlantic,South,834988,333345,97787,62257
20201220,2020,Florida,20,South Atlantic,South,791022,254904,66573,49946
20201221,2020,Florida,21,South Atlantic,South,782529,302089,97926,62988
20201222,2020,Florida,22,South Atlantic,South,765204,313038,103658,67714
20201223,2020,Florida,23,South Atlantic,South,768038,282570,99065,68473
20201224,2020,Florida,24,South Atlantic,South,749846,245575,62449,44092
20201225,2020,Florida,25,South Atlantic,South,775411,251299,73743,54023
20201226,2020,Florida,26,South Atlantic,South,771373,232698,81197,63171
20201227,2020,Florida,27,South Atlantic,South,748601,284613,106825,62011
20201301,2020,Georgia,1,South Atlantic,South,744521,278422,74887,54772
20201302,2020,Georgia,2,South Atlantic,South,665536,248347,57373,40595
20201303,2020,Georgia,3,South Atlantic,South,746086,271144,85864,65076
20201304,2020,Georgia,4,South Atlantic,South,756133,262850,77670,59808
20201305,2020,Georgia,5,South Atlantic,South,780778,319578,92504,57586
20201306,2020,Georgia,6,South Atlantic,South,759318,292422,138432,99516
20201307,2020,Georgia,7,South Atlantic,South,833680,272664,105479,80096
20201308,2020,Georgia,8,South Atlantic,South,710259,263996,67851,50150
20201309,2020,Georgia,9,South Atlantic,South,762916,275466,78778,59198
20201310,2020,Georgia,10,South Atlantic,South,756449,269532,81273,59490
20201311,2020,Georgia,11,South Atlantic,South,777408,290766,109564,78832
20201312,2020,Georgia,12,South Atlantic,South,729203,253251,68001,49091
20201313,2020,Georgia,13,South Atlantic,South,770115,271813,79206,63305
20201314,2020,Georgia,14,South Atlantic,South,724177,260013,71130,54634
20201501,2020,Hawaii,1,Pacific,West,706681,238945,111205,86203
20201502,2020,Hawaii,2,Pacific,West,713393,228987,103323,80253
20201601,2020,Idaho,1,Mountain,West,913009,337581,78803,60698
20201602,2020,Idaho,2,Mountain,West,841358,311718,75879,56968
20201701,2020,Illinois,1,East North Central,Midwest,705263,271265,77228,57466
20201702,2020,Illinois,2,East North Central,Midwest,692805,258388,69632,53158
20201703,2020,Illinois,3,East North Central,Midwest,708422,246710,95599,73152
20201704,2020,Illinois,4,East North Central,Midwest,683260,227162,79965,59793
20201705,2020,Illinois,5,East North Central,Midwest,737812,306626,132513,90424
20201706,2020,Illinois,6,East North Central,Midwest,723356,266992,139547,106701
20201707,2020,Illinois,7,East North Central,Midwest,720942,307116,104345,64171
20201708,2020,Illinois,8,East North Central,Midwest,708921,254922,93736,76550
20201709,2020,Illinois,9,East North Central,Midwest,724967,291182,118200,77821
20201710,2020,Illinois,10,East North Central,Midwest,705705,254125,126787,85567
20201711,2020,Illinois,11,East North Central,Midwest,717503,250889,101947,80435
20201712,2020,Illinois,12,East North Central,Midwest,690097,280525,70822,53061
20201713,2020,Illinois,13,East North Central,Midwest,700322,286458,72864,54091
20201714,2020,Illinois,14,East North Central,Midwest,741407,261558,122231,98672
20201715,2020,Illinois,15,East North Central,Midwest,687456,278836,71877,55696
20201716,2020,Illinois,16,East North Central,Midwest,691553,276159,79227,63107
20201717,2020,Illinois,17,East North Central,Midwest,675779,282887,65199,50713
20201718,2020,Illinois,18,East North Central,Midwest,700594,282261,87628,67418
20201801,2020,Indiana,1,East North Central,Midwest,715976,276775,78615,60796
20201802,2020,Indiana,2,East North Central,Midwest,724543,273668,72019,55566
20201803,2020,Indiana,3,East North Central,Midwest,747367,290382,73635,57731
20201804,2020,Indiana,4,East North Central,Midwest,762256,292365,77432,60919
20201805,2020,Indiana,5,East North Central,Midwest,782573,310029,105208,74413
20201806,2020,Indiana,6,East North Central,Midwest,720302,286028,71689,56952
20201807,2020,Indiana,7,East North Central,Midwest,766338,294385,63738,46963
20201808,2020,Indiana,8,East North Central,Midwest,719258,289228,71060,54158
20201809,2020,Indiana,9,East North Central,Midwest,758280,289910,77421,60297
20201901,2020,Iowa,1,West North Central,Midwest,772873,312589,80447,61857
20201902,2020,Iowa,2,West North Central,Midwest,782527,314189,77354,58236
20201903,2020,Iowa,3,West North Central,Midwest,841226,333441,88911,68789
20201904,2020,Iowa,4,West North Central,Midwest,753385,313722,74016,58628
20202001,2020,Kansas,1,West North Central,Midwest,697312,275867,69087,53059
20202002,2020,Kansas,2,West North Central,Midwest,715946,285525,73012,56525
20202003,2020,Kansas,3,West North Central,Midwest,774850,298335,109188,80739
20202004,2020,Kansas,4,West North Central,Midwest,724511,282258,75391,57125
20202101,2020,Kentucky,1,East South Central,South,718344,282993,62518,45942
20202102,2020,Kentucky,2,East South Central,South,764943,293595,72299,53980
20202103,2020,Kentucky,3,East South Central,South,744444,307368,79108,57093
20202104,2020,Kentucky,4,East South Central,South,763817,285501,88528,66570
20202105,2020,Kentucky,5,East South Central,South,693463,271288,52382,35825
20202106,2020,Kentucky,6,East South Central,South,776941,307308,77111,55799
20202201,2020,Louisiana,1,West South Central,South,802133,303528,85930,62123
20202202,2020,Louisiana,2,West South Central,South,793342,296598,64412,42619
20202203,2020,Louisiana,3,West South Central,South,785605,297642,72481,51550
20202204,2020,Louisiana,4,West South Central,South,745158,286306,67932,42635
20202205,2020,Louisiana,5,West South Central,South,743209,272564,61494,42155
20202206,2020,Louisiana,6,West South Central,South,795169,295318,88896,66147
20202301,2020,Maine,1,New England,Northeast,686598,292962,88094,68389
20202302,2020,Maine,2,New England,Northeast,654227,276589,67928,51585
20202401,2020,Maryland,1,South Atlantic,South,734056,278540,101661,78951
20202402,2020,Maryland,2,South Atlantic,South,768582,287666,93211,74999
20202403,2020,Maryland,3,South Atlantic,South,756291,290429,122310,93724
20202404,2020,Maryland,4,South Atlantic,South,755373,270886,111122,87556
20202405,2020,Maryland,5,South Atlantic,South,764867,264704,121772,104284
20202406,2020,Maryland,6,South Atlantic,South,770857,278087,115522,86077
20202407,2020,Maryland,7,South Atlantic,South,717953,275508,96953,65365
20202408,2020,Maryland,8,South Atlantic,South,769645,284707,150968,110108
20202501,2020,Massachusetts,1,New England,Northeast,727193,289670,82647,61444
20202502,2020,Massachusetts,2,New England,Northeast,749700,284701,98563,74432
20202503,2020,Massachusetts,3,New England,Northeast,768471,281701,110433,83233
20202504,2020,Massachusetts,4,New England,Northeast,760391,282122,147783,104781
20202505,2020,Massachusetts,5,New England,Northeast,771266,299799,143232,104727
20202506,2020,Massachusetts,6,New England,Northeast,773421,295575,125823,94965
20202507,2020,Massachusetts,7,New England,Northeast,808106,305949,104737,73201
20202508,2020,Massachusetts,8,New England,Northeast,770058,304078,127675,97583
20202509,2020,Massachusetts,9,New England,Northeast,744397,303385,102680,76031
20202601,2020,Michigan,1,East North Central,Midwest,697635,296643,69156,52480
20202602,2020,Michigan,2,East North Central,Midwest,742674,279861,77005,60728
20202603,2020,Michigan,3,East North Central,Midwest,747357,283238,85751,64059
20202604,2020,Michigan,4,East North Central,Midwest,701523,277326,72129,53585
20202605,2020,Michigan,5,East North Central,Midwest,674536,286282,65045,47747
20202606,2020,Michigan,6,East North Central,Midwest,720391,285776,77635,57413
20202607,2020,Michigan,7,East North Central,Midwest,706645,279428,80833,62612
20202608,2020,Michigan,8,East North Central,Midwest,741973,284410,99242,74904
20202609,2020,Michigan,9,East North Central,Midwest,715687,301721,85325,63023
20202610,2020,Michigan,10,East North Central,Midwest,720318,287965,85897,67189
20202611,2020,Michigan,11,East North Central,Midwest,733525,291884,116116,88023
20202612,2020,Michigan,12,East North Central,Midwest,710072,280068,85896,62489
20202613,2020,Michigan,13,East North Central,Midwest,672793,269191,51960,37601
20202614,2020,Michigan,14,East North Central,Midwest,688778,276615,76768,49537
20202701,2020,Minnesota,1,West North Central,Midwest,677943,271984,84523,66004
20202702,2020,Minnesota,2,West North Central,Midwest,710272,265904,109691,89327
20202703,2020,Minnesota,3,West North Central,Midwest,722911,282121,132426,96454
20202704,2020,Minnesota,4,West North Central,Midwest,715331,272961,100880,74059
20202705,2020,Minnesota,5,West North Central,Midwest,717702,302948,94446,68727
20202706,2020,Minnesota,6,West North Central,Midwest,720083,259947,100940,84287
20202707,2020,Minnesota,7,West North Central,Midwest,666735,272693,75753,59870
20202708,2020,Minnesota,8,West North Central,Midwest,669189,279430,75878,60014
20202801,2020,Mississippi,1,East South Central,South,765835,282214,67272,50629
20202802,2020,Mississippi,2,East South Central,South,694447,256076,55305,37410
20202803,2020,Mississippi,3,East South Central,South,748342,284758,70045,48554
20202804,2020,Mississippi,4,East South Central,South,773211,293601,66972,49110
20202901,2020,Missouri,1,West North Central,Midwest,725037,316874,69203,49292
20202902,2020,Missouri,2,West North Central,Midwest,762478,307864,120053,86997
20202903,2020,Missouri,3,West North Central,Midwest,796189,301550,85067,68934
20202904,2020,Missouri,4,West North Central,Midwest,771796,294640,70495,53534
20202905,2020,Missouri,5,West North Central,Midwest,773768,323439,72819,54220
20202906,2020,Missouri,6,West North Central,Midwest,775367,291782,81260,63260
20202907,2020,Missouri,7,West North Central,Midwest,782474,315742,66415,49707
20202908,2020,Missouri,8,West North Central,Midwest,737051,288321,59881,44753
20203000,2020,Montana,0,Mountain,West,1061705,436048,76834,56539
20203101,2020,Nebraska,1,West North Central,Midwest,649058,257762,80672,63429
20203102,2020,Nebraska,2,West North Central,Midwest,675243,261090,94366,70597
20203103,2020,Nebraska,3,West North Central,Midwest,599525,247811,71299,55693
20203201,2020,Nevada,1,Mountain,West,701019,257198,60464,43461
20203202,2020,Nevada,2,Mountain,West,725776,289075,90059,67282
20203203,2020,Nevada,3,Mountain,West,835738,317351,102015,75965
20203204,2020,Nevada,4,Mountain,West,767748,266387,80174,62048
20203301,2020,New Hampshire,1,New England,Northeast,684286,274522,102727,78400
20203302,2020,New Hampshire,2,New England,Northeast,670958,264594,99802,77432
20203401,2020,New Jersey,1,Middle Atlantic,Northeast,725464,273999,96026,73538
20203402,2020,New Jersey,2,Middle Atlantic,Northeast,712096,270159,92846,68412
20203403,2020,New Jersey,3,Middle Atlantic,Northeast,740858,285944,110110,85077
20203404,2020,New Jersey,4,Middle Atlantic,Northeast,742779,273411,125076,90852
20203405,2020,New Jersey,5,Middle Atlantic,Northeast,735376,266535,146965,109901
20203406,2020,New Jersey,6,Middle Atlantic,Northeast,733029,256874,113128,89001
20203407,2020,New Jersey,7,Middle Atlantic,Northeast,738017,269370,163679,118554
20203408,2020,New Jersey,8,Middle Atlantic,Northeast,762224,287697,98626,65559
20203409,2020,New Jersey,9,Middle Atlantic,Northeast,753721,269031,103502,75395
20203410,2020,New Jersey,10,Middle Atlantic,Northeast,758408,274981,84897,58807
20203411,2020,New Jersey,11,Middle Atlantic,Northeast,735124,274026,157400,119624
20203412,2020,New Jersey,12,Middle Atlantic,Northeast,748322,270027,124340,91433
20203501,2020,New Mexico,1,Mountain,West,699637,281695,73610,53599
20203502,2020,New Mexico,2,Mountain,West,700971,252521,64226,46729
20203503,2020,New Mexico,3,Mountain,West,696413,258539,72446,52660
20203601,2020,New York,1,Middle Atlantic,Northeast,715479,249909,129804,101166
20203602,2020,New York,2,Middle Atlantic,Northeast,710764,225709,128937,108089
20203603,2020,New York,3,Middle Atlantic,Northeast,727386,253192,175362,123412
20203604,2020,New York,4,Middle Atlantic,Northeast,722351,237721,144633,113902
20203605,2020,New York,5,Middle Atlantic,Northeast,768316,232637,96230,76306
20203606,2020,New York,6,Middle Atlantic,Northeast,729584,268643,92677,70694
20203607,2020,New York,7,Middle Atlantic,Northeast,721505,257614,102393,63974
20203608,2020,New York,8,Middle Atlantic,Northeast,773165,300840,87961,58878
20203609,2020,New York,9,Middle Atlantic,Northeast,720840,284750,95616,64635
20203610,2020,New York,10,Middle Atlantic,Northeast,732646,314389,178021,100737
20203611,2020,New York,11,Middle Atlantic,Northeast,729841,262414,102843,78735
20203612,2020,New York,12,Middle Atlantic,Northeast,721308,364349,185342,114058
20203613,2020,New York,13,Middle Atlantic,Northeast,759560,291619,71257,46570
20203614,2020,New York,14,Middle Atlantic,Northeast,686868,239693,81667,62988
20203615,2020,New York,15,Middle Atlantic,Northeast,735959,256867,48466,32582
20203616,2020,New York,16,Middle Atlantic,Northeast,745591,277365,123277,75001
20203617,2020,New York,17,Middle Atlantic,Northeast,740776,249862,145372,103638
20203618,2020,New York,18,Middle Atlantic,Northeast,724007,255212,119034,89324
20203619,2020,New York,19,Middle Atlantic,Northeast,697087,274214,88157,65877
20203620,2020,New York,20,Middle Atlantic,Northeast,726000,297170,92025,70506
20203621,2020,New York,21,Middle Atlantic,Northeast,700529,280872,76306,59058
20203622,2020,New York,22,Middle Atlantic,Northeast,692234,277553,74315,57414
20203623,2020,New York,23,Middle Atlantic,Northeast,691390,282872,71115,54138
20203624,2020,New York,24,Middle Atlantic,Northeast,702143,284220,80801,61396
20203625,2020,New York,25,Middle Atlantic,Northeast,716440,294682,83152,61516
20203626,2020,New York,26,Middle Atlantic,Northeast,707963,309548,71494,52796
20203627,2020,New York,27,Middle Atlantic,Northeast,715117,293308,88343,67705
20203701,2020,North Carolina,1,South Atlantic,South,760016,301542,67496,47009
20203702,2020,North Carolina,2,South Atlantic,South,865706,310785,97034,73565
20203703,2020,North Carolina,3,South Atlantic,South,760373,297319,69180,53153
20203704,2020,North Carolina,4,South Atlantic,South,866455,336166,105541,76451
20203705,2020,North Carolina,5,South Atlantic,South,761079,304931,71048,50083
20203706,2020,North Carolina,6,South Atlantic,South,777809,305649,73800,53515
20203707,2020,North Carolina,7,South Atlantic,South,807268,321712,72231,52578
20203708,2020,North Carolina,8,South Atlantic,South,798557,298020,74672,55544
20203709,2020,North Carolina,9,South Atlantic,South,788078,287573,99605,64457
20203710,2020,North Carolina,10,South Atlantic,South,765741,303052,70604,51889
20203711,2020,North Carolina,11,South Atlantic,South,765533,315474,67562,49951
20203712,2020,North Carolina,12,South Atlantic,South,885774,339656,88198,63457
20203713,2020,North Carolina,13,South Atlantic,South,783838,309713,75602,54171
20203800,2020,North Dakota,0,West North Central,Midwest,760394,320873,85506,65315
20203901,2020,Ohio,1,East North Central,Midwest,747788,297416,89322,62488
20203902,2020,Ohio,2,East North Central,Midwest,729324,300567,86831,61573
20203903,2020,Ohio,3,East North Central,Midwest,797029,311470,66138,50777
20203904,2020,Ohio,4,East North Central,Midwest,710636,281504,72171,57000
20203905,2020,Ohio,5,East North Central,Midwest,722437,292705,80892,62037
20203906,2020,Ohio,6,East North Central,Midwest,692579,275857,66402,50613
20203907,2020,Ohio,7,East North Central,Midwest,731042,284526,73988,58946
20203908,2020,Ohio,8,East North Central,Midwest,732249,280708,79601,62662
20203909,2020,Ohio,9,East North Central,Midwest,704685,304086,63517,46338
20203910,2020,Ohio,10,East North Central,Midwest,723673,303007,75694,56257
20203911,2020,Ohio,11,East North Central,Midwest,686269,307663,65105,40179
20203912,2020,Ohio,12,East North Central,Midwest,789894,298333,103510,77048
20203913,2020,Ohio,13,East North Central,Midwest,705582,302948,62407,47550
20203914,2020,Ohio,14,East North Central,Midwest,715868,289564,96679,70585
20203915,2020,Ohio,15,East North Central,Midwest,768439,294083,87286,67364
20203916,2020,Ohio,16,East North Central,Midwest,717781,292789,92223,70976
20204001,2020,Oklahoma,1,West South Central,South,806758,313057,82691,58084
20204002,2020,Oklahoma,2,West South Central,South,749583,285320,60389,45165
20204003,2020,Oklahoma,3,West South Central,South,778830,284172,71242,53724
20204004,2020,Oklahoma,4,West South Central,South,792809,296206,75745,59180
20204005,2020,Oklahoma,5,West South Central,South,821362,314814,79465,54297
20204101,2020,Oregon,1,Pacific,West,851961,326358,105515,81705
20204102,2020,Oregon,2,Pacific,West,828446,330941,76436,57156
20204103,2020,Oregon,3,Pacific,West,843221,338297,95143,71652
20204104,2020,Oregon,4,Pacific,West,813504,332902,72223,54164
20204105,2020,Oregon,5,Pacific,West,839214,314081,91728,67908
20204201,2020,Pennsylvania,1,Middle Atlantic,Northeast,709715,271717,120983,92187
20204202,2020,Pennsylvania,2,Middle Atlantic,Northeast,741380,264057,65626,47410
20204203,2020,Pennsylvania,3,Middle Atlantic,Northeast,721131,304812,79512,50541
20204204,2020,Pennsylvania,4,Middle Atlantic,Northeast,730845,282784,125789,92122
20204205,2020,Pennsylvania,5,Middle Atlantic,Northeast,717928,266763,104242,72031
20204206,2020,Pennsylvania,6,Middle Atlantic,Northeast,731115,270699,122376,87682
20204207,2020,Pennsylvania,7,Middle Atlantic,Northeast,730122,276604,91635,68784
20204208,2020,Pennsylvania,8,Middle Atlantic,Northeast,694063,277618,73622,56379
20204209,2020,Pennsylvania,9,Middle Atlantic,Northeast,705602,278820,77241,61156
20204210,2020,Pennsylvania,10,Middle Atlantic,Northeast,736031,295670,86319,66783
20204211,2020,Pennsylvania,11,Middle Atlantic,Northeast,735086,278822,88371,70750
20204212,2020,Pennsylvania,12,Middle Atlantic,Northeast,696809,273311,72815,55878
20204213,2020,Pennsylvania,13,Middle Atlantic,Northeast,695441,283162,72542,56691
20204214,2020,Pennsylvania,14,Middle Atlantic,Northeast,685084,291642,78641,60285
20204215,2020,Pennsylvania,15,Middle Atlantic,Northeast,677288,280249,67062,52492
20204216,2020,Pennsylvania,16,Middle Atlantic,Northeast,684242,283568,73682,55022
20204217,2020,Pennsylvania,17,Middle Atlantic,Northeast,709873,310104,95869,70243
20204218,2020,Pennsylvania,18,Middle Atlantic,Northeast,693130,316199,77138,54803
20204401,2020,Rhode Island,1,New England,Northeast,532603,206971,90262,64903
20204402,2020,Rhode Island,2,New England,Northeast,525195,207759,94584,75462
20204501,2020,South Carolina,1,South Atlantic,South,804679,310345,100518,73078
20204502,2020,South Carolina,2,South Atlantic,South,724704,280474,81783,61096
20204503,2020,South Carolina,3,South Atlantic,South,698745,270004,69835,50123
20204504,2020,South Carolina,4,South Atlantic,South,739881,285010,81770,59065
20204505,2020,South Carolina,5,South Atlantic,South,729840,278936,75008,55760
20204506,2020,South Carolina,6,South Atlantic,South,662925,251453,55878,40022
20204507,2020,South Carolina,7,South Atlantic,South,730743,285259,65101,47325
20204600,2020,South Dakota,0,West North Central,Midwest,879336,347878,77932,59896
20204701,2020,Tennessee,1,East South Central,South,720629,294526,63449,45929
20204702,2020,Tennessee,2,East South Central,South,754370,302242,78987,57100
20204703,2020,Tennessee,3,East South Central,South,736098,296412,73807,52322
20204704,2020,Tennessee,4,East South Central,South,800304,295323,74093,57223
20204705,2020,Tennessee,5,East South Central,South,773359,320066,87645,62029
20204706,2020,Tennessee,6,East South Central,South,786772,300505,76387,58066
20204707,2020,Tennessee,7,East South Central,South,789106,287996,88955,61545
20204708,2020,Tennessee,8,East South Central,South,708450,269814,88264,60828
20204709,2020,Tennessee,9,East South Central,South,703180,272571,59845,42420
20204801,2020,Texas,1,West South Central,South,722673,257901,72439,52977
20204802,2020,Texas,2,West South Central,South,809751,294298,113634,80433
20204803,2020,Texas,3,West South Central,South,896996,318388,129607,100748
20204804,2020,Texas,4,West South Central,South,765400,277506,81565,60232
20204805,2020,Texas,5,West South Central,South,758131,257706,76710,56161
20204806,2020,Texas,6,West South Central,South,802430,271773,91834,73376
20204807,2020,Texas,7,West South Central,South,793324,306186,123146,75013
20204808,2020,Texas,8,West South Central,South,879149,301885,106335,75741
20204809,2020,Texas,9,West South Central,South,773209,266879,65891,50632
20204810,2020,Texas,10,West South Central,South,904588,320827,105852,81492
20204811,2020,Texas,11,West South Central,South,778607,276702,85394,61817
20204812,2020,Texas,12,West South Central,South,824946,298182,95689,73095
20204813,2020,Texas,13,West South Central,South,712033,259825,73178,54433
20204814,2020,Texas,14,West South Central,South,757773,275816,88308,65011
20204815,2020,Texas,15,West South Central,South,794094,233079,66326,48029
20204816,2020,Texas,16,West South Central,South,740915,245983,66860,50016
20204817,2020,Texas,17,West South Central,South,790135,289563,76771,56681
20204818,2020,Texas,18,West South Central,South,789793,276040,76623,49250
20204819,2020,Texas,19,West South Central,South,731230,263351,72177,52838
20204820,2020,Texas,20,West South Central,South,823263,258813,70267,54147
20204821,2020,Texas,21,West South Central,South,826791,329330,105447,74619
20204822,2020,Texas,22,West South Central,South,941210,304456,125188,99747
20204823,2020,Texas,23,West South Central,South,767109,234460,80194,57748
20204824,2020,Texas,24,West South Central,South,813614,321146,110315,78388
20204825,2020,Texas,25,West South Central,South,804296,284790,109691,76155
20204826,2020,Texas,26,West South Central,South,901361,304145,122172,96247
20204827,2020,Texas,27,West South Central,South,740663,265150,75758,56877
20204828,2020,Texas,28,West South Central,South,759810,222112,69322,51818
20204829,2020,Texas,29,West South Central,South,739994,224754,60865,47194
20204830,2020,Texas,30,West South Central,South,788685,273749,69246,51980
20204831,2020,Texas,31,West South Central,South,884928,300298,95789,75585
20204832,2020,Texas,32,West South Central,South,780503,299393,120720,77710
20204833,2020,Texas,33,West South Central,South,738970,226076,57926,45539
20204834,2020,Texas,34,West South Central,South,719488,218063,58853,42014
20204835,2020,Texas,35,West South Central,South,830798,282375,70133,53755
20204836,2020,Texas,36,West South Central,South,748782,265070,84172,62581
20204901,2020,Utah,1,Mountain,West,773796,246151,91718,74194
20204902,2020,Utah,2,Mountain,West,781231,266281,88047,67049
20204903,2020,Utah,3,Mountain,West,770532,234333,103776,77315
20204904,2020,Utah,4,Mountain,West,825680,256580,95206,78557
20205000,2020,Vermont,0,New England,Northeast,624340,262852,83767,63477
20205101,2020,Virginia,1,South Atlantic,South,800745,283755,112076,91248
20205102,2020,Virginia,2,South Atlantic,South,739205,279691,96614,73446
20205103,2020,Virginia,3,South Atlantic,South,740270,287441,76650,57954
20205104,2020,Virginia,4,South Atlantic,South,775135,291577,84151,62263
20205105,2020,Virginia,5,South Atlantic,South,739280,293043,82323,58557
20205106,2020,Virginia,6,South Atlantic,South,756347,293164,77296,57285
20205107,2020,Virginia,7,South Atlantic,South,798194,295003,112011,82539
20205108,2020,Virginia,8,South Atlantic,South,800273,323347,146933,111224
20205109,2020,Virginia,9,South Atlantic,South,705034,282502,62967,46258
20205110,2020,Virginia,10,South Atlantic,South,853906,281697,169081,132276
20205111,2020,Virginia,11,South Atlantic,South,800969,272901,144529,117382
20205301,2020,Washington,1,Pacific,West,768331,284618,132758,103010
20205302,2020,Washington,2,Pacific,West,753529,295960,94181,74591
20205303,2020,Washington,3,Pacific,West,743780,282693,88998,69543
20205304,2020,Washington,4,Pacific,West,732957,250401,79084,60819
20205305,2020,Washington,5,Pacific,West,724483,289546,77985,58180
20205306,2020,Washington,6,Pacific,West,719626,293222,90012,68891
20205307,2020,Washington,7,Pacific,West,798799,365257,133081,97596
20205308,2020,Washington,8,Pacific,West,758134,273012,119066,92544
20205309,2020,Washington,9,Pacific,West,750506,286242,123711,86397
20205310,2020,Washington,10,Pacific,West,762320,284871,88186,72416
20205401,2020,West Virginia,1,South Atlantic,South,608716,243677,67979,50195
20205402,2020,West Virginia,2,South Atlantic,South,621458,250431,71332,53227
20205403,2020,West Virginia,3,South Atlantic,South,577252,240127,56387,40913
20205501,2020,Wisconsin,1,East North Central,Midwest,719909,284440,88381,69400
20205502,2020,Wisconsin,2,East North Central,Midwest,768381,318062,92319,71155
20205503,2020,Wisconsin,3,East North Central,Midwest,723425,292757,75259,59034
20205504,2020,Wisconsin,4,East North Central,Midwest,708155,279884,66176,47062
20205505,2020,Wisconsin,5,East North Central,Midwest,727631,297968,99048,75266
20205506,2020,Wisconsin,6,East North Central,Midwest,714867,297865,81484,63036
20205507,2020,Wisconsin,7,East North Central,Midwest,711161,303955,76099,59113
20205508,2020,Wisconsin,8,East North Central,Midwest,733446,303004,81909,64822
20205600,2020,Wyoming,0,Mountain,West,581348,233231,83583,65304
20210101,2021,Alabama,1,East South Central,South,722794,273714,74294,53606
20210102,2021,Alabama,2,East South Central,South,689681,261086,70661,52194
20210103,2021,Alabama,3,East South Central,South,731482,276015,71488,53090
20210104,2021,Alabama,4,East South Central,South,702255,262114,68118,50931
20210105,2021,Alabama,5,East South Central,South,751690,299901,86342,63180
20210106,2021,Alabama,6,East South Central,South,731505,276060,101416,73619
20210107,2021,Alabama,7,East South Central,South,668268,254093,57661,40677
20210200,2021,Alaska,0,Pacific,West,735951,260561,103258,80287
20210401,2021,Arizona,1,Mountain,West,758861,267409,79627,60420
20210402,2021,Arizona,2,Mountain,West,729613,309873,80844,59161
20210403,2021,Arizona,3,Mountain,West,780580,254367,71185,56106
20210404,2021,Arizona,4,Mountain,West,796390,327729,75497,57895
20210405,2021,Arizona,5,Mountain,West,860467,315115,111041,86858
20210406,2021,Arizona,6,Mountain,West,769040,326265,120264,81090
20210407,2021,Arizona,7,Mountain,West,792891,251541,68381,52167
20210408,2021,Arizona,8,Mountain,West,821009,309773,96247,77153
20210409,2021,Arizona,9,Mountain,West,770352,321485,94118,67359
20210501,2021,Arkansas,1,West South Central,South,717868,274351,63854,46235
20210502,2021,Arkansas,2,West South Central,South,767099,306352,79195,55764
20210503,2021,Arkansas,3,West South Central,South,831156,314108,84458,59029
20210504,2021,Arkansas,4,West South Central,South,690186,263649,63186,46300
20210601,2021,California,1,Pacific,West,708366,274947,85319,61337
20210602,2021,California,2,Pacific,West,722327,279332,134586,86108
20210603,2021,California,3,Pacific,West,757414,254498,100499,77120
20210604,2021,California,4,Pacific,West,760658,291507,117280,87963
20210605,2021,California,5,Pacific,West,728345,268711,117449,89372
20210606,2021,California,6,Pacific,West,781387,284922,88081,66518
20210607,2021,California,7,Pacific,West,778765,272889,111028,87335
20210608,2021,California,8,Pacific,West,749184,240121,80209,60500
20210609,2021,California,9,Pacific,West,796370,243866,102045,78431
20210610,2021,California,10,Pacific,West,764549,240615,95702,74420
20210611,2021,California,11,Pacific,West,767298,274210,153679,106592
20210612,2021,California,12,Pacific,West,757251,326916,180404,127278
20210613,2021,California,13,Pacific,West,772203,291910,133326,92969
20210614,2021,California,14,Pacific,West,747495,257027,179417,129943
20210615,2021,California,15,Pacific,West,796865,259140,165092,130999
20210616,2021,California,16,Pacific,West,747131,216895,71202,52403
20210617,2021,California,17,Pacific,West,780242,262711,191411,154511
20210618,2021,California,18,Pacific,West,744528,271570,226986,157239
20210619,2021,California,19,Pacific,West,754007,230080,153707,116609
20210620,2021,California,20,Pacific,West,744111,231273,117089,85614
20210621,2021,California,21,Pacific,West,710344,187994,66126,50309
20210622,2021,California,22,Pacific,West,786891,251664,94557,70290
20210623,2021,California,23,Pacific,West,771198,252638,87752,65784
20210624,2021,California,24,Pacific,West,739183,258577,114553,83503
20210625,2021,California,25,Pacific,West,745689,231451,112366,87671
20210626,2021,California,26,Pacific,West,722958,231509,124217,93176
20210627,2021,California,27,Pacific,West,708388,244957,123166,89708
20210628,2021,California,28,Pacific,West,704354,299368,117286,76855
20210629,2021,California,29,Pacific,West,703638,210643,84163,64066
20210630,2021,California,30,Pacific,West,761222,280014,129994,91231
20210631,2021,California,31,Pacific,West,754741,228449,95980,73754
20210632,2021,California,32,Pacific,West,705766,198296,99037,79816
20210633,2021,California,33,Pacific,West,709488,293803,191721,122270
20210634,2021,California,34,Pacific,West,716495,256988,79249,54103
20210635,2021,California,35,Pacific,West,739237,201393,88554,73377
20210636,2021,California,36,Pacific,West,747370,280032,85203,57732
20210637,2021,California,37,Pacific,West,712613,274095,106141,70976
20210638,2021,California,38,Pacific,West,711540,207000,101692,83143
20210639,2021,California,39,Pacific,West,733331,232129,128637,100743
20210640,2021,California,40,Pacific,West,700867,180557,73508,56942
20210641,2021,California,41,Pacific,West,752956,196146,93721,75638
20210642,2021,California,42,Pacific,West,820055,236660,120437,97618
20210643,2021,California,43,Pacific,West,733353,240921,95879,70542
20210644,2021,California,44,Pacific,West,714444,192522,81263,62974
20210645,2021,California,45,Pacific,West,806990,286983,150911,116789
20210646,2021,California,46,Pacific,West,710498,191709,95190,77248
20210647,2021,California,47,Pacific,West,714590,249465,103664,78632
20210648,2021,California,48,Pacific,West,718069,271004,149144,105309
20210649,2021,California,49,Pacific,West,735611,255138,146560,104696
20210650,2021,California,50,Pacific,West,752367,249990,108710,85615
20210651,2021,California,51,Pacific,West,724859,203166,74233,56635
20210652,2021,California,52,Pacific,West,757448,290187,144851,108946
20210653,2021,California,53,Pacific,West,770304,278998,109642,86816
20210801,2021,Colorado,1,Mountain,West,831812,365413,114270,80246
20210802,2021,Colorado,2,Mountain,West,822288,332258,123453,91259
20210803,2021,Colorado,3,Mountain,West,755131,298167,83995,62171
20210804,2021,Colorado,4,Mountain,West,858938,310779,110725,85817
20210805,2021,Colorado,5,Mountain,West,824439,310409,95647,73982
20210806,2021,Colorado,6,Mountain,West,827989,302128,119025,91753
20210807,2021,Colorado,7,Mountain,West,802579,308778,102022,80980
20210901,2021,Connecticut,1,New England,Northeast,715324,286829,104826,80168
20210902,2021,Connecticut,2,New England,Northeast,702074,277185,108746,84124
20210903,2021,Connecticut,3,New England,Northeast,716576,279207,102482,76949
20210904,2021,Connecticut,4,New England,Northeast,745946,271637,177115,104774
20210905,2021,Connecticut,5,New England,Northeast,725410,282466,112156,78198
20211000,2021,Delaware,0,South Atlantic,South,981892,381097,97081,72724
20211198,2021,District of Columbia,98,South Atlantic,South,683154,310104,138421,93547
20211201,2021,Florida,1,South Atlantic,South,797259,308542,85755,64607
20211202,2021,Florida,2,South Atlantic,South,729598,279539,76319,55405
20211203,2021,Florida,3,South Atlantic,South,761626,283645,78155,56028
20211204,2021,Florida,4,South Atlantic,South,851023,328764,108503,79631
20211205,2021,Florida,5,South Atlantic,South,748057,285965,60396,45619
20211206,2021,Florida,6,South Atlantic,South,789744,325151,78133,58634
20211207,2021,Florida,7,South Atlantic,South,781734,297300,97274,70822
20211208,2021,Florida,8,South Atlantic,South,775458,310915,87971,63387
20211209,2021,Florida,9,South Atlantic,South,930697,299547,78110,58995
20211210,2021,Florida,10,South Atlantic,South,867042,284257,91715,63355
20211211,2021,Florida,11,South Atlantic,South,805200,344777,70521,54163
20211212,2021,Florida,12,South Atlantic,South,798316,324612,83940,60121
20211213,2021,Florida,13,South Atlantic,South,725783,313263,85842,59761
20211214,2021,Florida,14,South Atlantic,South,788149,309814,93882,61291
20211215,2021,Florida,15,South Atlantic,South,812631,296661,80572,61727
20211216,2021,Florida,16,South Atlantic,South,861259,343754,98031,69485
20211217,2021,Florida,17,South Atlantic,South,773890,318787,78683,56938
20211218,2021,Florida,18,South Atlantic,South,783441,312276,104271,69054
20211219,2021,Florida,19,South Atlantic,South,826628,343510,103877,66647
20211220,2021,Florida,20,South Atlantic,South,787098,268767,70887,52991
20211221,2021,Florida,21,South Atlantic,South,784165,311518,102934,67178
20211222,2021,Florida,22,South Atlantic,South,767612,322005,108700,71291
20211223,2021,Florida,23,South Atlantic,South,762612,290677,103716,72175
20211224,2021,Florida,24,South Atlantic,South,748479,257825,66609,47027
20211225,2021,Florida,25,South Atlantic,South,769234,261995,78889,58973
20211226,2021,Florida,26,South Atlantic,South,785278,246796,85457,65877
20211227,2021,Florida,27,South Atlantic,South,727749,286758,112683,65458
20211301,2021,Georgia,1,South Atlantic,South,752393,281101,79346,57940
20211302,2021,Georgia,2,South Atlantic,South,671948,247993,61121,43151
20211303,2021,Georgia,3,South Atlantic,South,756277,275751,90605,68315
20211304,2021,Georgia,4,South Atlantic,South,768431,267845,81972,63415
20211305,2021,Georgia,5,South Atlantic,South,778225,328852,98538,61917
20211306,2021,Georgia,6,South Atlantic,South,757644,296099,145838,104703
20211307,2021,Georgia,7,South Atlantic,South,854516,284233,111166,83800
20211308,2021,Georgia,8,South Atlantic,South,715067,261165,72488,53827
20211309,2021,Georgia,9,South Atlantic,South,770045,276503,85341,64024
20211310,2021,Georgia,10,South Atlantic,South,765152,272189,87287,64359
20211311,2021,Georgia,11,South Atlantic,South,788712,297944,116001,84218
20211312,2021,Georgia,12,South Atlantic,South,734110,253825,71720,51850
20211313,2021,Georgia,13,South Atlantic,South,788497,283862,84104,65738
20211314,2021,Georgia,14,South Atlantic,South,724598,258009,75096,58070
20211501,2021,Hawaii,1,Pacific,West,729555,247879,117186,91015
20211502,2021,Hawaii,2,Pacific,West,723943,230534,109143,84198
20211601,2021,Idaho,1,Mountain,West,941417,343114,85479,65134
20211602,2021,Idaho,2,Mountain,West,870200,313987,81918,61601
20211701,2021,Illinois,1,East North Central,Midwest,715763,276976,80684,60555
20211702,2021,Illinois,2,East North Central,Midwest,686546,257450,72892,56038
20211703,2021,Illinois,3,East North Central,Midwest,724550,253815,101478,77332
20211704,2021,Illinois,4,East North Central,Midwest,690373,234694,84520,63991
20211705,2021,Illinois,5,East North Central,Midwest,752522,314112,140312,94542
20211706,2021,Illinois,6,East North Central,Midwest,732738,270769,146369,111571
20211707,2021,Illinois,7,East North Central,Midwest,738479,318391,110707,67754
20211708,2021,Illinois,8,East North Central,Midwest,720276,260234,98532,80043
20211709,2021,Illinois,9,East North Central,Midwest,745865,301817,124901,83157
20211710,2021,Illinois,10,East North Central,Midwest,722961,259136,133546,90082
20211711,2021,Illinois,11,East North Central,Midwest,706594,249193,108584,85144
20211712,2021,Illinois,12,East North Central,Midwest,679543,271912,74411,56256
20211713,2021,Illinois,13,East North Central,Midwest,697929,282273,77045,56974
20211714,2021,Illinois,14,East North Central,Midwest,750475,267930,129028,104214
20211715,2021,Illinois,15,East North Central,Midwest,683592,271301,76805,59320
20211716,2021,Illinois,16,East North Central,Midwest,693820,275188,83604,66115
20211717,2021,Illinois,17,East North Central,Midwest,677247,280913,68369,52874
20211718,2021,Illinois,18,East North Central,Midwest,702540,284151,92568,71011
20211801,2021,Indiana,1,East North Central,Midwest,729457,280201,83220,64466
20211802,2021,Indiana,2,East North Central,Midwest,729091,273205,77369,59343
20211803,2021,Indiana,3,East North Central,Midwest,754959,291450,78639,61830
20211804,2021,Indiana,4,East North Central,Midwest,761534,293197,81598,64442
20211805,2021,Indiana,5,East North Central,Midwest,794485,312333,112263,78391
20211806,2021,Indiana,6,East North Central,Midwest,721972,284589,76086,60389
20211807,2021,Indiana,7,East North Central,Midwest,782178,306173,67564,50976
20211808,2021,Indiana,8,East North Central,Midwest,715129,286506,75345,56889
20211809,2021,Indiana,9,East North Central,Midwest,762535,294947,81319,64034
20211901,2021,Iowa,1,West North Central,Midwest,778247,314324,84108,65103
20211902,2021,Iowa,2,West North Central,Midwest,784135,313585,83271,62134
20211903,2021,Iowa,3,West North Central,Midwest,852016,338876,93570,72492
20211904,2021,Iowa,4,West North Central,Midwest,764692,309108,78054,61829
20212001,2021,Kansas,1,West North Central,Midwest,702619,271665,73346,55984
20212002,2021,Kansas,2,West North Central,Midwest,714255,283665,77139,59626
20212003,2021,Kansas,3,West North Central,Midwest,785916,303327,115153,85580
20212004,2021,Kansas,4,West North Central,Midwest,729309,281081,79900,60304
20212101,2021,Kentucky,1,East South Central,South,719030,276834,65670,49006
20212102,2021,Kentucky,2,East South Central,South,773346,294659,76024,56942
20212103,2021,Kentucky,3,East South Central,South,754909,313557,83828,60397
20212104,2021,Kentucky,4,East South Central,South,771347,290493,93622,70298
20212105,2021,Kentucky,5,East South Central,South,694860,259792,55291,38551
20212106,2021,Kentucky,6,East South Central,South,780649,313140,80960,58606
20212201,2021,Louisiana,1,West South Central,South,805369,312738,90280,64843
20212202,2021,Louisiana,2,West South Central,South,782637,298021,67053,44412
20212203,2021,Louisiana,3,West South Central,South,784283,295395,77062,55035
20212204,2021,Louisiana,4,West South Central,South,732845,275994,66682,44353
20212205,2021,Louisiana,5,West South Central,South,741889,264081,64705,43779
20212206,2021,Louisiana,6,West South Central,South,810282,302459,93305,69156
20212301,2021,Maine,1,New England,Northeast,699795,295987,95024,73004
20212302,2021,Maine,2,New England,Northeast,657251,275077,71960,54363
20212401,2021,Maryland,1,South Atlantic,South,741327,281866,108168,83880
20212402,2021,Maryland,2,South Atlantic,South,782892,297710,97360,77448
20212403,2021,Maryland,3,South Atlantic,South,762898,296534,128386,97847
20212404,2021,Maryland,4,South Atlantic,South,790373,287200,115919,91696
20212405,2021,Maryland,5,South Atlantic,South,786660,272235,129001,109642
20212406,2021,Maryland,6,South Atlantic,South,784464,287232,121377,90692
20212407,2021,Maryland,7,South Atlantic,South,718069,279650,101717,68441
20212408,2021,Maryland,8,South Atlantic,South,781862,291843,159622,116245
20212501,2021,Massachusetts,1,New England,Northeast,730273,293933,87437,64133
20212502,2021,Massachusetts,2,New England,Northeast,775094,295265,104416,79154
20212503,2021,Massachusetts,3,New England,Northeast,791898,294363,115354,86547
20212504,2021,Massachusetts,4,New England,Northeast,771803,288855,157407,110624
20212505,2021,Massachusetts,5,New England,Northeast,791364,309542,152377,110721
20212506,2021,Massachusetts,6,New England,Northeast,774573,299281,133252,101111
20212507,2021,Massachusetts,7,New England,Northeast,799546,308236,111466,77961
20212508,2021,Massachusetts,8,New England,Northeast,786564,313405,137058,103338
20212509,2021,Massachusetts,9,New England,Northeast,770737,311568,109241,80080
20212601,2021,Michigan,1,East North Central,Midwest,704864,292032,73575,55820
20212602,2021,Michigan,2,East North Central,Midwest,753783,283551,82232,65057
20212603,2021,Michigan,3,East North Central,Midwest,750350,284074,90566,67902
20212604,2021,Michigan,4,East North Central,Midwest,697813,273504,75880,56729
20212605,2021,Michigan,5,East North Central,Midwest,672455,279045,69620,51356
20212606,2021,Michigan,6,East North Central,Midwest,720211,285385,81627,61287
20212607,2021,Michigan,7,East North Central,Midwest,714616,279057,85473,66229
20212608,2021,Michigan,8,East North Central,Midwest,739057,286923,104258,79136
20212609,2021,Michigan,9,East North Central,Midwest,721023,305283,90268,66720
20212610,2021,Michigan,10,East North Central,Midwest,723323,285209,90396,71124
20212611,2021,Michigan,11,East North Central,Midwest,754129,299884,123057,93529
20212612,2021,Michigan,12,East North Central,Midwest,742875,289801,90317,65329
20212613,2021,Michigan,13,East North Central,Midwest,674752,259783,55682,40378
20212614,2021,Michigan,14,East North Central,Midwest,693261,273198,81475,53033
20212701,2021,Minnesota,1,West North Central,Midwest,687886,272419,90142,69752
20212702,2021,Minnesota,2,West North Central,Midwest,725672,271473,116227,94315
20212703,2021,Minnesota,3,West North Central,Midwest,732483,286627,137965,101064
20212704,2021,Minnesota,4,West North Central,Midwest,721898,280343,107739,78396
20212705,2021,Minnesota,5,West North Central,Midwest,728368,309621,100704,72686
20212706,2021,Minnesota,6,West North Central,Midwest,727471,265159,106459,88506
20212707,2021,Minnesota,7,West North Central,Midwest,672622,269159,80174,63314
20212708,2021,Minnesota,8,West North Central,Midwest,674072,274299,80436,63595
20212801,2021,Mississippi,1,East South Central,South,757560,283901,71889,53985
20212802,2021,Mississippi,2,East South Central,South,685584,249599,57579,39575
20212803,2021,Mississippi,3,East South Central,South,748808,284213,73297,51441
20212804,2021,Mississippi,4,East South Central,South,775071,290957,70396,51235
20212901,2021,Missouri,1,West North Central,Midwest,720952,314400,71909,51529
20212902,2021,Missouri,2,West North Central,Midwest,770323,311596,127713,92112
20212903,2021,Missouri,3,West North Central,Midwest,800026,303411,90241,73398
20212904,2021,Missouri,4,West North Central,Midwest,775737,294078,75038,56694
20212905,2021,Missouri,5,West North Central,Midwest,784962,326830,76541,57637
20212906,2021,Missouri,6,West North Central,Midwest,778899,292664,86808,67221
20212907,2021,Missouri,7,West North Central,Midwest,788437,315622,70997,52910
20212908,2021,Missouri,8,West North Central,Midwest,722198,275218,64305,48309
20213000,2021,Montana,0,Mountain,West,1077978,436481,82237,60560
20213101,2021,Nebraska,1,West North Central,Midwest,657029,257166,85879,66868
20213102,2021,Nebraska,2,West North Central,Midwest,693079,269593,100870,74752
20213103,2021,Nebraska,3,West North Central,Midwest,601372,240128,75231,58743
20213201,2021,Nevada,1,Mountain,West,688773,256112,63615,45483
20213202,2021,Nevada,2,Mountain,West,748896,292479,97028,72977
20213203,2021,Nevada,3,Mountain,West,840860,321325,107923,79844
20213204,2021,Nevada,4,Mountain,West,780709,272036,84275,65742
20213301,2021,New Hampshire,1,New England,Northeast,694723,276926,109284,84502
20213302,2021,New Hampshire,2,New England,Northeast,677452,263572,106775,82270
20213401,2021,New Jersey,1,Middle Atlantic,Northeast,748305,283336,101934,77735
20213402,2021,New Jersey,2,Middle Atlantic,Northeast,732891,277477,98128,71713
20213403,2021,New Jersey,3,Middle Atlantic,Northeast,753485,290503,116999,90408
20213404,2021,New Jersey,4,Middle Atlantic,Northeast,790796,287311,131140,95243
20213405,2021,New Jersey,5,Middle Atlantic,Northeast,747027,269977,155327,115768
20213406,2021,New Jersey,6,Middle Atlantic,Northeast,762161,267107,121103,94689
20213407,2021,New Jersey,7,Middle Atlantic,Northeast,757080,276187,173138,125465
20213408,2021,New Jersey,8,Middle Atlantic,Northeast,806843,309517,105928,69812
20213409,2021,New Jersey,9,Middle Atlantic,Northeast,785894,280649,109443,79452
20213410,2021,New Jersey,10,Middle Atlantic,Northeast,811105,293870,90748,63053
20213411,2021,New Jersey,11,Middle Atlantic,Northeast,757864,280525,166459,126661
20213412,2021,New Jersey,12,Middle Atlantic,Northeast,780573,280697,130508,95129
20213501,2021,New Mexico,1,Mountain,West,693653,285279,78049,56174
20213502,2021,New Mexico,2,Mountain,West,711510,253299,67284,49266
20213503,2021,New Mexico,3,Mountain,West,704203,259018,77225,56086
20213601,2021,New York,1,Middle Atlantic,Northeast,738752,256906,139319,106887
20213602,2021,New York,2,Middle Atlantic,Northeast,730154,229075,137126,114856
20213603,2021,New York,3,Middle Atlantic,Northeast,742196,255825,181958,129774
20213604,2021,New York,4,Middle Atlantic,Northeast,747392,240247,153301,121558
20213605,2021,New York,5,Middle Atlantic,Northeast,813708,238449,101533,80351
20213606,2021,New York,6,Middle Atlantic,Northeast,760652,276069,98963,74575
20213607,2021,New York,7,Middle Atlantic,Northeast,752935,260961,110967,68032
20213608,2021,New York,8,Middle Atlantic,Northeast,818072,305209,93768,62483
20213609,2021,New York,9,Middle Atlantic,Northeast,757933,287825,103637,68747
20213610,2021,New York,10,Middle Atlantic,Northeast,763710,319921,186170,103575
20213611,2021,New York,11,Middle Atlantic,Northeast,761248,266579,108054,81867
20213612,2021,New York,12,Middle Atlantic,Northeast,741461,369219,196064,120915
20213613,2021,New York,13,Middle Atlantic,Northeast,780893,295030,75704,48638
20213614,2021,New York,14,Middle Atlantic,Northeast,717057,246243,87105,66714
20213615,2021,New York,15,Middle Atlantic,Northeast,755887,263791,50707,34252
20213616,2021,New York,16,Middle Atlantic,Northeast,774781,286870,132435,79013
20213617,2021,New York,17,Middle Atlantic,Northeast,761994,254144,153446,109618
20213618,2021,New York,18,Middle Atlantic,Northeast,743362,259267,125392,94053
20213619,2021,New York,19,Middle Atlantic,Northeast,701650,271304,94973,70565
20213620,2021,New York,20,Middle Atlantic,Northeast,743851,306102,96889,75361
20213621,2021,New York,21,Middle Atlantic,Northeast,708621,282208,80137,62887
20213622,2021,New York,22,Middle Atlantic,Northeast,697709,276543,78485,59751
20213623,2021,New York,23,Middle Atlantic,Northeast,694520,280209,75553,57407
20213624,2021,New York,24,Middle Atlantic,Northeast,716288,287598,85015,64433
20213625,2021,New York,25,Middle Atlantic,Northeast,730626,301561,88264,65722
20213626,2021,New York,26,Middle Atlantic,Northeast,738583,318935,75194,55738
20213627,2021,New York,27,Middle Atlantic,Northeast,720710,294060,92968,71541
20213701,2021,North Carolina,1,South Atlantic,South,741907,295986,72258,50212
20213702,2021,North Carolina,2,South Atlantic,South,892874,324286,103592,78555
20213703,2021,North Carolina,3,South Atlantic,South,752206,295793,73278,56212
20213704,2021,North Carolina,4,South Atlantic,South,867309,340883,110698,80354
20213705,2021,North Carolina,5,South Atlantic,South,756848,301782,74576,52773
20213706,2021,North Carolina,6,South Atlantic,South,789755,307689,78926,57137
20213707,2021,North Carolina,7,South Atlantic,South,772968,313218,77872,56624
20213708,2021,North Carolina,8,South Atlantic,South,805788,296509,79295,59198
20213709,2021,North Carolina,9,South Atlantic,South,764664,277350,107439,69676
20213710,2021,North Carolina,10,South Atlantic,South,769560,303529,75613,55461
20213711,2021,North Carolina,11,South Atlantic,South,766426,311070,72262,52667
20213712,2021,North Carolina,12,South Atlantic,South,895417,354514,93996,66749
20213713,2021,North Carolina,13,South Atlantic,South,791300,312075,79662,57508
20213800,2021,North Dakota,0,West North Central,Midwest,773344,316542,89443,68131
20213901,2021,Ohio,1,East North Central,Midwest,763591,301517,94766,67294
20213902,2021,Ohio,2,East North Central,Midwest,732156,300260,91246,65340
20213903,2021,Ohio,3,East North Central,Midwest,804631,323167,70629,53818
20213904,2021,Ohio,4,East North Central,Midwest,715108,282202,77143,60187
20213905,2021,Ohio,5,East North Central,Midwest,728981,293505,86191,65721
20213906,2021,Ohio,6,East North Central,Midwest,689093,271252,70407,53167
20213907,2021,Ohio,7,East North Central,Midwest,737294,287368,78717,62453
20213908,2021,Ohio,8,East North Central,Midwest,742413,284818,83922,65725
20213909,2021,Ohio,9,East North Central,Midwest,707993,302662,67139,49073
20213910,2021,Ohio,10,East North Central,Midwest,727632,302330,80214,60211
20213911,2021,Ohio,11,East North Central,Midwest,690420,306074,69632,43082
20213912,2021,Ohio,12,East North Central,Midwest,801233,309737,110120,82486
20213913,2021,Ohio,13,East North Central,Midwest,703031,299607,66051,50500
20213914,2021,Ohio,14,East North Central,Midwest,726849,293415,103364,75337
20213915,2021,Ohio,15,East North Central,Midwest,764503,296909,93487,72124
20213916,2021,Ohio,16,East North Central,Midwest,734995,299338,97354,75265
20214001,2021,Oklahoma,1,West South Central,South,822185,319523,86103,61601
20214002,2021,Oklahoma,2,West South Central,South,726329,271647,64095,47813
20214003,2021,Oklahoma,3,West South Central,South,783317,289538,75344,57700
20214004,2021,Oklahoma,4,West South Central,South,797930,301526,79525,61545
20214005,2021,Oklahoma,5,West South Central,South,818375,321634,82842,57157
20214101,2021,Oregon,1,Pacific,West,856074,332030,112480,86649
20214102,2021,Oregon,2,Pacific,West,843033,331542,81887,61570
20214103,2021,Oregon,3,Pacific,West,844479,341554,101456,76658
20214104,2021,Oregon,4,Pacific,West,818485,335899,77026,57728
20214105,2021,Oregon,5,Pacific,West,845106,317066,97444,72367
20214201,2021,Pennsylvania,1,Middle Atlantic,Northeast,728310,277151,128681,98257
20214202,2021,Pennsylvania,2,Middle Atlantic,Northeast,741528,275453,70308,50539
20214203,2021,Pennsylvania,3,Middle Atlantic,Northeast,736685,323890,84695,54143
20214204,2021,Pennsylvania,4,Middle Atlantic,Northeast,750478,289823,133888,97690
20214205,2021,Pennsylvania,5,Middle Atlantic,Northeast,728014,275100,110624,76124
20214206,2021,Pennsylvania,6,Middle Atlantic,Northeast,748941,278928,128176,92406
20214207,2021,Pennsylvania,7,Middle Atlantic,Northeast,742270,282170,96741,72587
20214208,2021,Pennsylvania,8,Middle Atlantic,Northeast,711220,279899,77591,59999
20214209,2021,Pennsylvania,9,Middle Atlantic,Northeast,706475,275380,82519,64948
20214210,2021,Pennsylvania,10,Middle Atlantic,Northeast,754965,301364,91545,70886
20214211,2021,Pennsylvania,11,Middle Atlantic,Northeast,744465,282431,93402,74768
20214212,2021,Pennsylvania,12,Middle Atlantic,Northeast,688872,263723,76608,58714
20214213,2021,Pennsylvania,13,Middle Atlantic,Northeast,696156,277539,76460,60107
20214214,2021,Pennsylvania,14,Middle Atlantic,Northeast,690770,289684,83703,63950
20214215,2021,Pennsylvania,15,Middle Atlantic,Northeast,677635,269961,71460,55835
20214216,2021,Pennsylvania,16,Middle Atlantic,Northeast,688843,279041,78009,58317
20214217,2021,Pennsylvania,17,Middle Atlantic,Northeast,733477,312828,102646,75169
20214218,2021,Pennsylvania,18,Middle Atlantic,Northeast,701546,313418,82854,58735
20214401,2021,Rhode Island,1,New England,Northeast,551867,214901,96060,68969
20214402,2021,Rhode Island,2,New England,Northeast,540082,211868,99782,79584
20214501,2021,South Carolina,1,South Atlantic,South,802857,317535,106789,77020
20214502,2021,South Carolina,2,South Atlantic,South,717963,281048,86203,64315
20214503,2021,South Carolina,3,South Atlantic,South,700576,270550,73847,53484
20214504,2021,South Carolina,4,South Atlantic,South,752791,294859,86329,62354
20214505,2021,South Carolina,5,South Atlantic,South,727226,281283,79775,58828
20214506,2021,South Carolina,6,South Atlantic,South,653349,251431,59527,42470
20214507,2021,South Carolina,7,South Atlantic,South,724141,279741,69335,50463
20214600,2021,South Dakota,0,West North Central,Midwest,881785,345779,83175,63920
20214701,2021,Tennessee,1,East South Central,South,725183,293322,67839,48817
20214702,2021,Tennessee,2,East South Central,South,767016,306750,83675,60829
20214703,2021,Tennessee,3,East South Central,South,734250,294248,78908,55944
20214704,2021,Tennessee,4,East South Central,South,821348,304536,78803,61300
20214705,2021,Tennessee,5,East South Central,South,792617,324836,94635,65700
20214706,2021,Tennessee,6,East South Central,South,800493,307168,80626,61426
20214707,2021,Tennessee,7,East South Central,South,812291,295186,94250,65409
20214708,2021,Tennessee,8,East South Central,South,712769,269456,93993,64397
20214709,2021,Tennessee,9,East South Central,South,693530,269289,63529,44723
20214801,2021,Texas,1,West South Central,South,720481,260437,76845,56227
20214802,2021,Texas,2,West South Central,South,814155,297268,119329,84530
20214803,2021,Texas,3,West South Central,South,910097,327010,135187,104676
20214804,2021,Texas,4,West South Central,South,783941,285148,87200,64245
20214805,2021,Texas,5,West South Central,South,773738,268948,80596,59889
20214806,2021,Texas,6,West South Central,South,821592,280594,96693,76960
20214807,2021,Texas,7,West South Central,South,791353,305692,126926,77323
20214808,2021,Texas,8,West South Central,South,901501,312365,112450,80724
20214809,2021,Texas,9,West South Central,South,765963,270039,69015,52440
20214810,2021,Texas,10,West South Central,South,921341,333556,110862,85693
20214811,2021,Texas,11,West South Central,South,771174,289626,88916,65164
20214812,2021,Texas,12,West South Central,South,846301,312361,100615,76977
20214813,2021,Texas,13,West South Central,South,709295,261355,77280,57354
20214814,2021,Texas,14,West South Central,South,771651,281310,92767,69431
20214815,2021,Texas,15,West South Central,South,803835,242545,69255,50864
20214816,2021,Texas,16,West South Central,South,755415,256457,70703,52510
20214817,2021,Texas,17,West South Central,South,802448,297889,81439,60005
20214818,2021,Texas,18,West South Central,South,789886,280095,80561,51725
20214819,2021,Texas,19,West South Central,South,728159,268582,75939,55571
20214820,2021,Texas,20,West South Central,South,798649,280897,74374,57043
20214821,2021,Texas,21,West South Central,South,826193,346864,111675,78381
20214822,2021,Texas,22,West South Central,South,961113,315069,128686,103893
20214823,2021,Texas,23,West South Central,South,806245,263821,86517,63224
20214824,2021,Texas,24,West South Central,South,809110,325456,115955,82358
20214825,2021,Texas,25,West South Central,South,832621,299529,116419,81467
20214826,2021,Texas,26,West South Central,South,923492,323477,127912,101044
20214827,2021,Texas,27,West South Central,South,739341,269960,79064,59646
20214828,2021,Texas,28,West South Central,South,770051,237645,74200,56194
20214829,2021,Texas,29,West South Central,South,734456,225816,64332,49795
20214830,2021,Texas,30,West South Central,South,789297,275235,73718,55861
20214831,2021,Texas,31,West South Central,South,914699,334216,101607,80050
20214832,2021,Texas,32,West South Central,South,771112,297992,125975,80661
20214833,2021,Texas,33,West South Central,South,727423,226777,61778,48371
20214834,2021,Texas,34,West South Central,South,712253,220748,61358,44413
20214835,2021,Texas,35,West South Central,South,805089,298234,73321,56183
20214836,2021,Texas,36,West South Central,South,759111,266328,88043,65901
20214901,2021,Utah,1,Mountain,West,792511,251390,98370,78171
20214902,2021,Utah,2,Mountain,West,792727,271278,94556,71984
20214903,2021,Utah,3,Mountain,West,778400,237944,111699,82471
20214904,2021,Utah,4,Mountain,West,867732,273039,102059,84261
20215000,2021,Vermont,0,New England,Northeast,641637,262514,89820,67674
20215101,2021,Virginia,1,South Atlantic,South,816464,288922,118562,96772
20215102,2021,Virginia,2,South Atlantic,South,747365,286180,100611,77519
20215103,2021,Virginia,3,South Atlantic,South,752479,301156,80131,60376
20215104,2021,Virginia,4,South Atlantic,South,785406,304695,87487,65153
20215105,2021,Virginia,5,South Atlantic,South,741491,290340,87646,61856
20215106,2021,Virginia,6,South Atlantic,South,759456,297040,80074,60467
20215107,2021,Virginia,7,South Atlantic,South,811302,301519,113947,87403
20215108,2021,Virginia,8,South Atlantic,South,796645,329603,154614,116876
20215109,2021,Virginia,9,South Atlantic,South,698788,277266,65237,48429
20215110,2021,Virginia,10,South Atlantic,South,869926,289083,177217,139983
20215111,2021,Virginia,11,South Atlantic,South,803157,282724,151815,122500
20215301,2021,Washington,1,Pacific,West,778963,289046,144980,109851
20215302,2021,Washington,2,Pacific,West,758640,298601,100603,79553
20215303,2021,Washington,3,Pacific,West,762407,288843,95075,74610
20215304,2021,Washington,4,Pacific,West,744547,252309,84045,64790
20215305,2021,Washington,5,Pacific,West,742007,292140,82559,61935
20215306,2021,Washington,6,Pacific,West,729130,294391,96743,73806
20215307,2021,Washington,7,Pacific,West,787902,359523,143408,105480
20215308,2021,Washington,8,Pacific,West,772133,276674,129579,100245
20215309,2021,Washington,9,Pacific,West,765280,291125,133077,92847
20215310,2021,Washington,10,Pacific,West,776355,289189,94521,78157
20215401,2021,West Virginia,1,South Atlantic,South,604226,241166,72532,53134
20215402,2021,West Virginia,2,South Atlantic,South,621999,244718,75468,56286
20215403,2021,West Virginia,3,South Atlantic,South,574824,225468,59576,42763
20215501,2021,Wisconsin,1,East North Central,Midwest,725418,289530,94012,74404
20215502,2021,Wisconsin,2,East North Central,Midwest,783230,327931,97669,74891
20215503,2021,Wisconsin,3,East North Central,Midwest,731014,292687,79793,62477
20215504,2021,Wisconsin,4,East North Central,Midwest,696075,281732,69015,49504
20215505,2021,Wisconsin,5,East North Central,Midwest,732692,304145,103900,79849
20215506,2021,Wisconsin,6,East North Central,Midwest,725311,300308,85252,66072
20215507,2021,Wisconsin,7,East North Central,Midwest,729683,300285,81353,63440
20215508,2021,Wisconsin,8,East North Central,Midwest,748238,305200,88597,68745
20215600,2021,Wyoming,0,Mountain,West,576641,230653,87786,68002
20220101,2022,Alabama,1,East South Central,South,718903,276035,80900,58058
20220102,2022,Alabama,2,East South Central,South,714527,274258,79295,58193
20220103,2022,Alabama,3,East South Central,South,717658,275196,74510,55398
20220104,2022,Alabama,4,East South Central,South,717747,270389,72599,54500
20220105,2022,Alabama,5,East South Central,South,720871,287649,97436,71270
20220106,2022,Alabama,6,East South Central,South,711393,273202,108507,77689
20220107,2022,Alabama,7,East South Central,South,726993,276421,67113,46429
20220200,2022,Alaska,0,Pacific,West,734821,264376,110602,86370
20220401,2022,Arizona,1,Mountain,West,789173,351789,138267,91347
20220402,2022,Arizona,2,Mountain,West,798999,299547,80238,61654
20220403,2022,Arizona,3,Mountain,West,807937,258344,78691,59798
20220404,2022,Arizona,4,Mountain,West,801287,321610,96698,74362
20220405,2022,Arizona,5,Mountain,West,787758,281247,125850,100927
20220406,2022,Arizona,6,Mountain,West,784933,331051,97710,72511
20220407,2022,Arizona,7,Mountain,West,806472,284579,71281,54086
20220408,2022,Arizona,8,Mountain,West,784453,312395,98264,75676
20220409,2022,Arizona,9,Mountain,West,811270,298574,90981,72222
20220501,2022,Arkansas,1,West South Central,South,754109,290692,68697,49729
20220502,2022,Arkansas,2,West South Central,South,751268,305802,86181,60314
20220503,2022,Arkansas,3,West South Central,South,758572,286519,95608,67342
20220504,2022,Arkansas,4,West South Central,South,754720,288681,67689,49447
20220601,2022,California,1,Pacific,West,766231,283379,89637,65460
20220602,2022,California,2,Pacific,West,763623,297718,145555,93547
20220603,2022,California,3,Pacific,West,764866,293754,130437,99422
20220604,2022,California,4,Pacific,West,764345,281547,125298,91956
20220605,2022,California,5,Pacific,West,761352,281610,115755,85769
20220606,2022,California,6,Pacific,West,755594,273992,102309,79920
20220607,2022,California,7,Pacific,West,753515,263904,109418,84801
20220608,2022,California,8,Pacific,West,752780,254119,118422,93170
20220609,2022,California,9,Pacific,West,762122,234536,107481,83275
20220610,2022,California,10,Pacific,West,755993,271475,195876,145537
20220611,2022,California,11,Pacific,West,735920,327227,202310,139967
20220612,2022,California,12,Pacific,West,750210,288071,149546,102766
20220613,2022,California,13,Pacific,West,770975,214351,86082,65438
20220614,2022,California,14,Pacific,West,751587,246606,170942,135427
20220615,2022,California,15,Pacific,West,752065,255508,196859,139468
20220616,2022,California,16,Pacific,West,749237,268004,245443,164557
20220617,2022,California,17,Pacific,West,751593,262262,214007,168712
20220618,2022,California,18,Pacific,West,759200,214771,127465,96234
20220619,2022,California,19,Pacific,West,753931,267823,166308,119310
20220620,2022,California,20,Pacific,West,762132,259490,109200,84357
20220621,2022,California,21,Pacific,West,758893,226959,77738,57950
20220622,2022,California,22,Pacific,West,780816,214238,69541,53016
20220623,2022,California,23,Pacific,West,758852,245444,90450,67727
20220624,2022,California,24,Pacific,West,760229,268361,125517,91602
20220625,2022,California,25,Pacific,West,763179,244943,79892,59337
20220626,2022,California,26,Pacific,West,757602,242922,146018,106909
20220627,2022,California,27,Pacific,West,747561,230993,122020,95944
20220628,2022,California,28,Pacific,West,748192,263644,141652,101267
20220629,2022,California,29,Pacific,West,742347,232319,93126,69961
20220630,2022,California,30,Pacific,West,744757,327480,126218,84731
20220631,2022,California,31,Pacific,West,749679,217179,107334,85555
20220632,2022,California,32,Pacific,West,764598,287722,168363,107280
20220633,2022,California,33,Pacific,West,757643,215880,100601,79292
20220634,2022,California,34,Pacific,West,766809,266392,83551,58409
20220635,2022,California,35,Pacific,West,767456,217745,100686,82578
20220636,2022,California,36,Pacific,West,740438,316301,182047,121449
20220637,2022,California,37,Pacific,West,756145,252624,95625,64726
20220638,2022,California,38,Pacific,West,754110,223951,116340,93026
20220639,2022,California,39,Pacific,West,759924,201241,102133,83286
20220640,2022,California,40,Pacific,West,754432,263521,165025,127956
20220641,2022,California,41,Pacific,West,770422,256638,126596,95595
20220642,2022,California,42,Pacific,West,752589,244579,97204,73423
20220643,2022,California,43,Pacific,West,747415,229188,89563,69766
20220644,2022,California,44,Pacific,West,756441,226066,99865,77546
20220645,2022,California,45,Pacific,West,756570,234912,128786,100664
20220646,2022,California,46,Pacific,West,759331,210816,103408,82751
20220647,2022,California,47,Pacific,West,753964,294920,166593,119153
20220648,2022,California,48,Pacific,West,764088,250619,128744,103292
20220649,2022,California,49,Pacific,West,756381,267088,156263,113308
20220650,2022,California,50,Pacific,West,735988,299075,152034,110134
20220651,2022,California,51,Pacific,West,762631,274991,123132,96911
20220652,2022,California,52,Pacific,West,769351,226924,99687,78922
20220801,2022,Colorado,1,Mountain,West,717038,326048,122609,85737
20220802,2022,Colorado,2,Mountain,West,718206,290763,129389,94403
20220803,2022,Colorado,3,Mountain,West,723027,292950,88169,65374
20220804,2022,Colorado,4,Mountain,West,727411,269842,137777,107583
20220805,2022,Colorado,5,Mountain,West,722030,273098,107013,82830
20220806,2022,Colorado,6,Mountain,West,721810,276617,124743,91455
20220807,2022,Colorado,7,Mountain,West,719604,296262,124025,95493
20220808,2022,Colorado,8,Mountain,West,721664,252464,105396,86618
20220901,2022,Connecticut,1,New England,Northeast,718451,292362,110592,84051
20220902,2022,Connecticut,2,New England,Northeast,723724,285998,119896,92263
20220903,2022,Connecticut,3,New England,Northeast,723601,285831,114662,85792
20220904,2022,Connecticut,4,New England,Northeast,722029,263617,191486,110391
20220905,2022,Connecticut,5,New England,Northeast,723512,281999,121440,84121
20221000,2022,Delaware,0,South Atlantic,South,993635,389000,104600,79325
20221198,2022,District of Columbia,98,South Atlantic,South,670587,315785,150292,101722
20221201,2022,Florida,1,South Atlantic,South,772291,300098,94492,70864
20221202,2022,Florida,2,South Atlantic,South,775769,302164,83024,58839
20221203,2022,Florida,3,South Atlantic,South,769691,295221,78483,55236
20221204,2022,Florida,4,South Atlantic,South,775118,294852,86387,65494
20221205,2022,Florida,5,South Atlantic,South,770573,302259,114945,81914
20221206,2022,Florida,6,South Atlantic,South,779543,322922,80643,59202
20221207,2022,Florida,7,South Atlantic,South,771916,307938,98271,74497
20221208,2022,Florida,8,South Atlantic,South,773536,313093,96802,70417
20221209,2022,Florida,9,South Atlantic,South,754301,244425,89835,68237
20221210,2022,Florida,10,South Atlantic,South,785358,275968,93291,65846
20221211,2022,Florida,11,South Atlantic,South,776905,292210,104630,76408
20221212,2022,Florida,12,South Atlantic,South,770735,312540,80102,58717
20221213,2022,Florida,13,South Atlantic,South,768555,332538,95179,65902
20221214,2022,Florida,14,South Atlantic,South,772661,320558,104228,68014
20221215,2022,Florida,15,South Atlantic,South,785390,294359,91174,66186
20221216,2022,Florida,16,South Atlantic,South,774262,295133,101066,76159
20221217,2022,Florida,17,South Atlantic,South,785836,339651,100605,69580
20221218,2022,Florida,18,South Atlantic,South,780642,284392,76081,56464
20221219,2022,Florida,19,South Atlantic,South,772972,331600,116224,74823
20221220,2022,Florida,20,South Atlantic,South,773320,280213,75531,57464
20221221,2022,Florida,21,South Atlantic,South,776143,310687,114054,76274
20221222,2022,Florida,22,South Atlantic,South,768503,303688,112041,73720
20221223,2022,Florida,23,South Atlantic,South,762506,321449,121567,78226
20221224,2022,Florida,24,South Atlantic,South,780118,288751,89777,56804
20221225,2022,Florida,25,South Atlantic,South,765444,282554,109177,78558
20221226,2022,Florida,26,South Atlantic,South,775185,268868,87260,64075
20221227,2022,Florida,27,South Atlantic,South,752682,288622,118760,72111
20221228,2022,Florida,28,South Atlantic,South,764574,246688,93968,72259
20221301,2022,Georgia,1,South Atlantic,South,768625,289480,85667,63148
20221302,2022,Georgia,2,South Atlantic,South,757675,285268,67333,48475
20221303,2022,Georgia,3,South Atlantic,South,767633,280625,99063,74241
20221304,2022,Georgia,4,South Atlantic,South,766420,281034,102621,72425
20221305,2022,Georgia,5,South Atlantic,South,756319,334653,124863,76066
20221306,2022,Georgia,6,South Atlantic,South,767777,278450,157206,121195
20221307,2022,Georgia,7,South Atlantic,South,763613,258882,109968,81303
20221308,2022,Georgia,8,South Atlantic,South,767071,278737,78138,57791
20221309,2022,Georgia,9,South Atlantic,South,768577,269790,99942,74138
20221310,2022,Georgia,10,South Atlantic,South,770605,276780,93144,71341
20221311,2022,Georgia,11,South Atlantic,South,770928,292238,114589,88118
20221312,2022,Georgia,12,South Atlantic,South,764339,268710,78497,56585
20221313,2022,Georgia,13,South Atlantic,South,765369,278069,89079,69514
20221314,2022,Georgia,14,South Atlantic,South,767374,273774,85896,67562
20221501,2022,Hawaii,1,Pacific,West,723185,249709,126904,98503
20221502,2022,Hawaii,2,Pacific,West,727404,234197,118635,90677
20221601,2022,Idaho,1,Mountain,West,931503,340673,93012,71763
20221602,2022,Idaho,2,Mountain,West,922606,334650,92543,68629
20221701,2022,Illinois,1,East North Central,Midwest,754024,295506,91846,68067
20221702,2022,Illinois,2,East North Central,Midwest,755018,293157,78870,59002
20221703,2022,Illinois,3,East North Central,Midwest,746412,267519,108014,82509
20221704,2022,Illinois,4,East North Central,Midwest,735314,241826,98221,68516
20221705,2022,Illinois,5,East North Central,Midwest,753753,328890,161063,110758
20221706,2022,Illinois,6,East North Central,Midwest,754650,292982,127765,94711
20221707,2022,Illinois,7,East North Central,Midwest,730552,320763,117736,75645
20221708,2022,Illinois,8,East North Central,Midwest,753960,278701,116466,94493
20221709,2022,Illinois,9,East North Central,Midwest,749895,303815,127571,88013
20221710,2022,Illinois,10,East North Central,Midwest,753313,272813,152022,101623
20221711,2022,Illinois,11,East North Central,Midwest,750486,275575,133321,103618
20221712,2022,Illinois,12,East North Central,Midwest,752942,301706,83897,64278
20221713,2022,Illinois,13,East North Central,Midwest,751712,311715,80711,59779
20221714,2022,Illinois,14,East North Central,Midwest,757406,263880,111397,89641
20221715,2022,Illinois,15,East North Central,Midwest,754127,303789,88578,69299
20221716,2022,Illinois,16,East North Central,Midwest,751284,301314,101479,79456
20221717,2022,Illinois,17,East North Central,Midwest,752786,314810,73381,55837
20221801,2022,Indiana,1,East North Central,Midwest,753721,291940,89898,69283
20221802,2022,Indiana,2,East North Central,Midwest,752670,282545,83705,63768
20221803,2022,Indiana,3,East North Central,Midwest,753447,293315,85620,66186
20221804,2022,Indiana,4,East North Central,Midwest,756007,288975,94897,73225
20221805,2022,Indiana,5,East North Central,Midwest,756125,294918,107885,76715
20221806,2022,Indiana,6,East North Central,Midwest,752728,291540,89496,70901
20221807,2022,Indiana,7,East North Central,Midwest,750334,309007,82532,57347
20221808,2022,Indiana,8,East North Central,Midwest,754480,303662,81230,61799
20221809,2022,Indiana,9,East North Central,Midwest,754891,297694,84456,67437
20221901,2022,Iowa,1,West North Central,Midwest,797528,322221,92126,69207
20221902,2022,Iowa,2,West North Central,Midwest,795900,327250,90793,69490
20221903,2022,Iowa,3,West North Central,Midwest,799081,322156,99446,76183
20221904,2022,Iowa,4,West North Central,Midwest,796327,318512,85796,68156
20222001,2022,Kansas,1,West North Central,Midwest,734313,290320,80894,61490
20222002,2022,Kansas,2,West North Central,Midwest,734782,285337,79670,61021
20222003,2022,Kansas,3,West North Central,Midwest,733585,289178,129306,97042
20222004,2022,Kansas,4,West North Central,Midwest,733242,283800,86903,65286
20222101,2022,Kentucky,1,East South Central,South,751426,294051,72680,54757
20222102,2022,Kentucky,2,East South Central,South,753141,288615,84745,62297
20222103,2022,Kentucky,3,East South Central,South,746481,315064,90201,64645
20222104,2022,Kentucky,4,East South Central,South,751457,285352,99997,75658
20222105,2022,Kentucky,5,East South Central,South,750027,285781,61150,43420
20222106,2022,Kentucky,6,East South Central,South,750403,300239,89066,64367
20222201,2022,Louisiana,1,West South Central,South,768258,301725,98457,71036
20222202,2022,Louisiana,2,West South Central,South,769243,297804,73335,48648
20222203,2022,Louisiana,3,West South Central,South,771697,294796,82961,58893
20222204,2022,Louisiana,4,West South Central,South,774854,296499,71510,48817
20222205,2022,Louisiana,5,West South Central,South,775396,281328,71020,48061
20222206,2022,Louisiana,6,West South Central,South,781098,293112,101088,75399
20222301,2022,Maine,1,New England,Northeast,683145,289515,105496,80384
20222302,2022,Maine,2,New England,Northeast,683804,290657,77756,58564
20222401,2022,Maryland,1,South Atlantic,South,773966,299027,114314,88691
20222402,2022,Maryland,2,South Atlantic,South,769431,297938,125777,95710
20222403,2022,Maryland,3,South Atlantic,South,770623,286235,158019,124187
20222404,2022,Maryland,4,South Atlantic,South,764378,270300,108071,88498
20222405,2022,Maryland,5,South Atlantic,South,774011,278426,145170,124709
20222406,2022,Maryland,6,South Atlantic,South,777191,287775,122655,96438
20222407,2022,Maryland,7,South Atlantic,South,764705,314599,84152,59876
20222408,2022,Maryland,8,South Atlantic,South,767402,283824,184049,131468
20222501,2022,Massachusetts,1,New England,Northeast,778095,315955,94866,70631
20222502,2022,Massachusetts,2,New England,Northeast,771071,296032,123381,90957
20222503,2022,Massachusetts,3,New England,Northeast,776406,289599,122215,92845
20222504,2022,Massachusetts,4,New England,Northeast,778731,299058,156326,108594
20222505,2022,Massachusetts,5,New England,Northeast,776872,306031,169164,119458
20222506,2022,Massachusetts,6,New England,Northeast,777375,302561,147680,110464
20222507,2022,Massachusetts,7,New England,Northeast,773828,303021,120228,84668
20222508,2022,Massachusetts,8,New England,Northeast,772082,314685,149103,109813
20222509,2022,Massachusetts,9,New England,Northeast,779745,314053,128653,93322
20222601,2022,Michigan,1,East North Central,Midwest,777560,330864,78742,59460
20222602,2022,Michigan,2,East North Central,Midwest,777946,294011,81488,63936
20222603,2022,Michigan,3,East North Central,Midwest,773965,297551,95899,71895
20222604,2022,Michigan,4,East North Central,Midwest,774289,301955,91857,69601
20222605,2022,Michigan,5,East North Central,Midwest,773808,303035,85457,65758
20222606,2022,Michigan,6,East North Central,Midwest,770957,305747,122993,91059
20222607,2022,Michigan,7,East North Central,Midwest,773038,309281,99692,76129
20222608,2022,Michigan,8,East North Central,Midwest,773930,319953,81451,59271
20222609,2022,Michigan,9,East North Central,Midwest,774580,301991,104248,80532
20222610,2022,Michigan,10,East North Central,Midwest,772612,317597,93360,72757
20222611,2022,Michigan,11,East North Central,Midwest,774826,328794,123073,88383
20222612,2022,Michigan,12,East North Central,Midwest,770452,297164,76983,57096
20222613,2022,Michigan,13,East North Central,Midwest,769958,301310,69851,47746
20222701,2022,Minnesota,1,West North Central,Midwest,712863,286310,97384,75364
20222702,2022,Minnesota,2,West North Central,Midwest,713718,266052,127677,104246
20222703,2022,Minnesota,3,West North Central,Midwest,707707,282871,144600,104674
20222704,2022,Minnesota,4,West North Central,Midwest,708545,278173,116824,85466
20222705,2022,Minnesota,5,West North Central,Midwest,707627,303338,110169,79108
20222706,2022,Minnesota,6,West North Central,Midwest,715967,259939,119083,98171
20222707,2022,Minnesota,7,West North Central,Midwest,713351,288540,87945,69910
20222708,2022,Minnesota,8,West North Central,Midwest,715514,290903,90063,70474
20222801,2022,Mississippi,1,East South Central,South,741109,280956,77987,58538
20222802,2022,Mississippi,2,East South Central,South,738521,277475,62267,42375
20222803,2022,Mississippi,3,East South Central,South,738576,281145,79901,56267
20222804,2022,Mississippi,4,East South Central,South,740640,281693,76285,56066
20222901,2022,Missouri,1,West North Central,Midwest,766456,337820,83357,57493
20222902,2022,Missouri,2,West North Central,Midwest,764420,306166,132447,96151
20222903,2022,Missouri,3,West North Central,Midwest,770039,299802,99542,76833
20222904,2022,Missouri,4,West North Central,Midwest,771882,292105,80944,62643
20222905,2022,Missouri,5,West North Central,Midwest,768398,325605,85182,64023
20222906,2022,Missouri,6,West North Central,Midwest,769064,289057,88652,68728
20222907,2022,Missouri,7,West North Central,Midwest,771969,310600,77056,57220
20222908,2022,Missouri,8,West North Central,Midwest,772194,297169,72820,55599
20223001,2022,Montana,1,Mountain,West,547233,223381,91530,66110
20223002,2022,Montana,2,Mountain,West,544607,220536,88736,66546
20223101,2022,Nebraska,1,West North Central,Midwest,653295,257850,95685,74148
20223102,2022,Nebraska,2,West North Central,Midwest,652597,256308,109092,79112
20223103,2022,Nebraska,3,West North Central,Midwest,653047,262221,82172,63735
20223201,2022,Nevada,1,Mountain,West,756838,284182,87965,63060
20223202,2022,Nevada,2,Mountain,West,777013,305375,105766,79517
20223203,2022,Nevada,3,Mountain,West,783412,303135,108704,77067
20223204,2022,Nevada,4,Mountain,West,787554,270979,87603,67669
20223301,2022,New Hampshire,1,New England,Northeast,689659,275024,119579,92184
20223302,2022,New Hampshire,2,New England,Northeast,689951,270092,116630,89506
20223401,2022,New Jersey,1,Middle Atlantic,Northeast,770451,292985,110770,84705
20223402,2022,New Jersey,2,Middle Atlantic,Northeast,777770,299190,107391,79216
20223403,2022,New Jersey,3,Middle Atlantic,Northeast,777191,288075,145347,110486
20223404,2022,New Jersey,4,Middle Atlantic,Northeast,774829,289050,127341,92038
20223405,2022,New Jersey,5,Middle Atlantic,Northeast,771690,283342,170074,126438
20223406,2022,New Jersey,6,Middle Atlantic,Northeast,772409,277003,128922,98739
20223407,2022,New Jersey,7,Middle Atlantic,Northeast,775299,291267,176837,128637
20223408,2022,New Jersey,8,Middle Atlantic,Northeast,760708,300717,118109,78486
20223409,2022,New Jersey,9,Middle Atlantic,Northeast,765162,272310,114135,83962
20223410,2022,New Jersey,10,Middle Atlantic,Northeast,764061,282011,97076,68261
20223411,2022,New Jersey,11,Middle Atlantic,Northeast,769976,282932,183205,130337
20223412,2022,New Jersey,12,Middle Atlantic,Northeast,769517,279280,144150,104629
20223501,2022,New Mexico,1,Mountain,West,707680,299545,88592,64655
20223502,2022,New Mexico,2,Mountain,West,703136,251291,71599,53926
20223503,2022,New Mexico,3,Mountain,West,701647,262016,81446,57377
20223601,2022,New York,1,Middle Atlantic,Northeast,778417,272698,170032,129170
20223602,2022,New York,2,Middle Atlantic,Northeast,772462,247052,142803,117404
20223603,2022,New York,3,Middle Atlantic,Northeast,776626,267119,181273,132794
20223604,2022,New York,4,Middle Atlantic,Northeast,773437,246626,165659,131830
20223605,2022,New York,5,Middle Atlantic,Northeast,800945,248685,107472,83338
20223606,2022,New York,6,Middle Atlantic,Northeast,755796,277703,105303,77561
20223607,2022,New York,7,Middle Atlantic,Northeast,748880,287909,119843,84917
20223608,2022,New York,8,Middle Atlantic,Northeast,778365,291865,91039,60011
20223609,2022,New York,9,Middle Atlantic,Northeast,761493,278160,99985,70344
20223610,2022,New York,10,Middle Atlantic,Northeast,738425,311628,192958,110126
20223611,2022,New York,11,Middle Atlantic,Northeast,759570,266411,115618,87661
20223612,2022,New York,12,Middle Atlantic,Northeast,711829,376289,233815,140037
20223613,2022,New York,13,Middle Atlantic,Northeast,813765,311318,83582,52096
20223614,2022,New York,14,Middle Atlantic,Northeast,727966,258900,89454,65768
20223615,2022,New York,15,Middle Atlantic,Northeast,764377,280725,66474,43687
20223616,2022,New York,16,Middle Atlantic,Northeast,773881,285381,166061,100634
20223617,2022,New York,17,Middle Atlantic,Northeast,775256,258714,166406,121384
20223618,2022,New York,18,Middle Atlantic,Northeast,778056,281495,116478,89349
20223619,2022,New York,19,Middle Atlantic,Northeast,774864,315763,90304,66171
20223620,2022,New York,20,Middle Atlantic,Northeast,779088,323688,105669,81897
20223621,2022,New York,21,Middle Atlantic,Northeast,777284,311103,86768,68515
20223622,2022,New York,22,Middle Atlantic,Northeast,772136,311108,91984,69833
20223623,2022,New York,23,Middle Atlantic,Northeast,776787,321527,89646,67942
20223624,2022,New York,24,Middle Atlantic,Northeast,777980,316306,87418,68195
20223625,2022,New York,25,Middle Atlantic,Northeast,774084,322370,95963,71157
20223626,2022,New York,26,Middle Atlantic,Northeast,772610,333980,83087,61957
20223701,2022,North Carolina,1,South Atlantic,South,748754,301648,71419,52563
20223702,2022,North Carolina,2,South Atlantic,South,738814,290946,132045,97421
20223703,2022,North Carolina,3,South Atlantic,South,746908,293000,78275,59511
20223704,2022,North Carolina,4,South Atlantic,South,743550,296210,100171,71299
20223705,2022,North Carolina,5,South Atlantic,South,747107,302000,78720,55647
20223706,2022,North Carolina,6,South Atlantic,South,745094,295703,85697,60858
20223707,2022,North Carolina,7,South Atlantic,South,754700,304427,83721,60203
20223708,2022,North Carolina,8,South Atlantic,South,748980,275537,92426,67940
20223709,2022,North Carolina,9,South Atlantic,South,747637,284434,82923,61164
20223710,2022,North Carolina,10,South Atlantic,South,749703,292354,85824,62871
20223711,2022,North Carolina,11,South Atlantic,South,746329,306151,83233,60182
20223712,2022,North Carolina,12,South Atlantic,South,742097,278976,100218,72523
20223713,2022,North Carolina,13,South Atlantic,South,760678,277091,102587,78658
20223714,2022,North Carolina,14,South Atlantic,South,749863,306755,124221,82202
20223800,2022,North Dakota,0,West North Central,Midwest,776874,320038,97221,73959
20223901,2022,Ohio,1,East North Central,Midwest,785183,323479,110962,75382
20223902,2022,Ohio,2,East North Central,Midwest,786866,304076,81719,62427
20223903,2022,Ohio,3,East North Central,Midwest,785445,328262,97978,68220
20223904,2022,Ohio,4,East North Central,Midwest,787372,303436,97440,73132
20223905,2022,Ohio,5,East North Central,Midwest,785703,314798,85264,65940
20223906,2022,Ohio,6,East North Central,Midwest,784426,323315,75044,57443
20223907,2022,Ohio,7,East North Central,Midwest,783302,318178,107566,81600
20223908,2022,Ohio,8,East North Central,Midwest,784012,302661,95068,74133
20223909,2022,Ohio,9,East North Central,Midwest,784857,329335,84948,62315
20223910,2022,Ohio,10,East North Central,Midwest,784983,327844,85765,64250
20223911,2022,Ohio,11,East North Central,Midwest,781356,353187,76183,48928
20223912,2022,Ohio,12,East North Central,Midwest,788205,295475,92573,70890
20223913,2022,Ohio,13,East North Central,Midwest,785253,331698,91640,66623
20223914,2022,Ohio,14,East North Central,Midwest,785932,320712,89149,67156
20223915,2022,Ohio,15,East North Central,Midwest,781788,312952,94970,73679
20224001,2022,Oklahoma,1,West South Central,South,792397,309338,94218,67183
20224002,2022,Oklahoma,2,West South Central,South,797693,302082,70707,52537
20224003,2022,Oklahoma,3,West South Central,South,792662,294900,73546,55764
20224004,2022,Oklahoma,4,West South Central,South,794112,304089,83539,63525
20224005,2022,Oklahoma,5,West South Central,South,793633,312302,99020,70189
20224101,2022,Oregon,1,Pacific,West,703447,291827,124941,92063
20224102,2022,Oregon,2,Pacific,West,705019,277579,82791,62648
20224103,2022,Oregon,3,Pacific,West,701275,275514,108173,82928
20224104,2022,Oregon,4,Pacific,West,705794,295412,85303,63255
20224105,2022,Oregon,5,Pacific,West,707199,276348,114436,84334
20224106,2022,Oregon,6,Pacific,West,706640,264120,104525,79801
20224201,2022,Pennsylvania,1,Middle Atlantic,Northeast,763498,290717,139672,106744
20224202,2022,Pennsylvania,2,Middle Atlantic,Northeast,762893,294983,79800,56537
20224203,2022,Pennsylvania,3,Middle Atlantic,Northeast,756676,334250,89885,59056
20224204,2022,Pennsylvania,4,Middle Atlantic,Northeast,764402,294935,142463,103961
20224205,2022,Pennsylvania,5,Middle Atlantic,Northeast,763043,290098,121066,83666
20224206,2022,Pennsylvania,6,Middle Atlantic,Northeast,766664,286144,138613,100086
20224207,2022,Pennsylvania,7,Middle Atlantic,Northeast,766617,293921,103049,76812
20224208,2022,Pennsylvania,8,Middle Atlantic,Northeast,764480,301371,85209,65239
20224209,2022,Pennsylvania,9,Middle Atlantic,Northeast,765339,305191,84699,65625
20224210,2022,Pennsylvania,10,Middle Atlantic,Northeast,766732,307605,99363,76477
20224211,2022,Pennsylvania,11,Middle Atlantic,Northeast,765641,292427,103115,81948
20224212,2022,Pennsylvania,12,Middle Atlantic,Northeast,763762,335519,92843,66676
20224213,2022,Pennsylvania,13,Middle Atlantic,Northeast,765340,305798,82423,65012
20224214,2022,Pennsylvania,14,Middle Atlantic,Northeast,763254,320439,85129,64549
20224215,2022,Pennsylvania,15,Middle Atlantic,Northeast,765029,299458,80099,61122
20224216,2022,Pennsylvania,16,Middle Atlantic,Northeast,765331,312401,85333,63947
20224217,2022,Pennsylvania,17,Middle Atlantic,Northeast,760507,328470,109337,78954
20224401,2022,Rhode Island,1,New England,Northeast,545354,215411,104915,76378
20224402,2022,Rhode Island,2,New England,Northeast,548896,216808,108096,85961
20224501,2022,South Carolina,1,South Atlantic,South,734138,288212,116101,84023
20224502,2022,South Carolina,2,South Atlantic,South,735646,290555,91803,68648
20224503,2022,South Carolina,3,South Atlantic,South,731595,285824,80621,58176
20224504,2022,South Carolina,4,South Atlantic,South,737328,290732,93068,67514
20224505,2022,South Carolina,5,South Atlantic,South,733429,284078,88069,65431
20224506,2022,South Carolina,6,South Atlantic,South,732601,293692,74266,51412
20224507,2022,South Carolina,7,South Atlantic,South,738013,289992,75703,54907
20224600,2022,South Dakota,0,West North Central,Midwest,890342,351182,90706,69457
20224701,2022,Tennessee,1,East South Central,South,769366,312758,74228,53745
20224702,2022,Tennessee,2,East South Central,South,771752,310737,90317,66372
20224703,2022,Tennessee,3,East South Central,South,771173,307999,87486,62960
20224704,2022,Tennessee,4,East South Central,South,771866,286280,82452,64472
20224705,2022,Tennessee,5,East South Central,South,767227,296179,126164,88348
20224706,2022,Tennessee,6,East South Central,South,773165,310296,83279,63158
20224707,2022,Tennessee,7,East South Central,South,766775,296765,93038,68801
20224708,2022,Tennessee,8,East South Central,South,765143,293974,95579,64413
20224709,2022,Tennessee,9,East South Central,South,767305,298647,71960,51326
20224801,2022,Texas,1,West South Central,South,769305,279372,82959,61361
20224802,2022,Texas,2,West South Central,South,761434,262246,131930,98603
20224803,2022,Texas,3,West South Central,South,780231,265503,143304,113405
20224804,2022,Texas,4,West South Central,South,773348,289884,123584,90031
20224805,2022,Texas,5,West South Central,South,773020,263600,93134,73561
20224806,2022,Texas,6,West South Central,South,763185,255056,95073,74007
20224807,2022,Texas,7,West South Central,South,781231,309603,120194,73777
20224808,2022,Texas,8,West South Central,South,771642,258379,110583,84845
20224809,2022,Texas,9,West South Central,South,757232,272169,85720,62349
20224810,2022,Texas,10,West South Central,South,765079,280805,115217,80105
20224811,2022,Texas,11,West South Central,South,760697,289405,92578,68610
20224812,2022,Texas,12,West South Central,South,771857,285703,108355,81339
20224813,2022,Texas,13,West South Central,South,769816,283675,84509,63507
20224814,2022,Texas,14,West South Central,South,768073,283467,99408,74664
20224815,2022,Texas,15,West South Central,South,764599,239047,76070,54058
20224816,2022,Texas,16,West South Central,South,771490,264839,75064,55933
20224817,2022,Texas,17,West South Central,South,777093,280539,83992,62537
20224818,2022,Texas,18,West South Central,South,768562,275567,91263,58805
20224819,2022,Texas,19,West South Central,South,766171,282694,82493,60263
20224820,2022,Texas,20,West South Central,South,797033,281635,75421,59459
20224821,2022,Texas,21,West South Central,South,764786,302594,121175,86851
20224822,2022,Texas,22,West South Central,South,781040,263468,131095,104438
20224823,2022,Texas,23,West South Central,South,745532,247996,100924,73911
20224824,2022,Texas,24,West South Central,South,756184,284428,166143,109014
20224825,2022,Texas,25,West South Central,South,778250,281458,96613,75258
20224826,2022,Texas,26,West South Central,South,775735,280668,138873,108948
20224827,2022,Texas,27,West South Central,South,768203,278672,84953,63966
20224828,2022,Texas,28,West South Central,South,764122,246448,78591,60924
20224829,2022,Texas,29,West South Central,South,774018,242677,69322,52275
20224830,2022,Texas,30,West South Central,South,771989,284067,89490,66346
20224831,2022,Texas,31,West South Central,South,780858,275983,112874,87568
20224832,2022,Texas,32,West South Central,South,758895,308630,96636,66920
20224833,2022,Texas,33,West South Central,South,776063,262040,76768,58953
20224834,2022,Texas,34,West South Central,South,774101,234820,64404,48035
20224835,2022,Texas,35,West South Central,South,768499,286996,85670,66078
20224836,2022,Texas,36,West South Central,South,762290,277328,96006,71314
20224837,2022,Texas,37,West South Central,South,767538,344890,127552,88843
20224838,2022,Texas,38,West South Central,South,764141,284202,149835,101505
20224901,2022,Utah,1,Mountain,West,822008,273657,110447,85519
20224902,2022,Utah,2,Mountain,West,823538,278282,100847,78777
20224903,2022,Utah,3,Mountain,West,813368,263067,120367,86734
20224904,2022,Utah,4,Mountain,West,824895,247813,114852,96722
20225000,2022,Vermont,0,New England,Northeast,643816,265858,97810,74014
20225101,2022,Virginia,1,South Atlantic,South,789933,300864,128209,99506
20225102,2022,Virginia,2,South Atlantic,South,783084,302163,112967,88833
20225103,2022,Virginia,3,South Atlantic,South,778421,312220,84283,63317
20225104,2022,Virginia,4,South Atlantic,South,784211,315656,87386,65195
20225105,2022,Virginia,5,South Atlantic,South,789918,309848,94957,67225
20225106,2022,Virginia,6,South Atlantic,South,783906,306777,88344,67266
20225107,2022,Virginia,7,South Atlantic,South,786030,265948,129504,106405
20225108,2022,Virginia,8,South Atlantic,South,778819,325282,171540,125652
20225109,2022,Virginia,9,South Atlantic,South,785903,314102,74447,54576
20225110,2022,Virginia,10,South Atlantic,South,783536,256480,182887,151061
20225111,2022,Virginia,11,South Atlantic,South,780750,280436,188746,152845
20225301,2022,Washington,1,Pacific,West,768493,292869,164835,126251
20225302,2022,Washington,2,Pacific,West,770694,307902,108839,83063
20225303,2022,Washington,3,Pacific,West,770201,293042,105044,82569
20225304,2022,Washington,4,Pacific,West,769380,266056,91346,71010
20225305,2022,Washington,5,Pacific,West,773672,303689,90724,68164
20225306,2022,Washington,6,Pacific,West,771582,311493,107856,82341
20225307,2022,Washington,7,Pacific,West,765336,355519,159343,115761
20225308,2022,Washington,8,Pacific,West,768045,276552,154686,117524
20225309,2022,Washington,9,Pacific,West,762237,284544,134623,94267
20225310,2022,Washington,10,Pacific,West,768909,287606,105480,86399
20225401,2022,West Virginia,1,South Atlantic,South,893959,357812,70204,50232
20225402,2022,West Virginia,2,South Atlantic,South,899008,358228,80939,60224
20225501,2022,Wisconsin,1,East North Central,Midwest,733336,297249,94063,74228
20225502,2022,Wisconsin,2,East North Central,Midwest,735105,313325,107931,81786
20225503,2022,Wisconsin,3,East North Central,Midwest,735541,297099,86809,67776
20225504,2022,Wisconsin,4,East North Central,Midwest,731384,300580,78137,55469
20225505,2022,Wisconsin,5,East North Central,Midwest,738618,303343,117255,91116
20225506,2022,Wisconsin,6,East North Central,Midwest,734872,306079,92163,71212
20225507,2022,Wisconsin,7,East North Central,Midwest,737082,305686,87606,68329
20225508,2022,Wisconsin,8,East North Central,Midwest,736190,302127,95313,74024
20225600,2022,Wyoming,0,Mountain,West,577929,234156,94901,72495
20230101,2023,Alabama,1,East South Central,South,724287,280820,84767,61488
20230102,2023,Alabama,2,East South Central,South,717019,278820,81528,59954
20230103,2023,Alabama,3,East South Central,South,721038,281998,77243,58158
20230104,2023,Alabama,4,East South Central,South,721519,274480,75748,57065
20230105,2023,Alabama,5,East South Central,South,732520,293613,101636,75486
20230106,2023,Alabama,6,East South Central,South,714716,276340,113266,79908
20230107,2023,Alabama,7,East South Central,South,723154,283034,69022,48204
20230200,2023,Alaska,0,Pacific,West,733971,267865,114947,89336
20230401,2023,Arizona,1,Mountain,West,800544,357699,146398,95281
20230402,2023,Arizona,2,Mountain,West,811584,309053,85053,64884
20230403,2023,Arizona,3,Mountain,West,803591,260461,84132,64537
20230404,2023,Arizona,4,Mountain,West,803744,323761,102385,79335
20230405,2023,Arizona,5,Mountain,West,812986,289963,133196,105750
20230406,2023,Arizona,6,Mountain,West,798431,340718,101203,75244
20230407,2023,Arizona,7,Mountain,West,804461,286684,75224,58120
20230408,2023,Arizona,8,Mountain,West,796518,317869,104186,79643
20230409,2023,Arizona,9,Mountain,West,836316,310582,95798,76350
20230501,2023,Arkansas,1,West South Central,South,753522,293284,71204,51951
20230502,2023,Arkansas,2,West South Central,South,755024,310175,88923,62987
20230503,2023,Arkansas,3,West South Central,South,770992,291733,100612,71397
20230504,2023,Arkansas,4,West South Central,South,753113,293968,69237,51058
20230601,2023,California,1,Pacific,West,762487,283541,93889,69110
20230602,2023,California,2,Pacific,West,758158,298151,151402,96195
20230603,2023,California,3,Pacific,West,770955,298186,137498,103981
20230604,2023,California,4,Pacific,West,763128,283385,130408,95443
20230605,2023,California,5,Pacific,West,764588,283880,120988,90061
20230606,2023,California,6,Pacific,West,755796,275603,106497,83626
20230607,2023,California,7,Pacific,West,757893,265867,116285,90495
20230608,2023,California,8,Pacific,West,751024,256150,124070,96779
20230609,2023,California,9,Pacific,West,767049,237356,114620,88713
20230610,2023,California,10,Pacific,West,756742,272906,203057,152089
20230611,2023,California,11,Pacific,West,723466,329043,209279,144015
20230612,2023,California,12,Pacific,West,746726,292407,155577,105647
20230613,2023,California,13,Pacific,West,779049,219134,90215,67615
20230614,2023,California,14,Pacific,West,743389,247910,178736,139901
20230615,2023,California,15,Pacific,West,742872,255743,206099,145326
20230616,2023,California,16,Pacific,West,745878,268672,255494,170331
20230617,2023,California,17,Pacific,West,745398,265596,225233,176832
20230618,2023,California,18,Pacific,West,756539,216882,133316,100769
20230619,2023,California,19,Pacific,West,747226,268540,173199,123362
20230620,2023,California,20,Pacific,West,770763,263250,113116,88149
20230621,2023,California,21,Pacific,West,757752,229100,82092,62084
20230622,2023,California,22,Pacific,West,781420,216133,73474,56600
20230623,2023,California,23,Pacific,West,765033,249137,96562,71862
20230624,2023,California,24,Pacific,West,758508,270787,131149,95050
20230625,2023,California,25,Pacific,West,773254,247065,85074,64102
20230626,2023,California,26,Pacific,West,753063,244696,151987,112536
20230627,2023,California,27,Pacific,West,744880,232974,127150,99788
20230628,2023,California,28,Pacific,West,745250,265840,148154,106826
20230629,2023,California,29,Pacific,West,737543,234756,97947,73842
20230630,2023,California,30,Pacific,West,744924,331476,133054,89166
20230631,2023,California,31,Pacific,West,741057,218395,112272,90026
20230632,2023,California,32,Pacific,West,763455,292939,174449,112041
20230633,2023,California,33,Pacific,West,759341,218288,104801,83261
20230634,2023,California,34,Pacific,West,753344,268970,88270,61498
20230635,2023,California,35,Pacific,West,762560,219767,107007,87859
20230636,2023,California,36,Pacific,West,737417,317531,189935,127501
20230637,2023,California,37,Pacific,West,747049,254417,101820,68967
20230638,2023,California,38,Pacific,West,744868,226151,122086,97406
20230639,2023,California,39,Pacific,West,759641,205533,107359,88178
20230640,2023,California,40,Pacific,West,754183,265313,171287,132031
20230641,2023,California,41,Pacific,West,781445,262408,131821,100117
20230642,2023,California,42,Pacific,West,744568,245238,102773,78006
20230643,2023,California,43,Pacific,West,734451,229794,94025,72638
20230644,2023,California,44,Pacific,West,748280,227475,104378,82316
20230645,2023,California,45,Pacific,West,750565,235826,133485,105268
20230646,2023,California,46,Pacific,West,756572,214844,106956,85443
20230647,2023,California,47,Pacific,West,753479,295693,172813,124844
20230648,2023,California,48,Pacific,West,759864,252539,135511,109005
20230649,2023,California,49,Pacific,West,754908,268884,163897,117820
20230650,2023,California,50,Pacific,West,746295,304322,160074,116242
20230651,2023,California,51,Pacific,West,761282,277687,129231,100890
20230652,2023,California,52,Pacific,West,757408,228667,105572,84002
20230801,2023,Colorado,1,Mountain,West,719744,332642,131123,91539
20230802,2023,Colorado,2,Mountain,West,721105,296419,136712,98770
20230803,2023,Colorado,3,Mountain,West,726135,300077,94153,69034
20230804,2023,Colorado,4,Mountain,West,741771,278091,143897,111866
20230805,2023,Colorado,5,Mountain,West,726912,279719,113181,87559
20230806,2023,Colorado,6,Mountain,West,723968,279979,130937,96286
20230807,2023,Colorado,7,Mountain,West,721623,300311,131169,100667
20230808,2023,Colorado,8,Mountain,West,729516,258338,111432,91509
20230901,2023,Connecticut,1,New England,Northeast,717481,296362,114320,86832
20230902,2023,Connecticut,2,New England,Northeast,716835,287105,124455,95502
20230903,2023,Connecticut,3,New England,Northeast,718781,286847,117464,87886
20230904,2023,Connecticut,4,New England,Northeast,722755,265680,199976,115865
20230905,2023,Connecticut,5,New England,Northeast,722496,284176,125831,88995
20231000,2023,Delaware,0,South Atlantic,South,1005872,396209,109519,82855
20231198,2023,District of Columbia,98,South Atlantic,South,672079,321556,157604,106287
20231201,2023,Florida,1,South Atlantic,South,781771,304678,100504,75410
20231202,2023,Florida,2,South Atlantic,South,781278,308777,86647,61941
20231203,2023,Florida,3,South Atlantic,South,779881,303199,82389,58208
20231204,2023,Florida,4,South Atlantic,South,785432,302434,90303,69098
20231205,2023,Florida,5,South Atlantic,South,791831,313754,119331,86107
20231206,2023,Florida,6,South Atlantic,South,796745,332365,83758,61872
20231207,2023,Florida,7,South Atlantic,South,780070,312187,103100,78163
20231208,2023,Florida,8,South Atlantic,South,786240,321256,102452,74721
20231209,2023,Florida,9,South Atlantic,South,778760,263966,94225,72040
20231210,2023,Florida,10,South Atlantic,South,787492,284096,97750,69245
20231211,2023,Florida,11,South Atlantic,South,796446,303111,110574,81463
20231212,2023,Florida,12,South Atlantic,South,793533,320598,85584,62437
20231213,2023,Florida,13,South Atlantic,South,768306,335280,100391,70188
20231214,2023,Florida,14,South Atlantic,South,776343,325549,110981,71835
20231215,2023,Florida,15,South Atlantic,South,799268,299596,95514,69416
20231216,2023,Florida,16,South Atlantic,South,797764,307010,107375,81348
20231217,2023,Florida,17,South Atlantic,South,805607,350431,105444,72899
20231218,2023,Florida,18,South Atlantic,South,800215,295494,79812,59488
20231219,2023,Florida,19,South Atlantic,South,787875,339044,121946,78761
20231220,2023,Florida,20,South Atlantic,South,777341,282955,79815,60844
20231221,2023,Florida,21,South Atlantic,South,791702,318686,119269,79967
20231222,2023,Florida,22,South Atlantic,South,773299,307082,119192,78446
20231223,2023,Florida,23,South Atlantic,South,767250,324595,127464,82670
20231224,2023,Florida,24,South Atlantic,South,776655,288882,95930,60834
20231225,2023,Florida,25,South Atlantic,South,768721,286762,114872,83268
20231226,2023,Florida,26,South Atlantic,South,783327,274508,93481,68314
20231227,2023,Florida,27,South Atlantic,South,751136,293170,124642,76110
20231228,2023,Florida,28,South Atlantic,South,764593,251446,99380,76312
20231301,2023,Georgia,1,South Atlantic,South,778015,295423,89528,66773
20231302,2023,Georgia,2,South Atlantic,South,757600,289270,70912,50799
20231303,2023,Georgia,3,South Atlantic,South,775231,284731,102948,77091
20231304,2023,Georgia,4,South Atlantic,South,770385,282554,106010,74234
20231305,2023,Georgia,5,South Atlantic,South,759666,339638,131368,80691
20231306,2023,Georgia,6,South Atlantic,South,776224,282332,163489,126645
20231307,2023,Georgia,7,South Atlantic,South,769543,261850,113745,84338
20231308,2023,Georgia,8,South Atlantic,South,768869,283143,81337,60479
20231309,2023,Georgia,9,South Atlantic,South,779431,275353,102897,76846
20231310,2023,Georgia,10,South Atlantic,South,789054,284135,96993,74442
20231311,2023,Georgia,11,South Atlantic,South,779392,296530,120095,92055
20231312,2023,Georgia,12,South Atlantic,South,768903,273389,81717,59575
20231313,2023,Georgia,13,South Atlantic,South,775125,281274,93288,72951
20231314,2023,Georgia,14,South Atlantic,South,775152,278391,91236,71533
20231501,2023,Hawaii,1,Pacific,West,722336,253253,132754,102840
20231502,2023,Hawaii,2,Pacific,West,723299,235738,123148,93555
20231601,2023,Idaho,1,Mountain,West,957699,351623,99205,76208
20231602,2023,Idaho,2,Mountain,West,935597,342198,98278,72927
20231701,2023,Illinois,1,East North Central,Midwest,748580,296218,95692,71207
20231702,2023,Illinois,2,East North Central,Midwest,743574,293529,81725,61514
20231703,2023,Illinois,3,East North Central,Midwest,739856,270364,112290,86160
20231704,2023,Illinois,4,East North Central,Midwest,733798,245879,103080,72717
20231705,2023,Illinois,5,East North Central,Midwest,746503,331127,165400,113520
20231706,2023,Illinois,6,East North Central,Midwest,746605,293815,131754,98177
20231707,2023,Illinois,7,East North Central,Midwest,737077,326953,123489,80071
20231708,2023,Illinois,8,East North Central,Midwest,749409,279646,120963,98112
20231709,2023,Illinois,9,East North Central,Midwest,743003,305336,131624,90983
20231710,2023,Illinois,10,East North Central,Midwest,752196,273931,157237,105792
20231711,2023,Illinois,11,East North Central,Midwest,750921,277413,137965,106961
20231712,2023,Illinois,12,East North Central,Midwest,748190,302810,87662,66758
20231713,2023,Illinois,13,East North Central,Midwest,747026,314080,83469,61893
20231714,2023,Illinois,14,East North Central,Midwest,759546,267660,115921,93186
20231715,2023,Illinois,15,East North Central,Midwest,749694,304738,92378,71893
20231716,2023,Illinois,16,East North Central,Midwest,750034,302091,105672,82941
20231717,2023,Illinois,17,East North Central,Midwest,746641,316314,76072,57781
20231801,2023,Indiana,1,East North Central,Midwest,755814,293970,93751,71994
20231802,2023,Indiana,2,East North Central,Midwest,751869,283508,86838,66298
20231803,2023,Indiana,3,East North Central,Midwest,757902,296549,88179,68691
20231804,2023,Indiana,4,East North Central,Midwest,763237,293742,99086,76323
20231805,2023,Indiana,5,East North Central,Midwest,764118,299834,112102,79250
20231806,2023,Indiana,6,East North Central,Midwest,757251,294131,94949,74398
20231807,2023,Indiana,7,East North Central,Midwest,750003,311849,86792,61229
20231808,2023,Indiana,8,East North Central,Midwest,754928,305820,84272,63906
20231809,2023,Indiana,9,East North Central,Midwest,756630,302134,88083,70206
20231901,2023,Iowa,1,West North Central,Midwest,798572,325702,95840,72191
20231902,2023,Iowa,2,West North Central,Midwest,795074,329210,93951,71627
20231903,2023,Iowa,3,West North Central,Midwest,806699,327686,104045,79204
20231904,2023,Iowa,4,West North Central,Midwest,795592,321165,89926,70703
20232001,2023,Kansas,1,West North Central,Midwest,732112,292262,84594,64651
20232002,2023,Kansas,2,West North Central,Midwest,732031,287779,82211,64362
20232003,2023,Kansas,3,West North Central,Midwest,738537,293502,133203,100079
20232004,2023,Kansas,4,West North Central,Midwest,734889,287172,89973,67563
20232101,2023,Kentucky,1,East South Central,South,752660,296828,75527,57072
20232102,2023,Kentucky,2,East South Central,South,759614,294047,87462,64922
20232103,2023,Kentucky,3,East South Central,South,742760,316731,92647,66104
20232104,2023,Kentucky,4,East South Central,South,756119,288993,103940,78569
20232105,2023,Kentucky,5,East South Central,South,745869,290463,64101,44884
20232106,2023,Kentucky,6,East South Central,South,753703,304929,92438,66879
20232201,2023,Louisiana,1,West South Central,South,765531,303521,102610,73782
20232202,2023,Louisiana,2,West South Central,South,761873,299470,76672,50995
20232203,2023,Louisiana,3,West South Central,South,768212,296853,85576,61410
20232204,2023,Louisiana,4,West South Central,South,768802,299912,74204,51086
20232205,2023,Louisiana,5,West South Central,South,770235,285884,72990,50058
20232206,2023,Louisiana,6,West South Central,South,786372,297528,101732,76053
20232301,2023,Maine,1,New England,Northeast,689679,293242,111083,84367
20232302,2023,Maine,2,New England,Northeast,687721,295843,82059,61795
20232401,2023,Maryland,1,South Atlantic,South,776906,301945,118733,92720
20232402,2023,Maryland,2,South Atlantic,South,769821,299163,129403,98346
20232403,2023,Maryland,3,South Atlantic,South,773638,288354,163959,128806
20232404,2023,Maryland,4,South Atlantic,South,758555,271816,110708,90739
20232405,2023,Maryland,5,South Atlantic,South,782752,282911,151381,128236
20232406,2023,Maryland,6,South Atlantic,South,784302,291285,126775,100216
20232407,2023,Maryland,7,South Atlantic,South,757178,318779,86524,61623
20232408,2023,Maryland,8,South Atlantic,South,767586,285257,188443,135007
20232501,2023,Massachusetts,1,New England,Northeast,776064,317606,99692,74087
20232502,2023,Massachusetts,2,New England,Northeast,776258,298693,128957,95618
20232503,2023,Massachusetts,3,New England,Northeast,777948,291291,128901,97616
20232504,2023,Massachusetts,4,New England,Northeast,781422,301229,161905,113712
20232505,2023,Massachusetts,5,New England,Northeast,773886,305502,176718,125082
20232506,2023,Massachusetts,6,New England,Northeast,778172,303583,153748,115872
20232507,2023,Massachusetts,7,New England,Northeast,768505,305370,127570,88740
20232508,2023,Massachusetts,8,New England,Northeast,777303,318729,156865,115814
20232509,2023,Massachusetts,9,New England,Northeast,782837,320067,135322,97651
20232601,2023,Michigan,1,East North Central,Midwest,780170,336546,82748,62352
20232602,2023,Michigan,2,East North Central,Midwest,780291,297668,84683,66266
20232603,2023,Michigan,3,East North Central,Midwest,774756,300208,100464,75747
20232604,2023,Michigan,4,East North Central,Midwest,775911,304718,95494,72434
20232605,2023,Michigan,5,East North Central,Midwest,773369,304589,88927,68201
20232606,2023,Michigan,6,East North Central,Midwest,768429,306423,127311,94632
20232607,2023,Michigan,7,East North Central,Midwest,774470,311321,103552,78823
20232608,2023,Michigan,8,East North Central,Midwest,771369,319877,84018,61521
20232609,2023,Michigan,9,East North Central,Midwest,775194,304508,107918,83485
20232610,2023,Michigan,10,East North Central,Midwest,770400,319065,96423,74956
20232611,2023,Michigan,11,East North Central,Midwest,773603,331355,126992,91040
20232612,2023,Michigan,12,East North Central,Midwest,766047,298846,79754,58942
20232613,2023,Michigan,13,East North Central,Midwest,767586,305044,72119,49887
20232701,2023,Minnesota,1,West North Central,Midwest,713894,287574,101991,78094
20232702,2023,Minnesota,2,West North Central,Midwest,721631,271033,132442,107796
20232703,2023,Minnesota,3,West North Central,Midwest,706969,285187,149527,107603
20232704,2023,Minnesota,4,West North Central,Midwest,706101,281142,121145,88368
20232705,2023,Minnesota,5,West North Central,Midwest,707120,307204,114571,82864
20232706,2023,Minnesota,6,West North Central,Midwest,724855,264144,124214,101817
20232707,2023,Minnesota,7,West North Central,Midwest,714086,291976,91593,72339
20232708,2023,Minnesota,8,West North Central,Midwest,719060,294707,94431,74275
20232801,2023,Mississippi,1,East South Central,South,743078,282668,81188,60877
20232802,2023,Mississippi,2,East South Central,South,726691,278670,63684,43811
20232803,2023,Mississippi,3,East South Central,South,738313,284168,82730,57738
20232804,2023,Mississippi,4,East South Central,South,743356,286254,80122,58969
20232901,2023,Missouri,1,West North Central,Midwest,759116,340101,86599,60099
20232902,2023,Missouri,2,West North Central,Midwest,765299,308255,137128,99979
20232903,2023,Missouri,3,West North Central,Midwest,775773,303918,103751,80027
20232904,2023,Missouri,4,West North Central,Midwest,777788,297141,83913,65428
20232905,2023,Missouri,5,West North Central,Midwest,769211,328756,88449,66502
20232906,2023,Missouri,6,West North Central,Midwest,771228,293289,92766,71527
20232907,2023,Missouri,7,West North Central,Midwest,777886,314161,81444,60240
20232908,2023,Missouri,8,West North Central,Midwest,771880,299213,76900,58701
20233001,2023,Montana,1,Mountain,West,556623,229010,96479,70599
20233002,2023,Montana,2,Mountain,West,548449,223673,92563,69114
20233101,2023,Nebraska,1,West North Central,Midwest,656585,262068,100327,77380
20233102,2023,Nebraska,2,West North Central,Midwest,657288,260531,114429,82396
20233103,2023,Nebraska,3,West North Central,Midwest,652053,264286,86028,66736
20233201,2023,Nevada,1,Mountain,West,763217,287239,93359,67470
20233202,2023,Nevada,2,Mountain,West,783965,310163,110348,82815
20233203,2023,Nevada,3,Mountain,West,795278,309767,113356,80667
20233204,2023,Nevada,4,Mountain,West,798540,276224,92777,71818
20233301,2023,New Hampshire,1,New England,Northeast,694195,279126,125301,97362
20233302,2023,New Hampshire,2,New England,Northeast,693639,272060,122791,93978
20233401,2023,New Jersey,1,Middle Atlantic,Northeast,773787,296635,115353,88471
20233402,2023,New Jersey,2,Middle Atlantic,Northeast,779492,304385,112186,83571
20233403,2023,New Jersey,3,Middle Atlantic,Northeast,779285,290482,149729,113769
20233404,2023,New Jersey,4,Middle Atlantic,Northeast,780618,291706,132013,95512
20233405,2023,New Jersey,5,Middle Atlantic,Northeast,772595,285755,176876,131132
20233406,2023,New Jersey,6,Middle Atlantic,Northeast,773496,279879,134811,103302
20233407,2023,New Jersey,7,Middle Atlantic,Northeast,777102,295625,182666,133759
20233408,2023,New Jersey,8,Middle Atlantic,Northeast,758849,305635,122391,81478
20233409,2023,New Jersey,9,Middle Atlantic,Northeast,763146,273389,119674,88130
20233410,2023,New Jersey,10,Middle Atlantic,Northeast,765978,287268,102068,71062
20233411,2023,New Jersey,11,Middle Atlantic,Northeast,771662,285629,188033,134451
20233412,2023,New Jersey,12,Middle Atlantic,Northeast,771004,281967,149714,108871
20233501,2023,New Mexico,1,Mountain,West,709243,303956,93794,68383
20233502,2023,New Mexico,2,Mountain,West,704881,254584,75471,57028
20233503,2023,New Mexico,3,Mountain,West,700644,266481,85773,60767
20233601,2023,New York,1,Middle Atlantic,Northeast,778379,274885,176935,134743
20233602,2023,New York,2,Middle Atlantic,Northeast,774678,246543,149616,123518
20233603,2023,New York,3,Middle Atlantic,Northeast,773153,267868,187648,137770
20233604,2023,New York,4,Middle Atlantic,Northeast,772033,247521,172304,137263
20233605,2023,New York,5,Middle Atlantic,Northeast,792001,252078,111263,85500
20233606,2023,New York,6,Middle Atlantic,Northeast,738059,279029,108439,79859
20233607,2023,New York,7,Middle Atlantic,Northeast,745736,295839,128522,90196
20233608,2023,New York,8,Middle Atlantic,Northeast,769904,295092,93517,62703
20233609,2023,New York,9,Middle Atlantic,Northeast,749197,280060,104933,74202
20233610,2023,New York,10,Middle Atlantic,Northeast,732690,314942,202844,116134
20233611,2023,New York,11,Middle Atlantic,Northeast,753792,265771,119399,89683
20233612,2023,New York,12,Middle Atlantic,Northeast,716964,380891,242477,147255
20233613,2023,New York,13,Middle Atlantic,Northeast,786215,308818,87687,54087
20233614,2023,New York,14,Middle Atlantic,Northeast,720139,262214,92963,68421
20233615,2023,New York,15,Middle Atlantic,Northeast,751612,284261,68254,45635
20233616,2023,New York,16,Middle Atlantic,Northeast,776130,288554,171678,104787
20233617,2023,New York,17,Middle Atlantic,Northeast,775107,259825,173791,125810
20233618,2023,New York,18,Middle Atlantic,Northeast,781059,285085,121905,93417
20233619,2023,New York,19,Middle Atlantic,Northeast,773744,318811,94664,68506
20233620,2023,New York,20,Middle Atlantic,Northeast,780015,327878,110407,84757
20233621,2023,New York,21,Middle Atlantic,Northeast,772318,316223,90222,71346
20233622,2023,New York,22,Middle Atlantic,Northeast,769228,315029,95922,73121
20233623,2023,New York,23,Middle Atlantic,Northeast,772644,322701,93059,70756
20233624,2023,New York,24,Middle Atlantic,Northeast,774291,319181,90455,71020
20233625,2023,New York,25,Middle Atlantic,Northeast,771436,323919,100479,74115
20233626,2023,New York,26,Middle Atlantic,Northeast,771795,335938,86281,64316
20233701,2023,North Carolina,1,South Atlantic,South,750075,305461,74504,54958
20233702,2023,North Carolina,2,South Atlantic,South,753587,301052,138000,102125
20233703,2023,North Carolina,3,South Atlantic,South,752729,297277,82460,63275
20233704,2023,North Carolina,4,South Atlantic,South,752243,302018,105199,75224
20233705,2023,North Carolina,5,South Atlantic,South,749232,306067,81785,58753
20233706,2023,North Carolina,6,South Atlantic,South,750506,299596,89365,64864
20233707,2023,North Carolina,7,South Atlantic,South,765878,313044,88482,64103
20233708,2023,North Carolina,8,South Atlantic,South,757161,281355,96154,71349
20233709,2023,North Carolina,9,South Atlantic,South,754471,289242,86795,64346
20233710,2023,North Carolina,10,South Atlantic,South,757806,297180,89672,65827
20233711,2023,North Carolina,11,South Atlantic,South,752083,310069,86577,63021
20233712,2023,North Carolina,12,South Atlantic,South,754074,285775,106407,77079
20233713,2023,North Carolina,13,South Atlantic,South,774071,285278,108100,83964
20233714,2023,North Carolina,14,South Atlantic,South,760424,313510,130234,85709
20233800,2023,North Dakota,0,West North Central,Midwest,779361,325079,100487,75949
20233901,2023,Ohio,1,East North Central,Midwest,788977,327636,116090,78497
20233902,2023,Ohio,2,East North Central,Midwest,786699,308130,85172,64929
20233903,2023,Ohio,3,East North Central,Midwest,785542,331145,102064,70890
20233904,2023,Ohio,4,East North Central,Midwest,792206,307208,101540,76157
20233905,2023,Ohio,5,East North Central,Midwest,786317,317281,89841,69096
20233906,2023,Ohio,6,East North Central,Midwest,781400,325673,77307,59527
20233907,2023,Ohio,7,East North Central,Midwest,782342,319985,111796,84593
20233908,2023,Ohio,8,East North Central,Midwest,784950,304785,99056,77449
20233909,2023,Ohio,9,East North Central,Midwest,783014,331092,89005,65077
20233910,2023,Ohio,10,East North Central,Midwest,784850,330560,89198,66752
20233911,2023,Ohio,11,East North Central,Midwest,776190,353567,78934,51572
20233912,2023,Ohio,12,East North Central,Midwest,792715,298845,97026,73990
20233913,2023,Ohio,13,East North Central,Midwest,783863,333051,95392,69439
20233914,2023,Ohio,14,East North Central,Midwest,785287,324348,92248,68906
20233915,2023,Ohio,15,East North Central,Midwest,785694,316265,98692,76350
20234001,2023,Oklahoma,1,West South Central,South,799564,314564,97046,69305
20234002,2023,Oklahoma,2,West South Central,South,800101,305599,72935,54463
20234003,2023,Oklahoma,3,West South Central,South,797954,298778,76527,57932
20234004,2023,Oklahoma,4,West South Central,South,798638,307544,86988,65779
20234005,2023,Oklahoma,5,West South Central,South,799003,316295,102089,72855
20234101,2023,Oregon,1,Pacific,West,706333,297049,130354,96012
20234102,2023,Oregon,2,Pacific,West,707098,281293,87155,65531
20234103,2023,Oregon,3,Pacific,West,697979,278621,112477,85538
20234104,2023,Oregon,4,Pacific,West,707398,297783,89602,66715
20234105,2023,Oregon,5,Pacific,West,711303,280072,121174,89355
20234106,2023,Oregon,6,Pacific,West,708603,266730,109165,84014
20234201,2023,Pennsylvania,1,Middle Atlantic,Northeast,764829,292381,144879,111074
20234202,2023,Pennsylvania,2,Middle Atlantic,Northeast,751754,296239,83489,59781
20234203,2023,Pennsylvania,3,Middle Atlantic,Northeast,759251,343170,93851,62278
20234204,2023,Pennsylvania,4,Middle Atlantic,Northeast,768425,296987,148068,108583
20234205,2023,Pennsylvania,5,Middle Atlantic,Northeast,762831,291547,125478,86098
20234206,2023,Pennsylvania,6,Middle Atlantic,Northeast,771480,288593,143994,103651
20234207,2023,Pennsylvania,7,Middle Atlantic,Northeast,770006,296913,107899,80362
20234208,2023,Pennsylvania,8,Middle Atlantic,Northeast,765141,304399,87664,66602
20234209,2023,Pennsylvania,9,Middle Atlantic,Northeast,764854,307336,88397,68242
20234210,2023,Pennsylvania,10,Middle Atlantic,Northeast,772418,312049,103031,79951
20234211,2023,Pennsylvania,11,Middle Atlantic,Northeast,768324,294515,106808,84225
20234212,2023,Pennsylvania,12,Middle Atlantic,Northeast,761238,335478,97179,70333
20234213,2023,Pennsylvania,13,Middle Atlantic,Northeast,764623,307057,86075,67649
20234214,2023,Pennsylvania,14,Middle Atlantic,Northeast,760119,322051,87624,66147
20234215,2023,Pennsylvania,15,Middle Atlantic,Northeast,760232,302364,83931,63954
20234216,2023,Pennsylvania,16,Middle Atlantic,Northeast,763502,314466,88857,66474
20234217,2023,Pennsylvania,17,Middle Atlantic,Northeast,757491,329794,114732,83156
20234401,2023,Rhode Island,1,New England,Northeast,543443,217332,110745,82270
20234402,2023,Rhode Island,2,New England,Northeast,551928,219570,114519,90763
20234501,2023,South Carolina,1,South Atlantic,South,748351,297160,122121,87997
20234502,2023,South Carolina,2,South Atlantic,South,743300,294311,96233,72306
20234503,2023,South Carolina,3,South Atlantic,South,740360,291137,83616,60987
20234504,2023,South Carolina,4,South Atlantic,South,748540,297604,97404,70345
20234505,2023,South Carolina,5,South Atlantic,South,745996,290813,92356,67972
20234506,2023,South Carolina,6,South Atlantic,South,736924,299588,78223,53986
20234507,2023,South Carolina,7,South Atlantic,South,749303,299777,79943,57825
20234600,2023,South Dakota,0,West North Central,Midwest,899194,358552,95050,72421
20234701,2023,Tennessee,1,East South Central,South,775141,318304,77565,56252
20234702,2023,Tennessee,2,East South Central,South,781418,315703,96071,70169
20234703,2023,Tennessee,3,East South Central,South,778339,313193,91479,66236
20234704,2023,Tennessee,4,East South Central,South,784468,292377,86553,67039
20234705,2023,Tennessee,5,East South Central,South,780166,306063,131538,91860
20234706,2023,Tennessee,6,East South Central,South,780363,316889,87329,66241
20234707,2023,Tennessee,7,East South Central,South,777488,308508,97849,72502
20234708,2023,Tennessee,8,East South Central,South,765252,296860,98733,67059
20234709,2023,Tennessee,9,East South Central,South,763447,300846,74503,53748
20234801,2023,Texas,1,West South Central,South,773654,283342,86315,63555
20234802,2023,Texas,2,West South Central,South,784437,271509,132911,98833
20234803,2023,Texas,3,West South Central,South,809668,276856,149887,117653
20234804,2023,Texas,4,West South Central,South,795941,298901,128783,94632
20234805,2023,Texas,5,West South Central,South,787200,267639,97342,77349
20234806,2023,Texas,6,West South Central,South,774748,260762,99217,76551
20234807,2023,Texas,7,West South Central,South,791069,317202,124977,76380
20234808,2023,Texas,8,West South Central,South,800563,271899,113657,87034
20234809,2023,Texas,9,West South Central,South,760231,277602,88768,64144
20234810,2023,Texas,10,West South Central,South,780439,290338,121064,82786
20234811,2023,Texas,11,West South Central,South,768775,297352,94874,69804
20234812,2023,Texas,12,West South Central,South,789129,293147,113173,84782
20234813,2023,Texas,13,West South Central,South,773844,287200,88395,66013
20234814,2023,Texas,14,West South Central,South,770392,288611,102270,76794
20234815,2023,Texas,15,West South Central,South,776234,247730,79875,57557
20234816,2023,Texas,16,West South Central,South,772426,268072,78928,59436
20234817,2023,Texas,17,West South Central,South,784812,286587,88478,66048
20234818,2023,Texas,18,West South Central,South,772609,280753,95564,60901
20234819,2023,Texas,19,West South Central,South,768927,287241,85988,63027
20234820,2023,Texas,20,West South Central,South,784135,280722,79215,61570
20234821,2023,Texas,21,West South Central,South,793549,314549,127690,91642
20234822,2023,Texas,22,West South Central,South,807871,275249,135995,107377
20234823,2023,Texas,23,West South Central,South,757759,254718,104840,76344
20234824,2023,Texas,24,West South Central,South,758537,286374,173058,113159
20234825,2023,Texas,25,West South Central,South,793714,287752,100536,78504
20234826,2023,Texas,26,West South Central,South,801992,290248,146106,113835
20234827,2023,Texas,27,West South Central,South,771646,282798,87536,66652
20234828,2023,Texas,28,West South Central,South,774349,250927,82212,64381
20234829,2023,Texas,29,West South Central,South,757251,242879,72538,54599
20234830,2023,Texas,30,West South Central,South,771661,288805,94356,69722
20234831,2023,Texas,31,West South Central,South,810684,288841,120938,93699
20234832,2023,Texas,32,West South Central,South,764396,315050,101393,70578
20234833,2023,Texas,33,West South Central,South,775186,265643,81111,61989
20234834,2023,Texas,34,West South Central,South,773649,238399,68145,50985
20234835,2023,Texas,35,West South Central,South,789038,300061,91236,70734
20234836,2023,Texas,36,West South Central,South,773758,283274,99900,74848
20234837,2023,Texas,37,West South Central,South,770624,356515,135600,93313
20234838,2023,Texas,38,West South Central,South,775446,291693,153309,102921
20234901,2023,Utah,1,Mountain,West,833456,281591,116781,90549
20234902,2023,Utah,2,Mountain,West,836119,286668,106777,83103
20234903,2023,Utah,3,Mountain,West,818343,269100,126618,91520
20234904,2023,Utah,4,Mountain,West,843269,257537,119874,101856
20235000,2023,Vermont,0,New England,Northeast,645254,269466,103603,78024
20235101,2023,Virginia,1,South Atlantic,South,796108,305859,134092,103501
20235102,2023,Virginia,2,South Atlantic,South,785995,305248,117521,91821
20235103,2023,Virginia,3,South Atlantic,South,776669,314183,87173,66051
20235104,2023,Virginia,4,South Atlantic,South,790076,319906,91522,68552
20235105,2023,Virginia,5,South Atlantic,South,792934,313229,98235,70085
20235106,2023,Virginia,6,South Atlantic,South,786774,310804,91751,70243
20235107,2023,Virginia,7,South Atlantic,South,797241,271464,135390,110546
20235108,2023,Virginia,8,South Atlantic,South,775740,326512,175426,127899
20235109,2023,Virginia,9,South Atlantic,South,783052,316360,78667,56863
20235110,2023,Virginia,10,South Atlantic,South,791262,260280,190474,157857
20235111,2023,Virginia,11,South Atlantic,South,781648,282415,195449,158319
20235301,2023,Washington,1,Pacific,West,773262,297694,174404,131931
20235302,2023,Washington,2,Pacific,West,775731,311856,114962,87205
20235303,2023,Washington,3,Pacific,West,779567,298820,110418,87219
20235304,2023,Washington,4,Pacific,West,775997,270627,96370,74394
20235305,2023,Washington,5,Pacific,West,780504,307299,95696,71545
20235306,2023,Washington,6,Pacific,West,776086,316039,113762,86798
20235307,2023,Washington,7,Pacific,West,768537,360417,169086,122671
20235308,2023,Washington,8,Pacific,West,773534,278021,163033,122907
20235309,2023,Washington,9,Pacific,West,765852,288921,140137,97895
20235310,2023,Washington,10,Pacific,West,771914,290864,111316,91727
20235401,2023,West Virginia,1,South Atlantic,South,885040,358964,73185,52742
20235402,2023,West Virginia,2,South Atlantic,South,899422,362484,84358,63113
20235501,2023,Wisconsin,1,East North Central,Midwest,732332,298108,97947,77277
20235502,2023,Wisconsin,2,East North Central,Midwest,740255,318777,112256,85679
20235503,2023,Wisconsin,3,East North Central,Midwest,736688,299598,90440,70206
20235504,2023,Wisconsin,4,East North Central,Midwest,727084,301106,82188,57999
20235505,2023,Wisconsin,5,East North Central,Midwest,740019,304701,121356,94471
20235506,2023,Wisconsin,6,East North Central,Midwest,736607,308128,96308,74283
20235507,2023,Wisconsin,7,East North Central,Midwest,740211,310318,91497,71725
20235508,2023,Wisconsin,8,East North Central,Midwest,738827,305292,99671,77266
20235600,2023,Wyoming,0,Mountain,West,579761,238176,97459,74815
